aṛṇin,ī,
aṃśaka,ikā,
aṃśabhāgin,ī,
aṃśabhūta,,
aṃśahara,,
aṃśahārin,ī,
aṃśin,ī,
aṃsatrakośa,,
aṃsabhārika,ī,
aṃsala,,
aṃsebhārika,ī,
aṃsya,,
aṃhura,,
aṃholiṅga,,
akaca,,
akaṭuka,,
akaṭhora,,
akaṇaka,,
akaṇṭaka,,
akaṇṭha,,
akatthana,,
akathya,,
akampita,,
akampya,,
akaraṇīya,,
akara,,
akaruṇa,,
akarkaśa,,
akarṇaka,,
akarṇadhāra,,
akarṇīya,,
akarṇya,,
akarmaka,,
akarmaṇya,,
akarmānvita,,
akalaṅka,,
akala,,
akalita,,
akalkana,,
akalkala,,
akalka,,
akalpita,,
akalmāṣa,ī,
akalyāṇa,,
akavaca,,
akava,,
akāṇḍapātajāta,,
akāṇḍa,,
akātara,,
akāmakarśana,,
akāmahata,,
akāmin,ī,
akāya,,
akāraṇa,,
akāraṇotpanna,,
akārin,ī,
akārṇaveṣṭakika,ī,
akāryakārin,ī,
akārya,,
akālaja,,
akālajāta,,
akālasaha,,
akāla,,
akālotpanna,,
akālya,,
akiṃcitkara,,
akiñcana,,
akilina,,
akilviṣa,,
akīrtikara,,
akuṇṭha,,
akuṇṭhita,,
akuṇḍala,,
akutaścidbhaya,,
akutūhala,,
akutobhaya,,
akutracabhaya,,
akutsita,,
akulaka,,
akula,,
akulīna,,
akuśīda,,
akusīda,,
akusuma,,
akūjana,,
akūja,,
akūpāra,,
akṛcchrin,ī,
akṛtakārya,,
akṛtakṛtya,,
akṛtacūḍa,,
akṛtajña,,
akṛtaśmaśāna,,
akṛtārtha,,
akṛtāstra,,
akṛtin,ī,
akṛtta,,
akṛtyakārin,ī,
akṛtya,,
akṛpaṇa,,
akṛpa,,
akṛmiparisṛpta,,
akṛśa,,
akṛśāśva,,
akṛṣṭapacya,,
akṛṣṭa,,
aketana,,
akopana,,
akopya,,
akovida,,
akta,,
aknopana,,
akrandita,,
akrama,,
akravihasta,,
akravyāda,,
akra,,
akrānta,,
akriya,,
akrīta,,
akrūra,,
akrodhana,,
akrodhamaya,,
akrodha,,
akliṣṭakārin,ī,
akliṣṭavrata,,
akliṣṭa,,
aklība,,
akledya,,
akṣakāma,,
akṣakuśala,,
akṣaṇa,,
akṣata,,
akṣatra,,
akṣadrugdha,,
akṣadhara,,
akṣapriya,,
akṣamālin,ī,
akṣamin,ī,
akṣayaguṇa,,
akṣayin,ī,
akṣayya,,
akṣaraśūnya,,
akṣara,,
akṣavṛtta,,
akṣaśīla,,
akṣaśauṇḍa,,
akṣasūtravalayin,ī,
akṣahṛdayajña,,
akṣānta,,
akṣāramadyamāṃsāda,,
akṣāralavaṇa,,
akṣāralavaṇāśin,ī,
akṣāra,,
akṣigata,,
akṣitavya,,
akṣita,,
akṣiba,,
akṣīṇa,,
akṣība,,
akṣīyamāṇa,,
akṣuṇṇa,,
akṣudra,,
akṣudhya,,
akṣetra,,
akṣetrin,ī,
akṣodhuka,,
akṣobha,,
akṣobhya,,
akṣṇayākṛta,,
akṣyāmayin,ī,
akhaṇḍakala,,
akhaṇḍamaṇḍala,,
akhaṇḍa,,
akhaṇḍita,,
akharva,,
akhāta,,
akhādya,,
akhinna,,
akhedin,ī,
akhyāta,,
akhyātikara,,
agaccha,,
agaja,,
agaṇitapratiyāta,,
agaṇitalajja,,
agaṇita,,
agata,,
agada,,
agadita,,
agandhasevin,ī,
agandha,,
agandhin,ī,
agama,,
agamyarūpa,,
agamya,,
agamyāgamanīya,,
agamyāgāmin,ī,
agartaskandya,,
agarbha,,
agarva,,
agarhita,,
agastīya,,
agastyagṛhaspatika,,
agastyaśāsta,,
aga,,
agādhajala,,
agārin,ī,
agālita,,
agīta,,
aguṇavādin,ī,
aguṇaśīla,,
aguṇa,,
aguṇin,ī,
agupta,,
agūḍhabhāva,,
agūḍha,,
agṛbhīta,,
agṛha,,
agṛhīta,,
agṛhya,,
agocara,,
agorudha,,
agohya,,
agnikalpa,,
agnikṛta,,
agnija,,
agnijihva,,
agnijyeṣṭha,,
agnijvalitatejana,,
agnitapta,,
agnidagdha,,
agnidīpana,ī,
agnidīpta,,
agnidūta,,
agnidūṣita,,
agnidevata,,
agninunna,,
agninetra,,
agninyakta,,
agnipakva,,
agnipurogama,,
agnipraṇayanīya,,
agnimanthanīya,,
agnimantha,,
agnimaya,ī,
agnimukha,,
agnimūḍha,,
agniyauna,,
agnirūpa,,
agniretasa,,
agnivardhaka,,
agnivardhana,,
agnivaha,,
agnivārtta,,
agniśikha,,
agniṣṭomayājin,ī,
agniṣṭha,,
agnisaṃkāśa,,
agnisaṃdīpana,,
agnisambhava,,
agnisākṣikamaryāda,,
agnisākṣika,,
agnisparśa,,
agnihuta,,
agnihotraprāyaṇa,,
agnihotra,,
agnihotrāyaṇin,ī,
agnihotrin,ī,
agnihvara,,
agnīya,,
agnīṣomīya,,
agnyātmaka,ikā,
agnyutsādin,ī,
agragaṇya,,
agragāmin,ī,
agraja,,
agrataḥsara,ī,
agrapradāyin,ī,
agrapraśīrṇa,,
agrabīja,,
agrabhaṇa,,
agrabhojya,,
agrayāyin,ī,
agraśikha,,
agrasara,ī,
agrasta,,
agrahaṇa,,
agraha,,
agra,,
agrāmya,,
agrāśana,,
agrāhin,ī,
agrāhyaka,,
agrāhya,,
agrima,,
agriya,,
agrīya,,
agrega,,
agretana,,
agresara,ī,
agropaharaṇīya,,
aghaghna,,
aghaṭamāna,,
aghaṭitaghaṭita,,
aghana,,
aghanāśaka,,
aghamarṣaṇa,,
aghamāra,,
agharma,,
aghaśaṃsa,,
aghaśaṃsin,ī,
agha,,
aghātin,ī,
aghātuka,,
aghārin,ī,
aghāśva,,
aghāsaka,,
aghūrṇa,,
aghṛṇa,,
aghṛṇin,ī,
aghoraghoratara,,
aghora,,
aghoṣa,,
aghaughamarṣaṇa,,
aghreya,,
aṅkagata,,
aṅkana,,
aṅkita,,
aṅkin,ī,
aṅkurita,,
aṅkuśita,,
aṅkuśin,ī,
aṅkya,,
aṅgaja,,
aṅgajāta,,
aṅgajvara,,
aṅgadin,ī,
aṅgadīya,,
aṅgabheda,,
aṅgaruha,,
aṅgareja,,
aṅgavāhaka,,
aṅgahīna,,
aṅga,,
aṅgānukūla,,
aṅgārakita,,
aṅgārita,,
aṅgārin,ī,
aṅgārīya,,
aṅgin,ī,
aṅgirastama,,
aṅgīkṛta,,
aṅgīya,,
aṅgulapramāṇa,,
aṅgulamāna,,
aṅgulimātra,,
aṅguliṣaṅga,,
aṅguṣṭhamātraka,ikā,
aṅguṣṭhamātraka,ī,
aṅguṣṭhamātra,ī,
aṅgoṣin,ī,
aṅgya,,
aṅghripāna,,
aṅghryavanejana,ī,
acakra,,
acakṣurviṣaya,,
acakṣuṣka,,
acaṇḍa,,
acatura,,
acandra,,
acapala,,
acaraṇīya,,
acarama,,
acara,,
acarmaka,,
acākrika,,
acita,,
acitta,,
acitra,,
acintita,,
acintyarūpa,,
acintya,,
aciramṛta,,
acira,,
acetana,,
acetāna,,
aceṣṭa,,
acchandaska,,
accha,,
acchāya,,
acchāvākīya,,
acchidyamāna,,
acchidra,,
acchidroktha,,
acchinnaparṇa,,
acchinna,,
accheta,,
acchetya,,
acchedika,,
acchedya,,
acchera,,
acchoda,,
acyāvin,ī,
acyuta,,
ajakāva,,
ajaghanya,,
ajaḍa,,
ajana,,
ajanta,,
ajanya,,
ajapada,,
ajapāda,,
ajamukha,,
ajaya,,
ajayya,,
ajara,,
ajarāmara,,
ajarya,,
ajasra,,
aja,,
ajākṛpāṇīya,,
ajāgara,,
ajātapakṣa,,
ajātavyañjana,,
ajāta,,
ajātānuśaya,,
ajāpālaka,,
ajāyamāna,,
ajita,,
ajitendriya,,
ajinavāsin,ī,
ajira,,
ajirīya,,
ajihmaga,,
ajihma,,
ajihmāgra,,
ajihvaka,,
ajihva,,
ajīta,,
ajīrṇa,,
ajīrṇin,ī,
ajīvana,,
ajīva,,
ajugupsita,,
ajuṣṭa,,
ajetavya,,
ajeya,,
ajoṣya,,
ajña,,
ajñātaka,,
ajñātakulaśīla,,
ajñātaketa,,
ajñātabhukta,,
ajñātavāsa,,
ajñātaśīla,,
ajñāta,,
ajñānakṛta,,
ajñāna,,
ajñānin,ī,
ajñeya,,
ajyeṣṭha,,
ajrya,,
ajvin,ī,
añcitapattrākṣa,,
añcitalāṅgūla,,
añcita,,
añjanakeśa,ī,
añjalīkṛta,,
añjasa,,
añjasāyana,ī,
añjasīna,,
añjiva,,
añjisaktha,,
añjyeta,,
añśera,,
aṭaka,,
aṭana,,
aṭala,,
aṭāṭyamāna,,
aṭṭa,,
aṇaka,,
aṇakīya,,
aṇiṣṭha,,
aṇīyaska,,
aṇuka,,
aṇutara,,
aṇumātra,,
aṇumātrika,,
aṇuvādin,ī,
aṇṭhita,,
aṇḍaja,,
aṇḍara,ī,
aṇḍākāra,,
atajjña,,
ataṭa,,
atathocita,,
atathya,,
atadarha,,
ataddhita,,
atantra,,
atandra,,
atandrita,,
atandrin,ī,
atapaska,,
atapasya,,
atapta,,
atapyamāna,,
atamāviṣṭa,,
atamisra,,
atara,,
ataritra,,
atarka,,
atarkita,,
atarkitopapanna,,
atarkya,,
atalasparśa,,
atasāyya,,
ataskara,,
atasthāna,,
atāpasa,,
atikaṭhora,,
atikatha,,
atikalyāṇa,ī,
atikaśa,,
atikānta,,
atikāya,,
atikiriṭa,,
atikirīṭa,,
atikutsita,,
atikulva,,
atikṛcchra,,
atikṛta,,
atikṛtārtha,,
atikṛśa,,
atikṛṣṇa,,
atikramaṇa,ī,
atikramaṇīya,,
atikramin,ī,
atikrāntaniṣedha,,
atikrānta,,
atikrāntātikrānta,,
atikrāmaka,,
atikruddha,,
atikṣipta,,
atikhaṭva,,
atikhara,,
atigaṇḍa,,
atigata,,
atigandha,,
atigarvita,,
atigava,,
atigahana,,
atiga,,
atigāḍha,,
atiguṇa,,
atigupta,,
atighnya,,
aticaṇḍa,,
aticara,,
aticārin,ī,
aticira,,
atijana,,
atijara,,
atijala,,
atijava,,
atijāgara,,
atijāta,,
atijīrṇa,,
atijīva,,
atitata,,
atitapasvin,ī,
atitārin,ī,
atitikṣamāṇa,,
atitīkṣṇa,,
atitīvra,,
atitṛṇṇa,,
atitṛṣṇa,,
atithideva,,
atithidharmin,ī,
atithin,ī,
atithyartha,,
atidagdha,,
atidantura,,
atidarpa,,
atidarśin,ī,
atidāruṇa,,
atidiṣṭa,,
atidīrgha,,
atiduḥkhita,,
atiduḥsaha,,
atidurgata,,
atidurdharṣa,,
atidurlambha,,
atiduṣkara,,
atiduṣkhita,,
atidūra,,
atideśa,,
atidvaya,,
atidhavala,,
atināṣṭra,,
atinidra,,
atinipuṇa,,
atinīca,,
atipatita,,
atipada,,
atipanna,,
atipara,,
atiparokṣa,,
atipātita,,
atipātin,ī,
atipātya,,
atipāraya,,
atipūta,,
atipeśala,,
atiprakāśa,,
atipramāṇa,,
atipraviddha,,
atipravṛddha,,
atipraśnya,,
atiprasiddha,,
atiprasṛta,,
atiprāṇapriya,,
atiprauḍhayauvana,,
atiprauḍha,,
atibala,,
atibālaka,,
atibībhatsa,,
atibodhisattva,,
atibhārabhūta,,
atibhīṣaṇa,,
atibhṛta,,
atimaṅgalya,,
atimartya,,
atimaryāda,,
atimātra,,
atimānita,,
atimānin,ī,
atimānuṣa,,
atimāya,,
atimāruta,,
atimāla,,
atimita,,
atimirmira,,
atimukta,,
atimemiṣa,,
atimokṣin,ī,
atiyaśa,,
atirakta,,
atirātra,,
atirikta,,
atiriktāṅga,,
atirucira,,
atirūpa,,
atirekin,ī,
atiromaśa,,
atilamba,,
atilubdha,,
atilulita,,
atilobha,,
atilomaśa,,
atiloma,,
atilohita,,
ativakra,,
ativartin,ī,
ativartula,,
ativādin,ī,
ativāhika,,
ativāhya,,
ativikaṭa,,
atividdha,,
ativipina,,
ativilambin,ī,
ativiśrabdha,,
ativiṣa,,
ativṛṃhita,,
ativṛddha,,
ativṛṣṭihata,,
ativela,,
ativaiśasa,,
ativyasta,,
ativyādhin,ī,
ativyādhya,,
ativyāpta,,
atiśakta,,
atiśakra,,
atiśayana,ī,
atiśaya,,
atiśayita,,
atiśayin,ī,
atiśasta,,
atiśastra,,
atiśākvara,,
atiśāta,,
atiśāyin,ī,
atiśiṣṭa,,
atiśukra,,
atiśukla,,
atiśobhana,,
atiśreṣṭha,,
atiślakṣṇa,,
atiśva,ī,
atiṣakta,,
atiṣita,,
atisaṃtapta,,
atisaṃdheya,,
atisaṃskṛta,,
atisandhita,,
atisamartha,,
atisamīpa,,
atisarva,,
atisāṃvatsara,,
atisārakin,ī,
atisārin,ī,
atisujana,,
atisundara,,
atisulabha,,
atisuhita,,
atisṛjya,,
atisauparṇa,,
atisaurabha,,
atisthira,,
atisthūla,,
atisnigdha,,
atisphira,,
atisrāvita,,
atisruta,,
atisvastha,,
atisvārya,,
atisvinna,,
atihata,,
atihita,,
atihrasva,,
atīkṣṇa,,
atītanauka,,
atīta,,
atīndriya,,
atīrṇa,,
atīvra,,
atīsārakin,ī,
atīsārin,ī,
atuṅga,,
atunda,,
atura,,
atula,,
atulya,,
atuṣa,,
atūrta,,
atṛdila,,
atṛpa,,
atṛpta,,
atṛṣita,,
atṛṣya,,
atejaska,,
atejasvin,ī,
atejomaya,,
ataijasa,,
atailapūra,,
atonya,,
atoṣaṇīya,,
attavya,,
atyakṣara,,
atyagnisomārka,,
atyagra,,
atyaṅkuśa,,
atyaṅgula,,
atyadbhuta,,
atyanila,,
atyantakopana,,
atyantagata,,
atyantaga,,
atyantagāmin,ī,
atyantaguṇin,ī,
atyantasukumāra,,
atyanta,,
atyantika,,
atyantīna,,
atyabhisṛta,,
atyamarṣaṇa,,
atyamarṣin,ī,
atyamla,,
atyayin,ī,
atyartha,,
atyalpa,,
atyasama,,
atyasta,,
atyahna,,
atya,,
atyākhaṇḍalavikrama,,
atyācāra,,
atyāditya,,
atyānanda,,
atyāśita,,
atyāsanna,,
atyāsārin,ī,
atyāhārin,ī,
atyāhita,,
atyugra,,
atyutkaṭa,,
atyudāra,,
atyupadha,,
atyulbaṇa,,
atyulvaṇa,,
atyuṣṇa,,
atyūrdhvākṣa,,
atratya,,
atrapa,,
atra,,
atrāsita,,
atrijāta,,
atrirātrayājin,ī,
atvakka,,
atvara,,
atsaruka,,
atharya,,
atharvāṅgirasa,,
adaka,,
adakṣa,,
adakṣiṇa,,
adakṣiṇīya,,
adakṣiṇya,,
adagdha,,
adaṇḍanīya,,
adaṇḍavāsika,,
adaṇḍa,,
adaṇḍya,,
adatka,,
adatta,,
adanīya,,
adantaka,,
adantajāta,,
adanta,,
adantāghātin,ī,
adantya,,
adabdha,,
adabha,,
adabhra,,
adambha,,
adamya,,
adaya,,
adara,,
adarśana,,
adarśanīya,,
adala,,
adaśamāsya,,
adasīya,ī,
adasta,,
ada,,
adāna,,
adānīya,,
adānta,,
adānya,,
adābhya,,
adāyāda,ī,
adāyika,,
adāyin,ī,
adāhuka,,
adāhya,,
adikka,,
adīkṣita,,
adīnasattva,,
adīna,,
adīpita,,
adīrghadarśin,ī,
adīrghasūtra,,
adīrgha,,
aduḥkha,,
adugdha,,
aducchuna,,
adurga,,
adurmakha,,
adurvṛtta,,
aduṣṭa,,
aduhāna,,
adūna,,
adūrabhava,,
adūra,,
adūṣita,,
adṛḍha,,
adṛpita,,
adṛpta,,
adṛśya,,
adṛṣṭaja,,
adṛṣṭapūrva,,
adṛṣṭaphala,,
adṛṣṭarūpa,,
adṛṣṭa,,
adṛṣṭārtha,,
adeya,,
adevatra,,
adevamātṛka,,
adeva,,
adeśaja,,
adeśastha,,
adeśika,,
adeśya,,
adaiva,,
adomada,,
adomadha,,
adomaya,,
adomūla,,
adoṣadarśin,ī,
adoṣa,,
addhātama,,
addhyālohakarṇa,,
adbhutagandha,,
adbhutadarśana,,
adbhutarūpa,,
adbhutasaṃkāśa,,
adbhuta,,
adbhutārtha,,
adbhutopama,,
admara,,
adyatana,ī,
adyatanīya,,
adyaśva,,
adyaśvīna,,
adya,,
adyūtya,,
adyotaka,,
adrava,,
adravya,,
adrija,,
adrijūta,,
adridugdha,,
adribudhna,,
adriṣuta,,
adrisaṃhata,,
adrisāramaya,,
adruta,,
adruhāṇa,,
adreśya,,
adrogha,,
adroghāvita,,
adrohin,ī,
advaya,,
advayāvin,ī,
advādaśāha,,
advija,,
advitīya,,
advivarṣa,,
adviṣeṇya,,
adveṣarāgin,ī,
adveṣa,,
adveṣin,ī,
advaita,,
advaidha,,
adhaḥkṛta,,
adhaḥkhāta,,
adhaḥprāṅśāyin,ī,
adhaḥśaya,,
adhaḥśayya,,
adhaḥśāyin,ī,
adhaḥsaṃveśin,ī,
adhaḥstha,,
adhaḥsthānāsana,,
adhaḥsthita,,
adhana,,
adhanya,,
adhapriya,,
adhama,,
adhamācāra,,
adhamādhama,,
adhamārdhya,,
adharamūla,,
adharasapatna,,
adhara,,
adharācīna,,
adharācya,,
adharima,,
adharīkṛta,,
adharīṇa,,
adharībhūta,,
adharottara,,
adharmacārin,ī,
adharmamaya,,
adharmin,ī,
adharmiṣṭha,,
adharmya,,
adhastana,,
adhaspada,,
adhāraṇaka,,
adhārayamāṇa,,
adhārmika,,
adhārya,,
adhāsanaśāyin,ī,
adhikakṣayakārin,ī,
adhikaraṇa,,
adhikaṣāṣṭika,,
adhikasāptatika,,
adhika,,
adhikākṣara,,
adhikāṅga,ī,
adhikādhika,,
adhikāraka,,
adhikārastha,,
adhikārāḍhya,,
adhikārin,ī,
adhikārtha,,
adhikṛta,,
adhikopama,,
adhikṣipadabjanetra,,
adhikṣipta,,
adhigata,,
adhigantavya,,
adhigamanīya,,
adhigamya,,
adhigartya,,
adhigava,,
adhiguṇa,,
adhigupta,,
adhicaṅkrama,,
adhicara,,
adhija,,
adhijya,,
adhidārva,,
adhidaivika,,
adhipāṃśula,,
adhipāṃsula,,
adhipeṣaṇa,,
adhimanthana,,
adhimanthita,,
adhimātra,,
adhimukta,,
adhiyajña,,
adhiratha,,
adhirukma,,
adhirūḍhasamādhiyoga,,
adhirūḍha,,
adhirūḍhākarṇa,,
adhiropita,,
adhiroha,,
adhirohin,ī,
adhivastra,,
adhivāsanīya,,
adhivāsita,,
adhivāsin,ī,
adhivīta,,
adhiśayana,,
adhiśayita,,
adhiśasta,,
adhiśrayaṇīya,,
adhiśrita,,
adhiṣavaṇa,,
adhiṣṭhāyaka,,
adhiṣṭhita,,
adhiṣṭheya,,
adhisyada,,
adhītarasa,,
adhīta,,
adhītin,ī,
adhīna,,
adhīyāna,,
adhīra,,
adhīlohakarṇa,,
adhīṣṭa,,
adhunātana,ī,
adhura,,
adhūmaka,,
adhṛta,,
adhṛṣṭa,,
adhṛṣya,,
adhairya,,
adhokṣa,,
adhogata,,
adhogāmin,ī,
adhonivīta,,
adhobhava,,
adhobhāgadoṣahara,,
adhomayūkha,,
adhovadana,,
adhovekṣin,ī,
adhyaṃsa,,
adhyakta,,
adhyadhīna,,
adhyayanīya,,
adhyardhakaṃsa,ī,
adhyardhaka,,
adhyardhakākiṇīka,,
adhyardhakārṣāpaṇa,,
adhyardhakārṣāpaṇika,,
adhyardhakhārīka,,
adhyardhapaṇya,,
adhyardhapādya,,
adhyardhapratika,,
adhyardhamāṣya,,
adhyardhaviṃśatikīna,,
adhyardhaśatamāna,,
adhyardhaśata,,
adhyardhaśatya,,
adhyardhaśāṇa,,
adhyardhaśāṇya,,
adhyardhaśātamāna,,
adhyardhaśūrpa,,
adhyardhasahasra,,
adhyardhasāhasra,,
adhyardhasuvarṇa,,
adhyardhasauvarṇika,,
adhyavasāyayukta,,
adhyavasāyita,,
adhyavasāyin,ī,
adhyavasita,,
adhyavaseya,,
adhyavahanana,,
adhyasta,,
adhyājya,,
adhyātma,,
adhyātmika,ī,
adhyāpaka,,
adhyāpita,,
adhyāpya,,
adhyāyin,ī,
adhyārūḍha,,
adhyāropita,,
adhyāsita,,
adhyāsin,ī,
adhyāsīna,,
adhyāharaṇīya,,
adhyāhartavya,,
adhyāhṛta,,
adhyuṣita,,
adhyuṣṭa,,
adhyūḍha,,
adhyetavya,,
adhyeya,,
adhrija,,
adhriyamāṇa,,
adhvagāmin,ī,
adhvarakalpa,,
adhvaraga,,
adhvarastha,,
adhvara,,
adhvartavya,,
adhvaśīla,,
adhvāpanna,,
anaṃśa,,
anaṃśin,ī,
anaka,,
anakāmamāra,,
anakṣara,,
anakṣika,,
anakṣita,,
anagnidagdha,,
anaṅkuśa,,
anaṅgamejaya,,
anaṅguṣṭha,,
anaccha,,
anañjana,,
anaḍutka,,
anaḍudarha,,
anata,,
anatikramaṇīya,,
anatidagdha,,
anatidṛśna,,
anatidṛśya,,
anatidbhuta,,
anatipraśnya,,
anatimānin,ī,
anatirikta,,
anativyādhya,,
anatisṛṣṭa,,
anatyaya,,
anatyudya,,
anadhika,,
anadhikārin,ī,
anadhikṛta,,
anadhigatamanoratha,,
anadhigataśāstra,,
anadhigata,,
anadhigamanīya,,
anadhigamya,,
anadhiṣṭhita,,
anadhītya,,
anadhīnaka,,
anadhīna,,
anadhīyāna,,
anadhīṣṭa,,
anadhyakṣa,,
anadhyavasita,,
ananaṅgamejaya,,
ananujñāta,,
ananudhyāyin,ī,
ananubhāvaka,,
ananubhūta,,
ananumata,,
ananuyāja,,
ananuyoga,,
ananuvākya,,
ananuṣaṅgin,ī,
ananūkta,,
ananūyāja,,
ananṛta,,
anantakara,,
anantaka,,
anantaga,,
anantaguṇa,,
anantatāna,,
anantapāra,,
anantamāyin,ī,
anantarita,,
anantarīya,,
anantarūpa,,
anantarhita,,
anantaśuṣma,,
anantya,,
ananda,,
anandha,,
ananyakārya,,
ananyagatika,,
ananyagāmin,ī,
ananyacitta,,
ananyacodita,,
ananyadeva,,
ananyaniṣpādya,,
ananyaparāyaṇa,,
ananyapratikriya,,
ananyabhava,,
ananyabhāva,,
ananyamanaska,,
ananyamānasa,,
ananyavandin,ī,
ananyaviṣaya,,
ananyasādhāraṇa,,
ananyahṛta,,
ananyādṛśa,ī,
ananyārtha,,
ananyāśrita,,
ananvāgata,,
ananvābhakta,,
ananvita,,
anapakārin,ī,
anapakṛta,,
anapakramin,ī,
anapakṣepya,,
anapacāyyamāna,,
anapacyuta,,
anapatyaka,,
anapatrapa,,
anapadoṣya,,
anapara,,
anaparāddha,,
anaparādha,,
anaparādhin,ī,
anaparuddha,,
anapalāṣuka,,
anapavācana,,
anapavṛjya,,
anapasara,,
anapasphura,,
anapa,,
anapāyadṛṣṭa,,
anapāya,,
anapāyin,ī,
anapāśraya,,
anapinaddha,,
anapūpīya,,
anapūpya,,
anapekṣamāṇa,,
anapekṣa,,
anapekṣita,,
anapekṣin,ī,
anapeta,,
anapoddhārya,,
anapta,,
anabhigata,,
anabhijita,,
anabhijña,,
anabhibhūta,,
anabhimata,,
anabhimānuka,,
anabhimlātavarṇa,,
anabhimlāta,,
anabhirūpa,,
anabhilāṣin,ī,
anabhilulita,,
anabhivāduka,,
anabhivādya,,
anabhivyakta,,
anabhiśasta,,
anabhiṣekya,,
anabhiṣecanīya,,
anabhisandhikṛta,,
anabhisambandha,,
anabhisneha,,
anabhihita,,
anabhyārūḍha,,
anabhyārohya,,
anabhyāśa,,
anabhyāsamitya,,
anabhyāsa,,
anamitampaca,,
anamitra,,
anamin,ī,
anambara,,
anayaṃgata,,
anargala,,
anargha,,
anarghya,,
anarjuna,,
anarthakara,,
anarthaka,,
anarthakāma,,
anarthadarśin,ī,
anarthabhāva,,
anarthalupta,,
anartha,,
anarthāvekṣa,,
anarthya,,
anardhuka,,
anarvaṇa,,
anarva,,
anarha,,
analada,,
analadīpana,,
analasa,,
analpaghoṣa,,
analpa,,
anavagata,,
anavagāhin,ī,
anavagāhya,,
anavagīta,,
anavagraha,,
anavacchinna,,
anavadānīya,,
anavadyāṅga,ī,
anavadrāṇa,,
anavadharṣya,,
anavadhāna,,
anavadhṛṣya,,
anavana,ī,
anavapṛgṇa,,
anavabudhyamāna,,
anavabrava,,
anavamṛśya,,
anavarata,,
anavara,,
anavarāgra,,
anavarārdhya,,
anavaruddha,,
anavarodhya,,
anavarṇa,,
anavalamba,,
anavalambita,,
anavalepa,,
anavalopa,,
anavasara,,
anavasa,,
anavasāna,,
anavasita,,
anavaskara,,
anavastha,,
anavasthāna,,
anavasthāyin,ī,
anavasthitacitta,,
anavasthita,,
anavahita,,
anavahvara,,
anavāpta,,
anavāya,,
anavithya,,
anavekṣa,,
anaveta,,
anaveṣṭa,,
anavrata,,
anaśana,,
anaśanāya,,
anaśvara,,
anaśva,,
anaṣṭa,,
anasūyaka,,
anasūya,,
anastamita,,
anastha,,
anasvin,ī,
anahaṃkāra,,
anahaṃkṛta,,
anahaṃvādin,ī,
anaha,,
anākāra,,
anākārita,,
anākāśa,,
anākṛta,,
anāktākṣa,,
anākrānta,,
anākṣārita,,
anāgata,,
anāgama,,
anāgamya,,
anāgarta,,
anāgāmin,ī,
anāgāmuka,,
anāgūrtin,ī,
anācāra,,
anācārin,ī,
anācāryabhogīna,,
anācīrṇa,,
anācchṛṇṇa,,
anājñaptakārin,ī,
anājñapta,,
anājñāta,,
anāḍhya,,
anātata,,
anātapa,,
anātura,,
anātmaka,,
anātmajña,,
anātmanīna,,
anātmya,,
anātyantika,,
anādadāna,,
anādara,,
anādarin,ī,
anādinidhana,,
anādin,ī,
anādimadhyānta,,
anādiṣṭa,,
anādīnava,,
anādṛta,,
anādeya,,
anādeśakara,,
anādyananta,,
anādyanta,,
anādya,,
anādhṛṣṭa,,
anādhṛṣya,,
anānata,,
anānukṛtya,,
anānuda,,
anānudiṣṭa,,
anāntarīyaka,,
anāpanna,,
anāpūyita,,
anāpta,,
anāpya,,
anāprīta,,
anāpluta,,
anāplutāṅga,,
anābādha,,
anābhayin,ī,
anābhoga,,
anābhyudayika,,
anāmaka,,
anāmin,ī,
anāmiṣa,,
anāmṛṇa,,
anāmṛta,,
anāmnāta,,
anāmya,,
anāyatana,,
anāyata,,
anāyatta,,
anāyasāgra,,
anāyāsakṛta,,
anāyāsa,,
anāyudha,,
anāyuvāna,,
anāyuṣya,,
anārata,,
anārabhya,,
anārabhyādhīta,,
anārambaṇa,,
anārambhaṇa,,
anārambha,,
anārūḍha,,
anāroka,,
anārogyakara,,
anārogya,,
anārtava,,
anārta,,
anārtvijīna,,
anāryaja,,
anāryajuṣṭa,,
anārya,,
anārṣa,,
anārṣeya,,
anālabdha,,
anālambana,,
anālamba,,
anālayana,,
anāla,,
anālāpa,,
anālocita,,
anāviddha,,
anāvila,,
anāvṛta,,
anāvṛtta,,
anāvṛttibhaya,,
anāvedita,,
anāvyādha,,
anāvraska,,
anāśasta,,
anāśa,,
anāśita,,
anāśin,ī,
anāśiṣṭa,,
anāśīrka,,
anāścarya,,
anāśya,,
anāśraya,,
anāśrita,,
anāśvāsika,,
anāṣṭra,,
anāsa,,
anāsāditavigraha,,
anāsādita,,
anāsādya,,
anāsika,,
anāstika,,
anāstha,,
anāsthāna,,
anāsmāka,,
anāsravaprakāra,,
anāsrava,,
anāsrāva,,
anāsvāda,,
anāsvādita,,
anāhata,,
anāhanasya,,
anāhāra,,
anāhārin,ī,
anāhārya,,
anāhita,,
anāhūta,,
anāhūtopaviṣṭa,,
anāhlāda,,
anāhlādita,,
aniḥśasta,,
aniḥṣṭubdha,,
aniketana,,
aniketa,,
anikṣipya,,
anigīrṇa,,
anigupta,,
anigraha,,
aniṅgana,,
aniṅga,,
aniṅgyamāna,,
anicaya,,
anicchaka,,
aniccha,,
anijaka,,
anita,,
anitya,,
anidāna,,
anidrita,,
anidhṛṣṭa,,
anidhma,,
anina,,
anindanīya,,
anindita,,
anindya,,
anipadyamāna,,
anibaddhapralāpin,ī,
anibaddha,,
anibandhana,,
anibādha,,
anibhṛta,,
anibhṛṣṭa,,
anibhya,,
animantritabhojin,ī,
animantrita,,
animāna,,
animittanirākṛta,,
animiṣa,,
animiṣākṣa,ī,
animiṣita,,
animeṣa,,
aniyata,,
aniyantraṇānuyoga,,
aniyama,,
aniyamita,,
aniyasita,,
aniyukta,,
aniyogin,ī,
aniraśita,,
anira,,
anirākṛta,,
anirākṛtin,ī,
anirāhita,,
anirukta,,
aniruddha,,
anirupta,,
anirūpita,,
anirghātya,,
anirjita,,
anirṇīta,,
anirṇeya,,
anirdāhuka,,
anirdiśya,,
anirdiṣṭa,,
anirdeśya,,
anirdhārita,,
anirdhārya,,
anirbhara,,
anirmala,,
anirlocita,,
anirloḍita,,
anirvacanīya,,
anirvartyamāna,,
anirvācya,,
anirvāṇa,,
anirvāhaṇaśīla,,
anirvāhya,,
anirviṇṇa,,
anirvṛta,,
anirvṛtta,,
anirvedita,,
anirveśa,,
anirhata,,
anilaghna,,
anilāpaha,,
anilāśin,ī,
anilāhata,,
anivartana,,
anivartin,ī,
anivārita,,
anivārya,,
anivṛta,,
anivṛtta,,
aniveditavijñāta,,
anivedita,,
aniveṣṭyamāna,,
aniśa,,
aniśānta,,
aniśitasarga,,
aniśita,,
aniścara,,
aniścita,,
aniścintya,,
aniśceya,,
aniṣaṅga,,
aniṣiddha,,
aniṣucārin,ī,
aniṣudhanva,,
aniṣkāsita,,
aniṣkāsin,ī,
aniṣkṛta,,
aniṣṭaka,,
aniṣṭayajña,,
aniṣṭasūcaka,,
aniṣṭa,,
aniṣṭāśaṃsin,ī,
aniṣṭṛta,,
aniṣṭhura,,
aniṣṇa,,
aniṣṇāta,,
aniṣpanna,,
anisarga,,
anisṛṣṭa,,
anistabdha,,
anistīrṇa,,
aniha,,
anihita,,
anihūta,,
anīkṣaka,,
anīcānuvartin,ī,
anīcaistana,,
anīḍa,,
anītijña,,
anīdṛśa,,
anīpsita,,
anīraśana,,
anīrita,,
anīlavājin,ī,
anīla,,
anīśa,,
anīhamāna,,
anīha,,
anīhita,,
anukathita,,
anukampaka,,
anukampanīya,,
anukampāyin,ī,
anukampita,,
anukampin,ī,
anukampya,,
anukara,,
anukalpita,,
anukāṅkṣin,ī,
anukāma,,
anukāmin,ī,
anukāmīna,,
anukārin,ī,
anukārya,,
anukāla,,
anukīrṇa,,
anukuñcita,,
anukṛta,,
anukṛtya,,
anukṛṣṭa,,
anuktanimitta,,
anukta,,
anuktha,,
anukrakaca,,
anukrānta,,
anukrośin,ī,
anugaṇita,,
anugaṇitin,ī,
anugata,,
anugatārtha,,
anugantavya,,
anugamya,,
anugāḍha,,
anugādin,ī,
anugāmin,ī,
anugāmuka,,
anugīta,,
anugupta,,
anugṛhīta,,
anugeya,,
anugrahakātara,,
anugrahita,,
anugrāhaka,ikā,
anugrāhin,ī,
anugrāhya,,
anucara,ī,
anucārin,ī,
anucita,,
anucintita,,
anucca,,
anucchinna,,
anucchiṣṭa,,
anucchedya,,
anuja,,
anujāta,,
anujighra,,
anujīrṇa,,
anujīvin,ī,
anujīvisātkṛta,,
anujīvya,,
anujjhita,,
anujñāta,,
anujñāpya,,
anujyeṣṭha,,
anutapta,,
anutarṣula,,
anutāpaka,ikā,
anutāpana,,
anutāpin,ī,
anutiṣṭhamāna,,
anutunna,,
anutka,,
anuttaraṃga,,
anuttara,,
anutta,,
anuttāna,,
anuttuṇḍita,,
anutthita,,
anutpanna,,
anutpādya,,
anutpūta,,
anutsanna,,
anutsāha,,
anutsikta,,
anutsuka,,
anutsūtra,,
anutsṛṣṭa,,
anutsekin,ī,
anudagra,,
anudatta,,
anudarśin,ī,
anudātta,,
anudāra,,
anudigdha,,
anudita,,
anudeśin,ī,
anudairghya,,
anudgīrṇa,,
anuddhata,,
anuddhṛta,,
anudbhaṭa,,
anudyata,,
anudyamāna,,
anudya,,
anudyogin,ī,
anudraṣṭavya,,
anudra,,
anudruta,,
anudvāta,,
anudvāra,,
anudvigna,,
anudvegakara,,
anudvega,,
anudhāvita,,
anudhūpita,,
anudhyāyin,ī,
anunayamāna,,
anunaya,,
anunayin,ī,
anunādita,,
anunādin,ī,
anunāyaka,ikā,
anunāsika,,
anunāsikopadha,,
anunirjihāna,,
anunirvāpya,,
anunīta,,
anuneya,,
anunnatagātra,,
anunnata,,
anunnatānata,,
anunmatta,,
anunmadita,,
anunmāda,,
anupakārin,ī,
anupakiñca,,
anupakṛta,,
anupakṣita,,
anupagatajara,,
anupagṛhīta,,
anupaghātārjita,,
anupacarita,,
anupajīvanīya,,
anupaṭhita,,
anupatita,,
anupatha,,
anupadasta,,
anupada,,
anupadiṣṭa,,
anupadeṣṭavya,,
anupadhiśeṣa,,
anupadhmāta,,
anupanata,,
anupanyasta,,
anupapanna,,
anupaplava,,
anupapluta,,
anupabhukta,,
anupabhujyamāna,,
anupamita,,
anupameya,,
anupayukta,,
anupayogin,ī,
anuparata,,
anuparāga,,
anuparivārita,,
anupalakṣita,,
anupalakṣya,,
anupalabdha,,
anupalabhyamāna,,
anupalīḍha,,
anupaśānta,,
anupaśya,,
anupasecana,,
anupaskṛta,,
anupastīrṇaśāyin,ī,
anupasthāpita,,
anupasthāyin,ī,
anupasthita,,
anupahatakruṣṭa,,
anupahata,,
anupahita,,
anupahūta,,
anupahūyamāna,,
anupākṛta,,
anupākruṣṭa,,
anupākhya,,
anupātin,ī,
anupātta,,
anupānatka,,
anupānīya,,
anupāya,,
anupāyin,ī,
anupārśva,,
anupālin,ī,
anupālya,,
anupāsita,,
anupūrvakeśa,,
anupūrvagātra,,
anupūrvaja,,
anupūrvadaṃṣṭra,,
anupūrvapāṇilekha,,
anupūrvya,,
anupṛkta,,
anupeta,,
anupeyamāna,,
anupeya,,
anupopta,,
anuptasasya,,
anupta,,
anuptrima,,
anupradhāvita,,
anuprapanna,,
anuprabhūta,,
anupramāṇa,,
anuprayujyamāna,,
anuprayoktavya,,
anupraroha,,
anupravacanīya,,
anupravartita,,
anupravṛtta,,
anupraveśanīya,,
anuprasakta,,
anuprasarpin,ī,
anuprasūta,,
anuprasṛptin,ī,
anuprastha,,
anuprahita,,
anuprahṛtya,,
anuprāpta,,
anupriya,,
anubaddha,,
anubandhaka,ikā,
anubandhin,ī,
anubandhya,,
anubimbita,,
anubodhita,,
anubhaya,,
anubhavasiddha,,
anubhavārūḍha,,
anubha,,
anubhāvaka,ikā,
anubhāvin,ī,
anubhāvya,,
anubhūta,,
anubhūyamāna,,
anumatakarmakārin,ī,
anumatavajra,,
anumata,,
anumadhyama,,
anumantavya,,
anumantrita,,
anumanyamāna,,
anumādya,,
anumāpaka,ikā,
anumārgāgata,,
anumita,,
anumimāna,,
anumīyamāna,,
anumṛgya,,
anumeya,,
anumodaka,ikā,
anumodita,,
anumodin,ī,
anuyata,,
anuyājārtha,,
anuyātavya,,
anuyāta,,
anuyātrika,,
anuyāyin,ī,
anuyukta,,
anuyoktavya,,
anuyogin,ī,
anuyojya,,
anuraktapraja,,
anurakta,,
anurañjaka,ikā,
anurañjita,,
anurata,,
anurāgin,ī,
anurāddha,,
anurādha,,
anuruta,,
anuruddha,,
anurūpaceṣṭa,,
anurūpa,,
anurodhin,ī,
anulagna,,
anulamba,,
anulipta,,
anuliptāṅga,,
anulepaka,,
anulepin,ī,
anulomakṛṣṭa,,
anulomaja,,
anulomāya,,
anulomārtha,,
anuvaṃśya,,
anuvaktavya,,
anuvakraga,,
anuvakra,,
anuvacanīya,,
anuvatsarīṇa,,
anuvatsarīya,,
anuvartanīya,,
anuvartin,ī,
anuvartya,,
anuvaśa,,
anuvasita,,
anuvākya,,
anuvādaka,,
anuvādita,,
anuvādin,ī,
anuvādya,,
anuvāsanīya,,
anuvāsita,,
anuvāsin,ī,
anuvāsya,,
anuvitta,,
anuviddha,,
anuvidha,,
anuvidhātavya,,
anuvidhāyin,ī,
anuvidheya,,
anuviṣaṇṇa,,
anuvistṛta,,
anuvismita,,
anuvṛtta,,
anuvellita,,
anuvyāpin,ī,
anuvyāhārin,ī,
anuvrajya,,
anuvrata,,
anuśatika,,
anuśabdita,,
anuśayāna,,
anuśayitavya,,
anuśayin,ī,
anuśāyin,ī,
anuśāsaka,,
anuśāsanapara,,
anuśāsanīya,,
anuśāsita,,
anuśāsin,ī,
anuśāsya,,
anuśikṣin,ī,
anuśiṣṭa,,
anuśīlita,,
anuśocaka,,
anuśocita,,
anuśocin,ī,
anuśobhin,ī,
anuśruta,,
anuśrotavya,,
anuṣakta,,
anuṣaṅgika,,
anuṣaṅgin,ī,
anuṣañjanīya,,
anuṣatya,,
anuṣikta,,
anuṣṭabdha,,
anuṣṭupkarmīṇa,,
anuṣṭra,,
anuṣṭhātavya,,
anuṣṭhānasmāraka,ikā,
anuṣṭhāpaka,ikā,
anuṣṭhāyin,ī,
anuṣṭhita,,
anuṣṭheya,,
anuṣṇaka,,
anuṣṇāśīta,,
anusaṃcara,,
anusaṃdhātavya,,
anusaṃdhānin,ī,
anusaṃdhānīya,,
anusaṃdhāyin,ī,
anusaṃdheya,,
anusaṃrakta,,
anusaṃvīta,,
anusaṃvṛjina,,
anusaṃvṛjin,ī,
anusaṃsṛṣṭa,,
anusaṃsthita,,
anusamprāpta,,
anusambaddha,,
anusara,ī,
anusartavya,,
anusāma,,
anusāraka,,
anusārin,ī,
anusiddha,,
anusūcaka,ikā,
anusṛta,,
anusṛṣṭa,,
anusevin,ī,
anuspaṣṭa,,
anusphura,,
anusmṛta,,
anusyūta,,
anusrotasa,,
anuharamāṇa,,
anuhāraka,ikā,
anuhārya,,
anūkāśin,ī,
anūkta,,
anūkya,,
anūcāna,,
anūcīnagarbha,,
anūcīna,,
anūcya,,
anūḍhamāna,,
anūḍha,,
anūdara,,
anūdita,,
anūdbhāsin,ī,
anūdyamāna,,
anūdya,,
anūnaka,,
anūnavastuka,,
anūna,,
anūpaprāya,,
anūpa,,
anūpya,,
anūbandhya,,
anūrādha,,
anūrjita,,
anūrdhva,,
anūṣita,,
anūṣmapara,,
anūha,,
anūhya,,
anṛkka,,
anṛkṣara,,
anṛgvedavinīta,,
anṛca,,
anṛcka,,
anṛṇin,ī,
anṛtakatha,,
anṛtamaya,,
anṛtavādin,ī,
anṛtavrata,,
anṛtasaṃgara,,
anṛtasaṃhita,,
anṛtātmaka,ikā,
anṛtābhisandha,,
anṛtika,,
anṛtin,ī,
anṛṣabha,,
anekakāma,,
anekacara,,
anekaja,,
anekapa,,
anekabhārya,,
anekamukha,,
anekarandhra,,
anekavarṇa,,
anekavārṣika,,
anekavidha,,
anekaśapha,,
anekaśabda,,
anekasaṃkhya,,
anekasaṃsthāna,,
aneka,,
anekākāra,,
anekākin,ī,
anekākṣara,,
anekāgra,,
anekātmavādin,ī,
anekānta,,
anekārtha,,
anekāśraya,,
anekāśrita,,
anekīya,,
aneḍamūka,,
anedya,,
anena,,
anaikānta,,
anaikāntika,,
anaiḍaka,ī,
anaitihya,,
anaindava,,
anaiścārika,,
anoṃkṛta,,
anojaska,,
anovāha,,
anovāhya,,
anaupama,,
anaupamya,,
anaupādhika,,
antaḥkuṭila,,
antaḥpātita,,
antaḥpātin,ī,
antaḥpurevāsa,,
antaḥpūya,,
antaḥpracalita,,
antaḥprajña,,
antaḥpratiṣṭhita,,
antaḥśalya,,
antaḥśava,,
antaḥśīrṇa,,
antaḥsaṃjña,,
antaḥsalilastha,,
antaḥsāmika,,
antaḥsāra,,
antaḥsukha,,
antaḥsuṣirin,ī,
antaḥstobha,,
antaḥstha,,
antaḥspandya,,
antaḥsmera,,
antakaraṇa,,
antakara,,
antaka,,
antakārin,ī,
antagata,,
antaga,,
antagāmin,ī,
antacara,,
antaja,,
antapluta,,
antabhava,,
antama,,
antaraṅga,,
antarajña,,
antaratama,,
antaratara,,
antarata,,
antarada,,
antarantaḥstha,,
antarapatita,,
antaraprabhava,,
antaraprekṣin,ī,
antarastha,,
antarasthāyin,ī,
antarasthita,,
antarātmaka,ī,
antarādhāna,,
antarānveṣin,ī,
antarābhara,,
antarārāma,,
antarāśṛṅgīya,,
antarikṣaga,,
antarikṣacara,,
antarikṣasaṃśita,,
antarikṣāyatana,,
antarikṣodara,,
antarikṣya,,
antarita,,
antargata,,
antargarbha,,
antargalagata,,
antargāmin,ī,
antargūḍhaviṣa,,
antargoṣṭha,,
antarjalacara,,
antarja,,
antarjāta,,
antardagdha,,
antardadhāna,,
antarduḥkha,,
antarduṣṭa,,
antardhānagata,,
antardhānacara,,
antardhāpita,,
antardhāyaka,ikā,
antarnikhāta,,
antarniviṣṭa,,
antarniṣṭha,,
antarnihita,,
antarbāṣpa,,
antarbhava,,
antarbhāvita,,
antarbhinna,,
antarbhūta,,
antarbhauma,,
antarmadāvastha,,
antarmukha,,
antarmṛta,,
antarya,,
antarlamba,,
antarlīna,,
antarloma,,
antarvacana,,
antarvaṇa,,
antarvartin,ī,
antarhastīna,,
antarhita,,
antarhṛdaya,,
antalīna,,
antaścara,,
antastapta,,
antastuṣāra,,
antastoya,,
antastha,,
antaspatha,,
anta,,
antika,,
antitama,,
antitara,,
antideva,,
antima,,
antimitra,,
antisumna,,
antevāsin,ī,
antodātta,,
antyaja,,
antyajātīya,,
antya,,
antramaya,,
andolita,,
andhaṃkaraṇa,ī,
andhaka,,
andhakāramaya,,
andhakārita,,
andhakārin,ī,
andhamehala,,
andhambhāvuka,,
andhīkṛta,,
andhībhūta,,
andhrajātīya,,
annakaraṇa,,
annakāma,,
annakāśin,ī,
annaja,,
annajāta,,
annajīvana,,
annada,,
annadāyin,ī,
annapūrṇa,,
annaprada,,
annapralaya,,
annamaya,ī,
annaśubha,,
annahāra,,
anna,,
annāda,ī,
annādin,ī,
annādyakāma,,
annārthin,ī,
annāhārin,ī,
anyaka,,
anyakāma,,
anyakāra,,
anyakṛta,,
anyakriya,,
anyaga,,
anyagāmin,ī,
anyagotra,,
anyaṅgaśveta,,
anyaṅga,,
anyacodita,,
anyaja,,
anyajāta,,
anyataḥsitirandhra,,
anyatama,,
anyataratoyukta,,
anyatarānyatara,,
anyatastyajāyin,ī,
anyatīrthika,,
anyatoghātin,ī,
anyatodvāra,,
anyatomukha,,
anyatkāma,,
anyatkāraka,,
anyatsthānagata,,
anyathākṛta,,
anyathājātīyaka,,
anyathābhūta,,
anyathāvādin,ī,
anyathāśīlika,,
anyathāsambhāvin,ī,
anyathāsiddha,,
anyadīya,,
anyadurvaha,,
anyadevata,,
anyadevatya,,
anyadaivata,,
anyadharma,,
anyapadārthapradhāna,,
anyapara,,
anyabhāva,,
anyamanaska,,
anyarāṣṭriya,,
anyarāṣṭrīya,,
anyarūpin,ī,
anyaliṅgaka,,
anyaliṅga,,
anyalokya,,
anyaśaṅkita,,
anyaśākhāstha,,
anyasādhāraṇa,,
anyādṛkṣa,ī,
anyādṛkṣa,,
anyādṛśa,ī,
anyādṛśa,,
anyādhīna,,
anyāyavartin,ī,
anyāyavṛtta,,
anyāya,,
anyāyin,ī,
anyāyya,,
anyāśrita,,
anyāsakta,,
anyāsādhāraṇa,,
anyūnāṅga,,
anyūnātirikta,,
anyūnātiriktāṅga,,
anyūnādhika,,
anyūnārthavādin,ī,
anyedyuka,,
anyedyuṣka,,
anyedyuska,,
anyotpanna,,
anyodarya,,
anyonyagata,,
anyonyadharmin,ī,
anyonyamithuna,,
anyonyasāpekṣa,,
anyonyaspardhin,ī,
anyonyahārābhihata,,
anyonya,,
anyonyāpatitatyāgin,ī,
anyonyāpahṛta,,
anyonyāśrita,,
anyopatāpin,ī,
anvakṣa,,
anvaksthānin,ī,
anvaksthānīya,,
anvagjyeṣṭha,,
anvayavyatirekin,ī,
anvayāgata,,
anvayin,ī,
anvavalamba,,
anvavasāyin,ī,
anvavasita,,
anvavekṣin,ī,
anvasta,,
anvākarṣaka,,
anvākhyāyaka,,
anvācayaśiṣṭa,,
anvācita,,
anvādiṣṭa,,
anvādeśaka,,
anvāntrya,,
anvābhakta,,
anvāyatana,,
anvāyatta,,
anvāyātya,,
anvārabhya,,
anvārohaṇīya,,
anvāśrita,,
anvāsīna,,
anvāsyamāna,,
anvāhita,,
anvita,,
anvitārtha,,
anviṣṭa,,
anviṣyamāṇa,,
anvīkṣaka,ikā,
anvīkṣitavya,,
anvīta,,
anvīyamāna,,
anveṣaka,ikā,
anveṣaka,,
anveṣin,ī,
anveṣṭavya,,
anveṣya,,
apakaruṇa,,
apakarṣaka,ikā,
apakarṣaṇa,,
apakarṣin,ī,
apakaṣāya,,
apakāraka,,
apakārārthin,ī,
apakārin,ī,
apakṛta,,
apakṛtya,,
apakṛṣṭacetana,,
apakṛṣṭa,,
apakośa,,
apakrama,,
apakramin,ī,
apakrāntamedha,,
apakrānta,,
apakrāmuka,,
apakvāśin,ī,
apakṣapātin,ī,
apakṣapuccha,,
apakṣa,,
apakṣita,,
apakṣipta,,
apakṣīṇa,,
apagatakālaka,,
apagata,,
apagarjita,,
apagalbha,,
apagūḍha,,
apagūhamāna,,
apagṛhya,,
apagopura,,
apagrāma,,
apaghana,,
apaghātaka,ikā,
apaghātin,ī,
apaghṛṇa,,
apaṅka,,
apacamānaka,,
apacamāna,,
apacarita,,
apaca,,
apacāyaka,,
apacāyita,,
apacāyin,ī,
apacārin,ī,
apacita,,
apacchattra,,
apacchāya,,
apajayya,,
apajya,,
apajvara,,
apañcayajña,,
apaṭāntara,,
apaṇḍita,,
apaṇya,,
apatanadharmin,ī,
apatanīya,,
apatānakin,ī,
apatitānyonyatyāgin,ī,
apaturīya,,
apatuṣāra,,
apattra,,
apatnīka,,
apatyakāma,,
apatyada,,
apatyanātha,,
apatrasta,,
apathagāmin,ī,
apathadāyin,ī,
apathaprapanna,,
apathahara,,
apathyanimitta,,
apathya,,
apadama,,
apadava,,
apadaśa,,
apadastha,,
apada,,
apadāntara,,
apadāntastha,,
apadibaddha,,
apadiṣṭa,,
apadūṣaṇa,,
apadeśin,ī,
apadeśya,,
apadoṣa,,
apadhūma,,
apadhvaṃsaja,,
apadhvaṃsin,ī,
apadhvasta,,
apadhvānta,,
apanata,,
apanayin,ī,
apanasa,,
apanidra,,
apanirvāṇa,,
apaniṣāduka,,
apanīta,,
apanuda,,
apaneya,,
apanodaka,,
apanodana,,
apanodya,,
apanthadāyin,ī,
apannagṛha,,
apannada,,
apanyāyya,,
apapātra,,
apapātrita,,
apapādatra,,
apapūta,,
apaprasara,,
apabhraṣṭa,,
apamaṅgala,,
apamada,,
apamala,,
apama,,
apamānita,,
apamānin,ī,
apamānya,,
apamārin,ī,
apamārjana,,
apamukha,,
apamṛga,,
apamṛṣṭa,,
apamlukta,,
apayaśaskara,,
apayasya,,
apayāta,,
aparakta,,
aparaja,,
aparata,,
aparadīkṣin,ī,
aparapakṣīya,,
aparapraṇeya,,
aparayoga,,
aparavojjhita,,
aparaśuvṛkṇa,,
aparasparasambhūta,,
aparaspara,,
aparahaimana,,
apara,,
aparāṅmukha,,
aparājayin,ī,
aparāddha,,
aparādhin,ī,
aparādhīna,,
aparāntaka,ikā,
aparānta,,
aparābhūta,,
aparāmṛṣṭa,,
aparārdhya,,
aparāvapiṣṭha,,
aparāvṛttabhāgadheya,,
aparāvṛttivartin,ī,
aparāsikta,,
aparāhata,,
aparāhṇaka,,
aparāhṇatana,,
aparāhṇetana,,
aparikalita,,
aparikrama,,
apariklinna,,
aparigaṇya,,
aparigata,,
aparigraha,,
aparigrāhya,,
aparicayin,ī,
aparicalita,,
aparicita,,
apariceya,,
aparicchada,,
aparicchanna,,
aparicchādita,,
aparicchinna,,
aparijāta,,
aparijīrṇa,,
apariṇāmadarśin,ī,
apariṇāmin,ī,
aparitoṣa,,
aparityajya,,
aparipakva,,
aparipara,,
aparibādha,,
aparibhāṣita,,
aparibhinna,,
aparibhraśyamāna,,
aparimāṇa,,
aparimitaguṇagaṇa,,
aparimitavidha,,
aparimita,,
aparimitālikhita,,
aparimeya,,
aparilupta,,
aparivartanīya,,
aparivādya,,
apariviṣṭa,,
aparivīta,,
aparivṛta,,
apariśeṣa,,
apariṣkṛta,,
aparisaṃkhyeya,,
aparisamāptika,,
aparisara,,
aparisthāna,,
apariharaṇīya,,
aparihārya,,
aparihīyamāṇa,,
aparihvṛta,,
aparīkṣita,,
aparīkṣyakārin,ī,
aparīta,,
aparītta,,
aparītya,,
aparīvṛta,,
aparūpa,,
aparokṣa,,
aparodhuka,,
aparodhya,,
aparṇa,,
aparyanta,,
aparyāgata,,
aparyāṇa,,
aparyāpta,,
aparyāsita,,
aparyuṣita,,
aparyeṣita,,
aparyeṣṭa,,
aparvaka,,
aparvata,,
aparvatīya,,
aparvabhaṅganipuṇa,,
apalakṣmaṇa,,
apalapita,,
apala,,
apalāpin,ī,
apalāśa,,
apalāṣin,ī,
apalāṣuka,,
apalita,,
apalpūlanakṛta,,
apavadamāna,,
apavana,,
apavarjanīya,,
apavarjitatailapūra,,
apavarjita,,
apavarṇa,,
apavartita,,
apavartya,,
apavādaka,,
apavādita,,
apavādin,ī,
apavādya,,
apavārita,,
apavāhya,,
apavikṣata,,
apavighna,,
apaviddhaloka,,
apaviddha,,
apavīṇa,,
apavṛkta,,
apavṛtta,,
apavyayamāna,,
apavyavastha,,
apavyāpāra,,
apavrata,,
apaśaṅka,,
apaśabdita,,
apaśavya,,
apaśastra,,
apaśālīna,,
apaśīla,,
apaśubandhayājin,ī,
apaśūla,,
apaśoka,,
apaścima,,
apaśya,,
apaśrama,,
apaśrita,,
apaṣṭhura,,
apaṣṭhula,,
apasarpya,,
apasavya,,
apasārita,,
apastana,,
apastama,,
apasnāta,,
apasphiga,,
apasmaya,,
apasmārin,ī,
apasvara,,
apahata,,
apaharaṇīya,,
apahara,,
apaharṣa,,
apahala,,
apahastaka,,
apahastita,,
apaha,,
apahāraka,,
apahārita,,
apahārin,ī,
apahārya,,
apahāsya,,
apahiṃkāra,,
apahita,,
apahṛtavijñāna,,
apahṛta,,
apahnuta,,
apahnuvāna,,
apāṃnaptriya,,
apāṃnaptrīya,,
apākaja,,
apāka,,
apākin,ī,
apākṛta,,
apākṣa,,
apāṅkteya,,
apāṅktya,,
apāṅktyopahata,,
apāṅgaviśālanetra,,
apāṅga,,
apācīna,,
apācya,,
apāṭhya,,
apāṇigrahaṇa,,
apāṇipāda,,
apātta,,
apātradāyin,ī,
apātravarṣin,ī,
apādaka,,
apāda,,
apādāntīya,,
apānīya,,
apānṛta,,
apāpakāśin,ī,
apāpada,,
apāpaviddha,,
apāpāya,,
apāyasaṃvartanīya,,
apāyin,ī,
apāraṇīya,,
apārapāra,,
apāramārthika,ī,
apāra,,
apārijāta,,
apārjita,,
apārṇa,,
apārthaka,,
apārtha,,
apārthiva,,
apāvṛta,,
apāvṛtta,,
apāvya,,
apāśraga,,
apāśrayin,ī,
apāśrita,,
apāṣṭhiha,,
apāsita,,
apāsṛta,,
apāsta,,
apikakṣya,,
apigīrṇa,,
apiguṇa,,
apicchila,,
apiṇḍa,,
apitṛka,,
apitṛdevatya,,
apitrya,,
apitvin,ī,
apinaddha,,
apinaddhākṣa,,
apipāsa,,
apiprāṇa,ī,
apibaddha,,
apibhāga,,
apimantra,,
apiripta,,
apivrata,,
apiśarvara,,
apiśācadhīta,,
apiśīrṇa,,
apiśuna,,
apiṣṭuta,,
apiṣṭhita,,
apisomopītha,,
apihita,,
apīcya,,
apīta,,
apīvṛta,,
apīvya,,
apuccha,,
apuṇya,,
aputraka,ikā,
aputriya,,
apunaḥprāpya,,
apunaranvaya,,
apunardīyamāna,,
apunarbhāvin,ī,
apurāṇa,,
apurātana,,
apuruṣa,,
apuruṣābhivīta,,
apurogava,,
apuronuvākyaka,,
apurorukka,,
apurohita,,
apuṣa,,
apuṣkala,,
apuṣṭa,,
apuṣṭārtha,,
apūjaka,,
apūjita,,
apūjya,,
apūta,,
apūpamaya,,
apūpāpihita,,
apūpīya,,
apūpya,,
apūraṇa,ī,
apūra,,
apūruṣaghna,,
apūruṣa,,
apūrṇakālaja,,
apūrṇakāla,,
apūrṇa,,
apūryamāṇa,,
apūrvadarśana,,
apūrvapada,,
apūrvin,ī,
apūrvīya,,
apṛkta,,
apṛthaktvin,ī,
apṛthagjita,,
apṛthagdharmaśīla,,
apṛthagdharmin,ī,
apṛthagvivekya,,
apṛṣṭa,,
apekṣaṇa,,
apekṣaṇīya,,
apekṣita,,
apekṣin,ī,
apetaprajanana,,
apetaprāṇa,,
apeta,,
apendra,,
apeśala,,
apogaṇḍa,,
apoḍha,,
aponaptriya,,
aponaptrīya,,
apobdha,,
apohanīya,,
apohita,,
apohya,,
apauruṣa,,
apauruṣeya,,
aptya,,
aprakampa,,
aprakampin,ī,
aprakara,,
aprakarṣita,,
aprakalpaka,ikā,
aprakāṇḍa,,
aprakāśaka,ikā,
aprakāśamāna,,
aprakāśita,,
aprakāśin,ī,
aprakāśya,,
aprakṛta,,
aprakḷpta,,
apraketa,,
aprakṣita,,
aprakhara,,
apragama,,
apragādha,,
apraguṇa,,
apragrāha,,
apracura,,
apracetita,,
apracodita,,
apracchāya,,
apracchinna,,
apracchedya,,
apracyuta,,
aprajana,,
aprajña,,
aprajñāta,,
aprajñātra,,
apraṇihita,,
apraṇīta,,
apraṇodya,,
apratarkya,,
apratikara,,
apratikāra,,
apratikārin,ī,
apratikṛṣṭa,,
apratikhyāta,,
apratigṛhya,,
apratigrāhaka,ikā,
apratigrāhya,,
apratigha,,
apratidvandva,,
apratidhura,,
apratidhṛṣṭa,,
apratidhṛṣya,,
apratipakṣa,,
apratipaṇya,,
apratipadyamāna,,
apratipanna,,
apratibandha,,
apratibala,,
apratibodha,,
apratibhaṭa,,
apratibha,,
apratimanyūyamāna,,
apratimalla,,
apratimāna,,
apratimeya,,
apratiyogin,ī,
apratiyodhin,ī,
apratiratha,,
apratirava,,
apratilabdhakāma,,
aprativādin,ī,
aprativīrya,,
aprativīryārambha,,
apratiśasta,,
apratiśāsana,,
apratiṣikta,,
apratiṣiddha,,
apratiṣekya,,
apratiṣkuta,,
apratiṣkṛta,,
apratiṣṭabdha,,
apratiṣṭha,,
apratiṣṭhāna,,
apratiṣṭhāyuka,,
apratiṣṭhita,,
apratisaṃkrama,,
apratisādhya,,
apratistabdha,,
apratihata,,
apratihāra,,
apratihārya,,
apratīkāra,,
apratīkṣa,,
apratīta,,
apratītta,,
apratīpa,,
aprattadevata,,
aprattadaivata,,
apratta,,
apratyakṣaśiṣṭa,,
apratyakṣa,,
apratyayastha,,
apratyaya,,
apratyākhyāta,,
apratyākhyeya,,
apratyālabhamāna,,
apratyutthāyuka,,
apratyṛta,,
aprathita,,
apradagdha,,
apradugdha,,
apradṛpita,,
apradhāna,,
apradhṛṣya,,
aprapaśya,,
aprapāṇa,,
aprapāduka,,
aprabala,,
aprabha,,
aprabhūta,,
apramatta,,
apramaya,,
apramāda,,
apramādin,ī,
apramāyuka,,
apramita,,
apramīya,,
apramūra,,
apramṛṣya,,
aprameya,,
aprameyānubhāva,,
aprayata,,
aprayatna,,
aprayāja,,
aprayukta,,
aprayujyamāna,,
aprayuta,,
aprayojaka,ikā,
apravargya,,
apravartaka,ikā,
apravartin,ī,
apravīṇa,,
apravṛtta,,
apravṛddha,,
apraśasta,,
apraśasya,,
aprasakta,,
aprasanna,,
aprasavadharmin,ī,
aprasava,,
aprasahya,,
aprasādya,,
aprasāha,,
aprasiddha,,
aprasūta,,
aprastāvika,ī,
aprastuta,,
aprahata,,
aprahita,,
aprahṛta,,
aprākaraṇika,,
aprākṛta,,
aprāgrya,,
aprācīna,,
aprājña,,
aprāṇa,,
aprādeśika,,
aprāptakāla,,
aprāptayauvana,,
aprāptavyavahāra,,
aprāpta,,
aprāptāvasara,,
aprāpyakārin,ī,
aprāpya,,
aprāmāṇika,,
aprārthaka,,
aprāvṛta,,
aprāśitriya,,
apriyaṃvada,,
apriyakara,,
apriyabhāgin,ī,
apriyavādin,ī,
apriya,,
aprītikara,,
aprītyātmaka,ikā,
apreta,,
apraiṣa,,
aprokṣita,,
aprodita,,
aproṣita,,
aplaveśa,,
apsarāyita,,
apsava,,
apsavya,,
apsucara,,
apsuja,,
apsusaṃśita,,
aphalakāṅkṣin,ī,
aphalākāṅkṣin,ī,
aphenila,,
abaddhaka,,
abaddhamukha,,
abaddhamūla,,
abaddha,,
abadhira,,
abadhya,,
abanddhra,,
abandhaka,,
abandhana,,
abandhura,,
abandhya,,
abalābala,,
abalāsa,,
abaliṣṭha,,
abahvakṣara,,
abādha,,
abādhita,,
abādhya,,
abāndhavakṛta,,
abāndhava,,
abāliśa,,
abāhya,,
abījaka,,
abīja,,
abuddha,,
abuddhipūrvaka,,
abuddhipūrva,,
abuddhistha,,
abudha,,
abudhna,,
abudhyamāna,,
abudhya,,
abodhagamya,,
abodhanīya,,
abodha,,
abjanayana,,
abjanetra,,
abja,,
abda,,
abdaivata,,
abdhija,,
abbhakṣa,,
abrahmacarya,,
abrahmaṇya,,
abrahmabandhūka,,
abrāhmaṇa,,
abhakta,,
abhakṣita,,
abhakṣyabhakṣin,ī,
abhakṣya,,
abhaga,,
abhagna,,
abhajyamāna,,
abhadra,,
abhayaṃkara,,
abhayada,,
abhayaprada,,
abhaya,,
abhavadīya,,
abhavanīya,,
abhavya,,
abhastra,,
abhāgadheya,,
abhāgin,ī,
abhāgya,,
abhāvanīya,,
abhāvin,ī,
abhāvya,,
abhika,,
abhikāṅkṣita,,
abhikāṅkṣin,ī,
abhikḷpta,,
abhikrānta,,
abhikrāntin,ī,
abhikruddha,,
abhikṣita,,
abhikhya,,
abhikhyāta,,
abhigata,,
abhigamya,,
abhigāmin,ī,
abhigīta,,
abhigupta,,
abhigumphita,,
abhigūrta,,
abhigṛdhna,,
abhigṛhīta,,
abhigeṣṇa,,
abhigrasta,,
abhigrāhin,ī,
abhighātaka,ikā,
abhighātita,,
abhighātin,ī,
abhighārita,,
abhighārya,,
abhighṛta,,
abhicakṣya,,
abhicaraṇīya,,
abhicāraka,ikā,
abhicāraṇīya,,
abhicārita,,
abhicārin,ī,
abhicārya,,
abhija,,
abhijāta,,
abhijuṣṭa,,
abhijñāta,,
abhijñāpaka,,
abhijñetara,,
abhitaḥsara,,
abhitapta,,
abhitāḍita,,
abhitāpin,ī,
abhitṛpta,,
abhitodevayajanamātradeśa,,
abhitobhāvin,ī,
abhitripiṣṭapa,,
abhidaṣṭa,,
abhidigdha,,
abhiduṣṭa,,
abhidūṣita,,
abhidrugdha,,
abhidruta,,
abhidruhyamāṇa,,
abhidhātavya,,
abhidhādhvaṃsin,ī,
abhidhānīya,,
abhidhāmūla,,
abhidhāyaka,,
abhidhāyin,ī,
abhidhāvaka,,
abhidheyarahita,,
abhidheya,,
abhidhmāta,,
abhidhyāyin,ī,
abhidhyeya,,
abhidhvasta,,
abhinata,,
abhinaddha,,
abhinaddhākṣa,,
abhinandanīya,,
abhinandita,,
abhinandin,ī,
abhinandya,,
abhiniḥsṛta,,
abhinipīḍita,,
abhinimrukta,,
abhiniyukta,,
abhinirjita,,
abhinirmita,,
abhinirvṛtta,,
abhinilīyamānaka,,
abhiniviṣṭaka,,
abhiniviṣṭa,,
abhiniveśita,,
abhiniveśin,ī,
abhiniścita,,
abhiniṣkārin,ī,
abhiniṣkṛta,,
abhiniṣkrāntagṛhāvāsa,,
abhiniṣkrānta,,
abhinihata,,
abhinihita,,
abhinīta,,
abhinīla,,
abhinetavya,,
abhineya,,
abhinnakāla,,
abhinnataraka,,
abhinnavela,,
abhinna,,
abhinnāṇḍa,,
abhipaṭhita,,
abhipadma,,
abhipanna,,
abhipariglāna,,
abhiparipluta,,
abhiparīta,,
abhiparīvṛta,,
abhipātin,ī,
abhipiṅgala,,
abhipīḍita,,
abhipīta,,
abhipuṣpa,,
abhipūjita,,
abhipūrṇa,,
abhipūrya,,
abhipūrva,,
abhipṛṣṭa,,
abhiprakramya,,
abhiprakṣarita,,
abhipraṇata,,
abhipraṇīta,,
abhipratapta,,
abhiprapanna,,
abhiprabhaṅgin,ī,
abhiprayāyin,ī,
abhipraviṣṭa,,
abhipravṛtta,,
abhipraśnin,ī,
abhiprasanna,,
abhiprasupta,,
abhiprasūta,,
abhiprasṛta,,
abhiprasthita,,
abhiprahata,,
abhiprahita,,
abhiprāpta,,
abhiprīta,,
abhipreta,,
abhipreṣita,,
abhipluta,,
abhibhaṅga,,
abhibhavanīya,,
abhibhava,,
abhibhāra,,
abhibhāvaka,,
abhibhāvin,ī,
abhibhāvuka,,
abhibhāṣita,,
abhibhāṣin,ī,
abhibhāṣyamāṇa,,
abhibhāṣya,,
abhibhūta,,
abhimaṅgala,,
abhimata,,
abhimantavya,,
abhimantrita,,
abhimardana,,
abhimardin,ī,
abhimarśaka,,
abhimarśana,,
abhimarśin,ī,
abhimarṣaka,,
abhimarṣaṇa,,
abhimarṣa,,
abhimātin,ī,
abhimātiṣāha,,
abhimādyatka,,
abhimānaśālin,ī,
abhimānaśūnya,,
abhimānin,ī,
abhimānuka,,
abhimāya,,
abhimihya,,
abhimukha,ī,
abhimukhībhūta,,
abhimūrchita,,
abhimṛta,,
abhimṛṣṭaja,,
abhimṛṣṭa,,
abhiyaṣṭavya,,
abhiyācita,,
abhiyāta,,
abhiyāyin,ī,
abhiyukta,,
abhiyujyamāna,,
abhiyuta,,
abhiyoktavya,,
abhiyogin,ī,
abhiyogya,,
abhiyojya,,
abhirakta,,
abhirakṣita,,
abhirakṣya,,
abhirañjita,,
abhirata,,
abhiramaṇīya,,
abhirambhita,,
abhirāddha,,
abhirāṣṭra,,
abhirucita,,
abhirucira,,
abhiruta,,
abhirudita,,
abhiruṣita,,
abhirūpaka,,
abhirūpabhūyiṣṭha,,
abhiroruda,,
abhilakṣita,,
abhilakṣya,,
abhilaṅghin,ī,
abhilapya,,
abhilaṣaṇīya,,
abhilaṣita,,
abhilāṣaka,,
abhilāṣin,ī,
abhilīna,,
abhilupta,,
abhilulita,,
abhivañcita,,
abhivandaka,,
abhivandya,,
abhivarṇita,,
abhivartin,ī,
abhivarṣin,ī,
abhivādaka,,
abhivādanaśīla,,
abhivādanīya,,
abhivādita,,
abhivādin,ī,
abhivādya,,
abhivāsya,,
abhivikrama,,
abhivikhyāta,,
abhivijñapta,,
abhivijñeya,,
abhividīpita,,
abhividdha,,
abhividruta,,
abhivinīta,,
abhivimāna,,
abhivirājita,,
abhiviśaṅkin,ī,
abhiviśruta,,
abhiviṣṭa,,
abhivihita,,
abhivīkṣita,,
abhivīra,,
abhivṛta,,
abhivṛddha,,
abhivṛṣṭa,,
abhivedhin,ī,
abhivyakta,,
abhivyañjaka,,
abhivyādhin,ī,
abhivyāpaka,,
abhivyāpin,ī,
abhivyāpta,,
abhivyāpya,,
abhivyāhārin,ī,
abhivyāhṛta,,
abhivyāhṛtya,,
abhivratin,ī,
abhiśaṃsaka,,
abhiśaṅkita,,
abhiśaṅkin,ī,
abhiśaṅkya,,
abhiśapta,,
abhiśabdita,,
abhiśastaka,,
abhiśasta,,
abhiśasticātana,,
abhiśirogra,,
abhiśīta,,
abhiśīna,,
abhiśuna,,
abhiśoca,,
abhiśobhita,,
abhiśyāta,,
abhiśyāna,,
abhiṣakta,,
abhiṣaṅgin,ī,
abhiṣaṇṇa,,
abhiṣavaṇīya,,
abhiṣāta,,
abhiṣikta,,
abhiṣuta,,
abhiṣektavya,,
abhiṣekya,,
abhiṣecanīya,,
abhiṣecita,,
abhiṣecya,,
abhiṣṭuta,,
abhiṣṭuvāna,,
abhiṣṭhita,,
abhiṣyandamāna,,
abhiṣyandin,ī,
abhiṣvaṅgin,ī,
abhisaṃkruddha,,
abhisaṃkṣipta,,
abhisaṃkhya,,
abhisaṃkhyeya,,
abhisaṃgata,,
abhisaṃgupta,,
abhisaṃcārin,ī,
abhisaṃjāta,,
abhisaṃjñita,,
abhisaṃtata,,
abhisaṃtapta,,
abhisaṃtrasta,,
abhisaṃdaṣṭa,,
abhisaṃdhikṛta,,
abhisaṃdhipūrva,,
abhisaṃnaddha,,
abhisaṃniviṣṭa,,
abhisaṃyatta,,
abhisaṃyukta,,
abhisaṃrakta,,
abhisaṃrabdha,,
abhisaṃvṛta,,
abhisaṃvṛtta,,
abhisaṃvṛddha,,
abhisaṃśīna,,
abhisaṃśyāna,,
abhisaṃśrita,,
abhisaṃsṛta,,
abhisaṃskṛta,,
abhisaṃstīrṇa,,
abhisaṃstuta,,
abhisaṃsthita,,
abhisaṃhata,,
abhisaṃhita,,
abhisandhaka,,
abhisamāyukta,,
abhisamāhita,,
abhisameta,,
abhisampanna,,
abhisampravṛtta,,
abhisampluta,,
abhisambaddha,,
abhisambādha,,
abhisambuddha,,
abhisambhagna,,
abhisambhṛta,,
abhisammata,,
abhisammūḍha,,
abhisāntvita,,
abhisārin,ī,
abhisūcita,,
abhisṛta,,
abhisṛṣṭa,,
abhisphurita,,
abhisyandin,ī,
abhihata,,
abhiharaṇīya,,
abhihara,,
abhihartavya,,
abhihasya,,
abhihārya,,
abhihita,,
abhihuta,,
abhīka,,
abhīkṣṇa,,
abhīga,,
abhījya,,
abhīddha,,
abhīpsita,,
abhīpsin,ī,
abhīma,,
abhīruka,,
abhīruṇa,,
abhīvarta,,
abhīvṛta,,
abhīṣṭatama,,
abhīṣṭa,,
abhīṣmadroṇa,,
abhuktapūrva,,
abhukta,,
abhugna,,
abhuja,,
abhuñjāna,,
abhūtadoṣa,,
abhūtapūrva,,
abhūta,,
abhūmija,,
abhūyiṣṭha,,
abhūṣa,,
abhūṣita,,
abhṛtaka,,
abhṛta,,
abhṛśa,,
abhedaka,,
abheda,,
abhedin,ī,
abhedya,,
abhoktavya,,
abhogya,,
abhojita,,
abhojin,ī,
abhojya,,
abhojyānna,,
abhautika,,
abhyakta,,
abhyañjaka,,
abhyañjanya,,
abhyañjya,,
abhyatita,,
abhyatīta,,
abhyadhikādhika,,
abhyanujñāta,,
abhyanujñeya,,
abhyanūkta,,
abhyantaracārin,ī,
abhyantarīkṛta,,
abhyamita,,
abhyamitrīṇa,,
abhyamitrīya,,
abhyamitrya,,
abhyamin,ī,
abhyarcanīya,,
abhyarcita,,
abhyarcya,,
abhyarṇa,,
abhyarṇṇa,,
abhyarthanīya,,
abhyarthita,,
abhyarthin,ī,
abhyarthya,,
abhyardita,,
abhyarhaṇīya,,
abhyarhita,,
abhyalaṃkṛta,,
abhyalpa,,
abhyavakīrṇa,,
abhyavadānya,,
abhyavadugdha,,
abhyavasthita,,
abhyavahārya,,
abhyavahṛta,,
abhyavāyin,ī,
abhyasanīya,,
abhyasitavya,,
abhyasūyaka,,
abhyastamita,,
abhyasta,,
abhyākhyāta,,
abhyāgata,,
abhyāgamana,,
abhyāgāmin,ī,
abhyāgārika,,
abhyāghātin,ī,
abhyāghātya,,
abhyātta,,
abhyātmāgra,,
abhyānana,,
abhyānta,,
abhyāyaṃsenya,,
abhyāyuka,,
abhyārūḍha,,
abhyārohuka,,
abhyāvartin,ī,
abhyāvṛtta,,
abhyāśa,,
abhyāsakta,,
abhyāsaṅgya,,
abhyāsaparivartin,ī,
abhyāsādayitavya,,
abhyāsin,ī,
abhyāhata,,
abhyāhita,,
abhyukta,,
abhyukṣita,,
abhyucita,,
abhyuccita,,
abhyucchritakara,,
abhyucchrita,,
abhyutkruṣṭa,,
abhyutthāyin,ī,
abhyutthita,,
abhyuttheya,,
abhyudayin,ī,
abhyudācārin,ī,
abhyudita,,
abhyudīrita,,
abhyudgata,,
abhyudga,,
abhyuddṛṣṭa,,
abhyuddhṛta,,
abhyudyata,,
abhyunnata,,
abhyunmodanīya,,
abhyupagata,,
abhyupagantavya,,
abhyupagamita,,
abhyupapanna,,
abhyupayukta,,
abhyupaśānta,,
abhyupasthita,,
abhyupāgata,,
abhyupāvṛtta,,
abhyupetavya,,
abhyupeta,,
abhyuṣita,,
abhyuṣīya,,
abhyuṣṭamiśra,,
abhyuṣya,,
abhyūḍha,,
abhyūṣīya,,
abhyūṣya,,
abhyūhitavya,,
abhyūhya,,
abhyeṣaṇīya,,
abhyoṣīya,,
abhyoṣya,,
abhraṃkaṣa,,
abhraṃga,,
abhraṃliha,,
abhraghana,,
abhramaya,ī,
abhrama,,
abhralipta,ī,
abhravarṣa,,
abhravilipta,ī,
abhrānta,,
abhrāyita,,
abhrāvakāśika,,
abhrāvakāśin,ī,
abhrikhāta,,
abhriya,,
abhrīya,,
abhrottha,,
abhva,,
amaṅgala,,
amaṅgalya,,
amajjaka,,
amaṇiva,,
amaṇḍita,,
amatapadārtha,,
amata,,
amatipūrvaka,,
amatipūrva,,
amatra,,
amatrin,ī,
amatsara,,
amatsarin,ī,
amada,,
amadyapa,,
amadhavya,,
amadhyastha,,
amanaska,,
amanuṣyaniṣevita,,
amanojña,,
amantraka,ikā,
amantrajña,,
amanda,,
amanyamāna,,
amama,,
amaraṃjaya,,
amaraṇīya,,
amaraprakhya,,
amaraprabha,,
amaramaya,ī,
amaravarṇin,ī,
amaropama,,
amarta,,
amartya,,
amardita,,
amarmajāta,,
amaryāda,,
amarṣaja,,
amarṣaṇa,,
amarṣita,,
amarṣin,ī,
amalasaṃyuta,,
amalānvaya,,
amalina,,
amalīmasa,,
amasṛṇa,,
amastaka,,
ama,,
amāṃsaka,,
amāṃsabhakṣa,,
amāṃsa,,
amāṃsāśana,,
amāṃsāśin,ī,
amātāputra,,
amātṛka,,
amātra,,
amānava,,
amānin,ī,
amānuṣa,ī,
amānuṣya,,
amāpya,,
amāya,,
amāyika,,
amāyin,ī,
amāraka,,
amārga,,
amārjita,,
amāvāsyaka,,
amāvāsya,,
amāṣa,,
amitavīrya,,
amita,,
amitākṣara,,
amitrakarṣaṇa,,
amitrakarṣin,ī,
amitrakhāda,,
amitraghāta,,
amitraghātin,ī,
amitraghna,,
amitratapana,,
amitradambhana,,
amitrasāha,,
amitra,,
amitrin,ī,
amitriya,,
amithita,,
amithuna,,
amina,,
amin,ī,
amiśraṇīya,,
amiśra,,
amiśrita,,
amīmāṃsaka,,
amīmāṃsya,,
amīvacātana,ī,
amukīya,,
amuktaviśrambha,,
amukta,,
amukha,,
amukhya,,
amugdha,,
amudra,,
amuṣyakula,,
amūḍha,,
amūdṛkṣa,,
amūdṛśa,,
amūrta,,
amūlya,,
amṛkta,,
amṛḍaya,,
amṛtadrava,,
amṛtadhāyin,ī,
amṛtapakṣa,,
amṛtapa,,
amṛtapāyin,ī,
amṛtabhojana,,
amṛtamaya,ī,
amṛtavarṣin,ī,
amṛtasambhava,,
amṛta,,
amṛtābhiṣikta,,
amṛtāyana,,
amṛtpātrapa,,
amṛnmayapa,,
amṛnmayapāyin,ī,
amṛnmaya,,
amṛṣṭabhojin,ī,
amṛṣṭamṛja,,
amṛṣṭa,,
amṛṣyamāṇa,,
amekṣaṇa,,
ameghopaplava,,
amedaska,,
amedhyakuṇapāśin,ī,
amedhyayukta,,
amedhyalipta,,
amedhya,,
amedhyākta,,
ameya,,
ameṣṭa,,
amokya,,
amokṣa,,
amoghapatana,,
amoghabala,,
amoghavāñchita,,
amoghārtha,,
amocanīya,,
amocita,,
amocya,,
amota,,
amauktika,,
amautradhauta,,
ambaraga,,
ambaracara,,
ambaralekhin,ī,
ambuga,,
ambucara,,
ambucārin,ī,
ambujastha,,
ambuja,,
ambujākṣa,ī,
ambujīvin,ī,
ambubhakṣya,,
ambumaya,ī,
ambumātraja,,
ambuvāhin,ī,
ambūkṛta,,
ambūrmigata,,
ambhaḥstha,,
ambhṛṇa,,
ambhogarbha,,
ammaya,ī,
amlatiktakaṣāya,,
amlarasa,,
amla,,
amlāna,,
amlānin,ī,
amlāyin,ī,
amlībhūta,,
ayaḥśapha,,
ayaḥśipra,,
ayaḥśṛṅga,,
ayaḥsthūṇa,,
ayakṣmaṃkaraṇa,ī,
ayakṣyamāṇa,,
ayajamāna,,
ayajuṣka,,
ayajuṣkṛta,,
ayajña,,
ayajñiya,,
ayajñīya,,
ayata,,
ayatnakārin,ī,
ayatnakṛta,,
ayatnaja,,
ayatha,,
ayathākṛta,,
ayathājātīyaka,,
ayathāpūrva,,
ayathābhipreta,,
ayathāmukhīna,,
ayathāvṛtta,,
ayathāśāstrakārin,ī,
ayathāsthita,,
ayatheṣṭa,,
ayathocita,,
ayana,,
ayantrita,,
ayamitanakha,,
ayamita,,
ayavaka,,
ayava,,
ayaśaskara,ī,
ayaśasya,,
ayaśobhin,ī,
ayastāpa,,
ayastuṇḍa,,
ayasmaya,ī,
ayācaka,,
ayācamāna,,
ayācitavrata,,
ayācita,,
ayācitāhṛta,,
ayācitopanīta,,
ayācin,ī,
ayājya,,
ayātayāma,,
ayāta,,
ayātrika,,
ayātrīya,,
ayāthārthika,,
ayānvita,,
ayāva,,
ayāśaya,,
ayāsya,,
ayin,ī,
ayuktarūpa,,
ayukta,,
ayuktiyukta,,
ayuga,,
ayuṅga,,
ayuja,,
ayujākṣara,,
ayujin,ī,
ayutadhāra,,
ayutasiddha,,
ayuta,,
ayuddhasena,,
ayuddha,,
ayudhya,,
ayupita,,
ayuvamārin,ī,
ayūthika,,
ayogapeśala,,
ayoga,,
ayogin,ī,
ayogya,,
ayojāla,,
ayodaṃṣṭra,,
ayodhyāvāsin,ī,
ayonika,,
ayonisambhava,,
ayomaya,ī,
ayomiśra,,
ayomukha,,
ayośana,,
ayohata,,
ayohṛdaya,,
ayauktika,,
ayaugika,,
araṃkṛta,,
araṃgama,,
araṃghuṣa,,
araktatāmra,,
arakta,,
arakṣasya,,
arakṣita,,
araṅgin,ī,
arajanīkṛta,,
arajaska,,
araja,,
araṭva,,
araḍuka,,
araṇa,ī,
araṇa,,
araṇāvihārin,ī,
araṇyagata,,
araṇyacara,,
araṇyaja,,
araṇyajīva,,
araṇyanitya,,
araṇyabhava,,
araṇyabhāga,,
araṇyavāsin,ī,
araṇyīya,,
araṇyegeya,,
araṇyenuvākya,,
arata,,
aratika,,
aratijña,,
aratnin,ī,
aratnimātra,ī,
aratha,,
aradhra,,
arapa,,
aramamāṇa,,
arara,ī,
arava,,
araśana,,
araśmika,,
arasajña,,
arasāśin,ī,
arasika,,
arahita,,
ara,,
arākṣasa,,
arāgadveṣin,ī,
arāga,,
arāgin,ī,
arājaka,,
arājanya,,
arājānvayin,ī,
arājin,ī,
arāḍa,ī,
arāḍya,,
arātidūṣaṇa,,
arātiha,,
arāya,,
arālapakṣmanayana,,
arāla,,
ariṃdama,,
arikta,,
arikthīya,,
arigūrta,,
aritragādha,,
aritraparaṇa,ī,
aritra,,
arinandana,,
arinuta,,
ariphita,,
arimardana,,
ariśāsin,ī,
ariṣaṇya,,
ariṣṭaka,,
ariṣṭagrāma,,
ariṣṭaratha,,
ariṣṭavīra,,
ariṣṭuta,,
arīṇa,,
arīłha,,
arugṇa,,
arucita,,
arucira,,
arucya,,
aruṇapiśaṅga,,
aruṇapuṣpa,,
aruṇalocana,,
aruṇāśva,,
aruṇīkṛta,,
aruṇaita,,
aruddha,,
aruṣastūpa,,
aruṣkara,,
aruṣkṛta,,
arūkṣa,,
arūkṣita,,
arūkṣṇa,,
arūpaka,,
arūpajña,,
arūpin,ī,
aretaska,,
arepa,,
arephajāta,,
arepha,,
arephin,ī,
arokadanta,,
aroka,,
arogaṇa,,
arogin,ī,
arogya,,
arocaka,,
arocakin,ī,
arocamāna,,
arocuka,,
arodhya,,
aromaśa,,
aroṣaṇa,,
arohiṇīka,,
araudra,,
arkaja,,
arkanetra,,
arkamaya,,
arkavidha,,
arkāśvamedhin,ī,
arkin,ī,
arkīya,,
argala,,
argalita,,
argalīya,,
argalya,,
arghārha,,
arghyaśīla,,
arghya,,
arcaka,,
arcatrya,,
arcaddhūma,,
arcana,ī,
arcanīya,,
arcārhaka,,
arcārha,,
arcita,,
arcitin,ī,
arcin,ī,
arcya,,
arjaka,,
arjanīya,,
arjita,,
arjin,ī,
arjunakāṇḍa,,
arjunasa,,
arjuna,,
arjunāriṣṭasaṃchanna,,
arṇavasaridāśrita,,
arṇava,,
arṇasa,,
arṇoda,,
artana,,
artuka,,
arthakara,ī,
arthakāma,,
arthakārin,ī,
arthakāśin,ī,
arthakilbiṣin,ī,
arthakṛta,,
arthakovida,,
arthagata,,
arthagrāhin,ī,
arthaghna,,
arthacitta,,
arthacintaka,,
arthajña,,
arthatantra,,
arthada,,
arthanāśaka,,
arthanibandhana,,
arthanīya,,
arthanyūna,,
arthapara,,
arthaparigraha,,
arthapūrvaka,,
arthabhṛta,,
arthamatta,,
arthamaya,,
arthamātra,,
arthayukta,,
arthayogya,,
arthalubdha,,
arthalola,,
arthavarjita,,
arthavādin,ī,
arthavināśana,,
arthavyayasaha,,
arthaśālin,ī,
arthasaṃgrahin,ī,
arthasaṃnyāsin,ī,
arthasama,,
arthasambandhin,ī,
arthasambhava,,
arthasādhaka,ikā,
arthasiddha,,
arthahara,,
arthahāraka,ikā,
arthahārin,ī,
arthahīna,,
arthākṣipta,,
arthādhikārin,ī,
arthānvita,,
arthāpekṣa,,
arthārthatattvajña,,
arthārtha,,
arthārthin,ī,
arthika,,
arthitavya,,
arthita,,
arthin,ī,
arthīya,,
arthuṣya,,
arthega,,
arthopakṣepaka,,
ardana,,
ardita,,
arditin,ī,
ardyamāna,,
ardhakaṃsika,,
ardhakaghātin,ī,
ardhakapiśa,,
ardhaka,,
ardhakārṣika,,
ardhakṛta,,
ardhakṛṣṭa,,
ardhakaiśika,ī,
ardhakauḍavika,,
ardhacaturtha,,
ardhacandanalipta,,
ardhacandrabhāgin,ī,
ardhacandramukha,,
ardhacandra,,
ardhacandrākāra,,
ardhacandrākṛta,,
ardhacandropama,,
ardhatikta,,
ardhadagdha,,
ardhadrauṇika,,
ardhaniṣpanna,,
ardhapakva,,
ardhapañcadaśa,,
ardhapañcamaka,,
ardhapañcama,,
ardhapāñcālaka,,
ardhapādika,,
ardhapīta,,
ardhapuruṣīya,,
ardhapūrṇa,,
ardhaprasthika,,
ardhabhāgika,,
ardhabhāgin,ī,
ardhamāgadhaka,,
ardhamātra,,
ardhamātrika,,
ardhamāsatama,,
ardhamāsika,,
ardhamuṇḍa,,
ardharūḍha,,
ardharūpa,,
ardharcaśasya,,
ardhalikhita,,
ardhavastrasaṃvīta,,
ardhaśabda,,
ardhaśeṣa,,
ardhaśyāma,,
ardhaśruta,,
ardhaṣaṣṭha,,
ardhasaptadaśa,,
ardhasaptama,,
ardhasama,,
ardhasīrin,ī,
ardhasuptaka,ikā,
ardhaspṛṣṭa,,
ardhahara,,
ardha,,
ardhāṃśin,ī,
ardhācita,,
ardhārdha,,
ardhāvabhedaka,,
ardhāvabheda,,
ardhāvalīḍha,,
ardhāvaśeṣa,,
ardhāviṣṭa,,
ardhika,ī,
ardhin,ī,
ardhīkṛta,,
ardhuka,,
ardhendra,,
ardhokta,,
ardhocchiṣṭa,,
ardhodita,,
ardhoruka,,
ardhya,,
arpaṇa,ī,
arpaṇīya,,
arpitakara,,
arpita,,
arpitopta,,
arpya,,
arbudin,ī,
arbhaka,,
arbhaga,,
arbha,,
aryamya,,
arya,,
arvaśa,,
arvākcatvāriṃśa,,
arvākpañcāśa,,
arvākśata,,
arvākṣaṣṭha,,
arvāgaśīta,,
arvāgbila,,
arvāgviṃśa,,
arvācin,ī,
arśasa,,
arśasāna,,
arśasin,ī,
arśin,ī,
arśoghora,,
arśorogayuta,,
arśorogin,ī,
arṣaṇa,,
arṣaṇin,ī,
arhaka,,
arhaṇa,,
arhaṇīya,,
arhattama,,
arhanta,,
arhita,,
arhya,,
alaṃkaraṇin,ī,
alaṃkarmīṇa,,
alaṃkārahīna,,
alaṃkārya,,
alaṃkṛta,,
alaṃgāmin,ī,
alaṃjīvika,,
alaṃjuṣa,,
alaṃtama,,
alaṃdhana,,
alaṃpuruṣīṇa,,
alaṃpūrva,,
alaṃprajanana,,
alaṃbala,,
alakṣaṇaka,,
alakṣita,,
alakṣitāntaka,,
alakṣitopasthita,,
alakṣyaliṅga,,
alakṣya,,
alagna,,
alaghupratijña,,
alaṅghanīya,,
alaṅghitapūrva,,
alaṅghita,,
alaṅghya,,
alajacita,,
alabdhagādha,,
alabdhanātha,,
alabdhanidra,,
alabdhapada,,
alabdha,,
alabdhābhīpsita,,
alabhamāna,,
alabhya,,
alamātardana,,
alamārya,,
alampaṭa,,
alaya,,
alavaṇa,,
alavaṇāśin,ī,
alāñchana,,
alātṛṇa,,
alābumaya,,
alāyya,,
alāsya,,
aliṅgin,ī,
alīkavādaśīla,,
alīkin,ī,
alīkya,,
aluñca,,
alupta,,
alubdha,,
alūkṣa,,
alūna,,
alepaka,,
alepa,,
aleśa,,
aleśaija,,
alokanīya,,
alokasāmānya,,
aloka,,
alokita,,
alopāṅga,,
alobhin,ī,
alomaharṣaṇa,,
alola,,
alolupa,,
alolupyamāna,,
aloha,,
alohita,,
alaukika,ī,
alpakaṇṭha,,
alpaka,ikā,
alpakāya,,
alpakrīta,,
alpaceṣṭita,,
alpacchada,,
alpajña,,
alpatara,,
alpadakṣiṇa,,
alpadarśana,,
alpadhana,,
alpanidāna,,
alpaparicchada,,
alpaparīvāra,,
alpapāyin,ī,
alpaprabhāva,,
alpapramāṇa,,
alpaprayoga,,
alpaprāṇa,,
alpabalaprāṇa,,
alpabala,,
alpabādha,,
alpabhāṣin,ī,
alpabhujāntara,,
alpamadhyama,,
alpamūlya,,
alpampaca,,
alparuja,,
alpavādin,ī,
alpavidya,,
alpaviṣaya,,
alpavyāhārin,ī,
alpaśarīra,,
alpaśeṣa,,
alpasaṃnicaya,,
alpasattva,,
alpasambhāratama,,
alpasambhāra,,
alpasāra,,
alpasvara,,
alpasva,,
alpākāṅkṣin,ī,
alpāṅga,,
alpājya,,
alpātaṅka,,
alpātyaya,,
alpābādha,,
alpārambha,,
alpālpa,,
alpāvaśiṣṭa,,
alpāvaśeṣa,,
alpāhāra,,
alpāhārin,ī,
alpita,,
alpiṣṭha,,
alpeccha,,
alpetara,,
alpeśākhya,,
alpona,,
avaṃśya,,
avakaṭa,,
avakalita,,
avakalpita,,
avakāda,,
avakāśada,,
avakāśya,,
avakin,ī,
avakīrṇajaṭābhāra,,
avakīrṇa,,
avakīrṇin,ī,
avakuṭāra,,
avakuṇṭhita,,
avakṛta,,
avakṛtta,,
avakṛṣṭatara,,
avakṛṣṭa,,
avakḷpta,,
avakeśa,,
avakeśin,ī,
avakokila,,
avaktavya,,
avakrakṣin,ī,
avakra,,
avakrāmin,ī,
avakruṣṭa,,
avaklinnapakva,,
avakṣāṇa,,
avakṣāma,,
avakṣipta,,
avakṣīṇa,,
avakṣuta,,
avagaṇa,,
avagaṇita,,
avagata,,
avagatha,,
avagadita,,
avagantavya,,
avagamaka,,
avagamin,ī,
avagamya,,
avagarhita,,
avagalita,,
avagāḍha,,
avagāhita,,
avagīta,,
avagīrṇa,,
avaguṇa,,
avaguṇṭhitamukha,,
avaguṇṭhita,,
avaguṇḍita,,
avagūrṇa,,
avagṛhya,,
avagorya,,
avaghaṭṭita,,
avaghātin,ī,
avaghuṣita,,
avaghuṣṭa,,
avaghūrṇa,,
avaghūrṇita,,
avaghoṭita,,
avaghra,,
avaghrāta,,
avaghreya,,
avacanakara,,
avacana,,
avacanīya,,
avacaskara,,
avacāyin,ī,
avacāraṇa,,
avacārita,,
avacita,,
avacīravicīraka,,
avacūrṇita,,
avacchanna,,
avacchāta,,
avacchita,,
avacchinna,,
avacchedaka,,
avacchedya,,
avajāta,,
avajita,,
avajihva,,
avajñāta,,
avajñeya,,
avajñopahata,,
avaṭya,,
avataṃsita,,
avatata,,
avatapta,,
avatānta,,
avatāpin,ī,
avatāraka,,
avatāraprekṣin,ī,
avatārita,,
avatārin,ī,
avatīrṇarṇa,,
avatīrṇa,,
avatunna,,
avatṛṇṇa,,
avatta,,
avattin,ī,
avatrasta,,
avatsīya,,
avadagdha,,
avadatta,,
avadalita,,
avadātavasana,,
avadāta,,
avadānya,,
avadāraka,,
avadāraṇa,,
avadārita,,
avadāvada,,
avadīrṇa,,
avadeya,,
avadyagohana,,
avadya,,
avadyotaka,,
avadyotin,ī,
avadha,,
avadhānin,ī,
avadhāraka,,
avadhāraṇa,,
avadhāraṇīya,,
avadhārita,,
avadhāritin,ī,
avadhārya,,
avadhārha,,
avadhika,,
avadhijñānin,ī,
avadhīyamāna,,
avadhīrita,,
avadhīrin,ī,
avadhūka,,
avadhūtaveṣa,,
avadhūta,,
avadhūpita,,
avadhūlita,,
avadhṛta,,
avadhya,,
avadhyāta,,
avadhyāyin,ī,
avadhyeya,,
avadhra,,
avadhvasta,,
avanatakaya,,
avanatamukha,,
avanata,,
avanatānana,,
avanatottarakāya,,
avanaddha,,
avana,,
avanāṭanāsika,,
avanāmaka,,
avanāmita,,
avanāmin,ī,
avaniṃgata,,
avanikta,,
avanicara,,
avanīta,,
avanīmukha,,
avanīyamāna,,
avanīya,,
avanegya,,
avanejana,ī,
avaneya,,
avapatita,,
avapanna,,
avapāka,,
avapātrita,,
avapāśita,,
avapiṇḍita,,
avapīḍita,,
avapuñjita,,
avapūrṇa,,
avapṛṣṭhīkṛta,,
avapṛṣṭhībhūta,,
avapothita,,
avaprasnuta,,
avaprasruta,,
avapluta,,
avabaddha,,
avabāḍha,,
avabuddha,,
avaboddhavya,,
avabodhaka,,
avabodhanīya,,
avabodhita,,
avabhagna,,
avabharjita,,
avabhāṣita,,
avabhāsaka,,
avabhāsita,,
avabhāsin,ī,
avabhāsya,,
avabhinna,,
avabhugna,,
avabhedaka,,
avabhedin,ī,
avamata,,
avamatāṅkuśa,,
avamantavya,,
avamanyaka,,
avamardana,,
avamardita,,
avamarśita,,
avamānanīya,,
avamānita,,
avamānin,ī,
avamānya,,
avamūtrita,,
avamūrdhaka,,
avamūrdhaśaya,,
avamehanīya,,
avayavin,ī,
avayuna,,
avaratara,,
avaraspara,,
avarārdha,,
avarārdhya,,
avarāvara,,
avarīṇa,,
avarugṇa,,
avaruṇya,,
avarudita,,
avaruddhadeha,,
avaruddha,,
avarudhyamāna,,
avarūḍha,,
avarokin,ī,
avarokta,,
avarodhaka,,
avarodhana,ī,
avarodhin,ī,
avaropita,,
avarohaṇa,ī,
avarohita,,
avarohitīya,,
avarohin,ī,
avarjanīya,,
avarṇakāraka,,
avarṇa,,
avarṇya,,
avartamāna,,
avartin,ī,
avartra,,
avardhamāna,,
avarṣin,ī,
avarṣuka,,
avalakṣa,,
avalagna,,
avalaṅghita,,
avalambaka,,
avalambana,ī,
avalambitavya,,
avalambita,,
avalambin,ī,
avalita,,
avalipta,,
avalīḍha,,
avalīna,,
avaluṇṭhita,,
avalūna,,
avalehaka,,
avalehin,ī,
avalokaka,,
avalokanaka,,
avalokanīya,,
avalokayitavya,,
avalokita,,
avalokin,ī,
avalokya,,
avalopya,,
avaloma,,
avalgukārin,ī,
avavadita,,
avaviddha,,
avavisraṃsita,,
avavṛṣṭa,,
avaśaga,,
avaśapta,,
avaśānta,,
avaśin,ī,
avaśiṣṭa,,
avaśīta,,
avaśīna,,
avaśībhūta,,
avaśīrṇa,,
avaśīrṣaka,,
avaśendriyacitta,,
avaśeṣita,,
avaśeṣya,,
avaśyakārya,,
avaśyapācya,,
avaśyabhāgīyaka,,
avaśyambhāvin,ī,
avaśyāta,,
avaśyāna,,
avaśyendriya,,
avaṣaṭkāra,,
avaṣaṭkṛta,,
avaṣṭabdha,,
avaṣṭabhya,,
avaṣṭambhamaya,,
avaṣṭhyūta,,
avasaṃcakṣya,,
avasakta,,
avasathin,ī,
avasathya,,
avasanna,,
avasarjita,,
avasarpita,,
avasavya,,
avasādaka,,
avasādanāvineya,,
avasādita,,
avasānaka,ikā,
avasānadarśa,,
avasāna,,
avasānika,,
avasānya,,
avasāma,,
avasāyaka,,
avasāyin,ī,
avasikta,,
avasiñcita,,
avasitakārya,,
avasitamaṇḍana,,
avasita,,
avasitārtha,,
avasupta,,
avasṛṣṭa,,
avasecita,,
avaseya,,
avaskandita,,
avaskandin,ī,
avaskanna,,
avastabdha,,
avastātprapadana,,
avastīrṇa,,
avastra,,
avasthāyin,ī,
avasthita,,
avasnāta,,
avasrasta,,
avasruta,,
avasvanya,,
avahata,,
avaharṣita,,
avahāraka,,
avahārya,,
avahāsya,,
avahita,,
avahṛta,,
avahelita,,
avākin,ī,
avākka,,
avākphala,,
avākśākha,,
avākśīrṣa,,
avākśṛṅga,,
avāgagra,,
avāgja,,
avāgduṣṭa,,
avāgra,,
avāgvadana,,
avāṅmukha,ī,
avācaṃyama,,
avācaka,,
avācanīya,,
avācāla,,
avācīnahasta,,
avācīnāgra,,
avācya,,
avāñcita,,
avātala,,
avātita,,
avādin,ī,
avāna,,
avāntaradīkṣa,,
avāntaradīkṣin,ī,
avāntara,,
avāpa,,
avāpita,,
avāptavya,,
avāpta,,
avāptukāma,,
avāpya,,
avāraṇīya,,
avārapārīṇa,,
avāritadvāra,,
avāritavya,,
avārita,,
avārīṇa,,
avāruṇa,,
avārtta,,
avārya,,
avāśṛṅga,,
avāsin,ī,
avāstava,,
avāhana,,
avikaca,,
avikacita,,
avikatthana,,
avikala,,
avikalpaka,,
avikalpa,,
avikalpita,,
avikārasadṛśa,,
avikāra,,
avikārin,ī,
avikārya,,
avikuṇṭha,,
avikūṇita,,
avikṛta,,
avikṛtāṅga,,
avikṛṣita,,
avikṛṣṭa,,
avikopita,,
avikrama,,
avikrayya,,
avikrānta,,
avikriyātmaka,,
avikrīta,,
avikreya,,
aviklinnākṣa,,
avikliṣṭa,,
avikṣata,,
avikṣita,,
avikṣipa,,
avikṣipta,,
avikṣīṇa,,
avikṣubdha,,
avikhaṇḍita,,
avikhyātadoṣa,,
avigarhita,,
avigalita,,
avigīta,,
aviguṇa,,
avighāta,,
avighna,,
avighnita,,
avicakṣaṇa,,
avicala,,
avicalita,,
avicalendriya,,
avicācala,,
avicārajña,,
avicāraṇīya,,
avicāra,,
avicārita,,
avicārya,,
avicālita,,
avicālin,ī,
avicālya,,
avicita,,
avicintya,,
avicṛtya,,
avicetana,,
avicchinna,,
avicyuta,,
avijātīya,,
avijānaka,,
avijitin,ī,
avijña,,
avijñāta,,
avijñāna,,
avijñeya,,
avitathakriya,,
avitatha,,
avitathehita,,
avitarkita,,
avita,,
avitāna,,
avitārin,ī,
avitṛptakāma,,
avitṛpta,,
avithura,,
avithya,,
avidagdha,,
avidasya,,
avidāsin,ī,
avidāhin,ī,
avidita,,
aviduṣṭara,,
avidūra,,
avidoṣa,,
aviddha,,
avidyamāna,,
avidya,,
avidyāmaya,,
avidriya,,
avidviṣāṇa,,
avidhāyin,ī,
avidhura,,
avidhya,,
avinābhāvin,ī,
avināyin,ī,
avināśin,ī,
avināśya,,
avinipātita,,
avinipātin,ī,
avinivartin,ī,
avinīta,,
avinyasta,,
avipakvakaraṇa,,
avipakvakaṣāya,,
avipakva,,
avipakṣa,,
aviparihṛta,,
avipula,,
aviprakṛṣṭa,,
aviprapañca,,
aviprayukta,,
avipralabdha,,
avipralambhaka,,
aviprahata,,
avipra,,
avipluta,,
aviphala,,
avibudha,,
avibhakta,,
avibhaktin,ī,
avibhāgin,ī,
avibhāgya,,
avibhājya,,
avibhāvanīya,,
avibhāvita,,
avibhāvyamāna,,
avibhāvya,,
avibhinna,,
avibhraṃśa,,
avibhraṃsin,ī,
avibhrama,,
avibhraṣṭa,,
avibhrānta,,
avimarśa,,
avimarśitavya,,
avimita,,
avimukta,,
avimucyamāna,,
avimokya,,
aviyukta,,
aviyogin,ī,
avirakta,,
avirata,,
aviralita,,
avirahita,,
aviruddha,,
avirūḍha,,
avirecanīya,,
avirecya,,
avirodhita,,
avirodhin,ī,
avilakṣita,,
avilaṅghanīya,,
avilaṅghya,,
avilamba,,
avilambita,,
avilikha,,
avilupta,,
avivakṣita,,
avivākya,,
avivāda,,
avivādin,ī,
avivāha,,
avivāhin,ī,
avivāhya,,
avivikta,,
avivekin,ī,
avivecaka,,
aviśaṅka,,
aviśaṅkita,,
aviśuddha,,
aviśeṣa,,
aviśrabdha,,
aviśrama,,
aviśrambhin,ī,
aviśrānta,,
aviśvasanīya,,
aviśvasta,,
aviśvāsa,,
aviśvāsin,ī,
aviṣakta,,
aviṣama,,
aviṣaya,,
aviṣahya,,
aviṣāṇa,,
aviṣādin,ī,
aviṣṭāva,,
aviṣṭha,,
avisaṃvādita,,
avisaṃvādin,ī,
avisargin,ī,
avisṛṣṭa,,
avistīrṇa,,
avistṛta,,
avispandita,,
avismita,,
avismṛta,,
avisrāvya,,
avihata,,
avihasta,,
avihiṃsaka,,
avihiṃsra,,
avihita,,
aviheṭhita,,
avihruta,,
avīkṣita,,
avīkṣin,ī,
avīṅgita,,
avīraghnastha,,
avīraghna,,
avīrajuṣṭa,,
avīra,,
avṛka,,
avṛkṣaka,,
avṛkṣa,,
avṛjina,,
avṛta,,
avṛtta,,
avṛttika,,
avṛddhika,,
avṛdha,,
avṛntaka,,
avṛṣaṇa,,
avṛṣṭa,,
avṛṣṭikāma,,
avekṣaṇīya,,
avekṣitavya,,
avekṣin,ī,
avekṣya,,
aveta,,
avedana,,
avedayāna,,
avedavihita,,
avedin,ī,
avedokta,,
avedya,,
avedhya,,
aveśasadṛśa,,
avaidika,,
avaidya,,
avaidha,,
avaibhīdaka,,
avaivartika,,
avokṣaṇīya,,
avoda,,
avoṣīya,,
avoṣya,,
avyaktanirmāṇa,,
avyaktapada,,
avyaktabhāṣin,ī,
avyaktalakṣaṇa,,
avyaktavyakta,,
avyakta,,
avyaṅgāṅga,ī,
avyatikīrṇa,,
avyatireka,,
avyatirekin,ī,
avyatiṣakta,,
avyathamāna,,
avyatha,,
avyathin,ī,
avyathya,,
avyanta,,
avyapadeśarūpin,ī,
avyapadeśya,,
avyapeta,,
avyapohya,,
avyabhicāra,,
avyabhicārin,ī,
avyaya,,
avyarṇa,,
avyartha,,
avyardhuka,,
avyalīka,,
avyavacchinna,,
avyavadhāna,,
avyavalambin,ī,
avyavasāyin,ī,
avyavasita,,
avyavasta,,
avyavastha,,
avyavasthita,,
avyavahārya,,
avyavahita,,
avyavahṛta,,
avyaveta,,
avyasana,,
avyasanin,ī,
avyasta,,
avya,,
avyākṛta,,
avyākhyeya,,
avyāja,,
avyāpaka,,
avyāpanna,,
avyāpin,ī,
avyāpta,,
avyābādha,,
avyālaceṣṭita,,
avyāvartanīya,,
avyāvṛtta,,
avyāhata,,
avyāhārin,ī,
avyucchinna,,
avyutpanna,,
avyuptakeśa,,
avyuptavaha,,
avyuṣṭa,,
avyūḍha,,
avyṛddha,,
avratika,,
avratin,ī,
avratya,,
avrājin,ī,
aśaktabhartṛka,,
aśakta,,
aśaknuvāna,,
aśakya,,
aśakyārtha,,
aśaṅka,,
aśaṅkita,,
aśaṅkya,,
aśatadakṣiṇa,,
aśana,,
aśanāyita,,
aśanāyuka,,
aśanika,,
aśanin,ī,
aśanihata,,
aśabda,,
aśamarathaṃbhāvuka,,
aśaraṇīkṛta,,
aśaraṇya,,
aśaramaya,,
aśarīrin,ī,
aśastavāra,,
aśasta,,
aśastra,,
aśānta,,
aśāntikara,,
aśābda,,
aśāmya,,
aśāśvata,ī,
aśāstravihita,,
aśāstrasiddha,,
aśāstrīya,,
aśāsya,,
aśikṣita,,
aśikha,,
aśitaṃgavīna,,
aśitavya,,
aśithira,,
aśin,ī,
aśiraska,,
aśila,,
aśiṣṭa,,
aśiṣṭha,,
aśiṣya,,
aśītama,,
aśīta,,
aśītika,,
aśītikāvara,,
aśītitama,,
aśītīṣṭaka,,
aśītyakṣara,,
aśīrṇa,,
aśīrya,,
aśīrṣaka,,
aśīrṣika,,
aśīrṣin,ī,
aśucikara,,
aśucilipta,,
aśucivrata,,
aśuddha,,
aśubhadarśana,,
aśubha,,
aśubhātmaka,,
aśuṣa,,
aśūdrocchiṣṭin,ī,
aśṛṅga,ī,
aśṛta,,
aśṛthita,,
aśeṣita,,
aśoka,,
aśokāntara,,
aśocanīya,,
aśoca,,
aśocya,,
aśodhita,,
aśobhana,,
aśoṣya,,
aśna,,
aśmakuṭṭaka,,
aśmakuṭṭa,,
aśmagarbhamaya,ī,
aśmacakra,,
aśmacita,,
aśmanta,,
aśmanmaya,ī,
aśmamaya,ī,
aśmavraja,,
aśmasāramaya,,
aśmāpidhāna,,
aśmāsya,,
aśraddadhāna,,
aśraddha,,
aśraddhita,,
aśraddheya,,
aśramaṇa,,
aśrama,,
aśramiṣṭha,,
aśravaṇīya,,
aśrāta,,
aśrāddhabhojin,ī,
aśrāddha,,
aśrāddhin,ī,
aśrāddheya,,
aśrānta,,
aśrāvya,,
aśrita,,
aśrīka,,
aśruta,,
aśrutidhara,,
aśrunetra,,
aśruparipluta,,
aśrupariplutākṣa,,
aśrupūrṇa,,
aśrumaya,ī,
aśrumukha,ī,
aśrulocana,,
aśruvaha,,
aśruvilocana,,
aśrūpahata,,
aśreyaska,,
aśreṣṭha,,
aśrotra,,
aśrotriya,,
aślāghya,,
aśliṣṭa,,
aśliṣṭārtha,,
aślīka,,
aślīla,,
aśvakarṇaka,,
aśvakarṇa,,
aśvakovida,,
aśvakrānta,,
aśvakrīta,ī,
aśvajaghana,,
aśvatthaka,,
aśvattha,,
aśvatthāma,,
aśvatthika,ī,
aśvatthila,,
aśvatthīya,,
aśvada,,
aśvadāya,,
aśvaparṇa,,
aśvapastya,,
aśvapāda,,
aśvapūrṇa,,
aśvapṛṣṭha,,
aśvapraṇīta,,
aśvaprapatanīya,,
aśvabandhana,ī,
aśvabudhya,,
aśvamukha,ī,
aśvamedhika,,
aśvamedhin,ī,
aśvayukta,,
aśvaratha,,
aśvavṛndin,ī,
aśvaśaphabudhna,,
aśvaśaphamātra,,
aśvasādhana,,
aśvastana,ī,
aśvastanika,,
aśvasthāna,,
aśvahaya,,
aśvādhika,,
aśvābhidhānīkṛta,,
aśvāmagha,,
aśvārūḍha,,
aśvika,ī,
aśvidevatāka,,
aśvinakṛta,,
aśvin,ī,
aśvīya,,
aśveṣita,,
aśvya,,
aṣaḍakṣīṇa,,
aṣatara,,
aṣāḍha,,
aṣāḍhin,ī,
aṣṭakapāla,,
aṣṭakarṇa,,
aṣṭakin,ī,
aṣṭakya,,
aṣṭagava,,
aṣṭaguṇa,,
aṣṭaguṇāśraya,,
aṣṭagṛhīta,,
aṣṭacatvāriṃśa,,
aṣṭatriṃśa,,
aṣṭadala,,
aṣṭadhāvihita,,
aṣṭanavata,,
aṣṭanavatitama,,
aṣṭapañcāśattama,,
aṣṭapañcāśa,,
aṣṭapattra,,
aṣṭapāda,,
aṣṭapuruṣa,,
aṣṭamaka,,
aṣṭamakālika,,
aṣṭama,ī,
aṣṭama,,
aṣṭarasāśraya,,
aṣṭavarga,,
aṣṭavārṣika,ī,
aṣṭavikalpa,,
aṣṭavidha,,
aṣṭavṛṣa,,
aṣṭaśatasāhasra,,
aṣṭaṣaṣṭa,,
aṣṭaṣaṣṭitama,,
aṣṭasaptatitama,,
aṣṭasāhasraka,ikā,
aṣṭa,,
aṣṭākapāla,,
aṣṭāgava,,
aṣṭāgṛhīta,,
aṣṭāṅgasamanvāgata,,
aṣṭāṅgopeta,,
aṣṭācatvāriṃśaka,,
aṣṭācatvāriṃśadiṣṭaka,,
aṣṭācatvāriṃśa,,
aṣṭācatvāriṃśin,ī,
aṣṭātriṃśa,,
aṣṭādaṃṣṭra,,
aṣṭādaśama,,
aṣṭādaśa,,
aṣṭāparṇa,,
aṣṭāpādya,,
aṣṭāra,,
aṣṭārdha,,
aṣṭāvandhura,,
aṣṭāviṃśa,,
aṣṭāśapha,,
aṣṭāha,,
aṣṭika,,
aṣṭin,ī,
aṣṭottara,,
aṣṭrāvin,ī,
aṣṭhīvaddaghna,,
asaṃkara,,
asaṃkalpanīya,,
asaṃkalpita,,
asaṃkasuka,,
asaṃkīrṇa,,
asaṃkula,,
asaṃkḷpta,,
asaṃketita,,
asaṃkhyaka,,
asaṃkhyāta,,
asaṃkhyeyaguṇa,,
asaṃkhyeya,,
asaṃgata,,
asaṃgrāha,,
asaṃcaya,,
asaṃcayika,,
asaṃcārya,,
asaṃcita,,
asaṃchanna,,
asaṃjñapta,,
asaṃjña,,
asaṃjvara,,
asaṃtata,,
asaṃtuṣṭa,,
asaṃtyāgin,ī,
asaṃtyājya,,
asaṃdadhāna,,
asaṃdigdha,,
asaṃdita,,
asaṃdina,,
asaṃdṛśya,,
asaṃdhita,,
asaṃdheya,,
asaṃnaddha,,
asaṃnikṛṣṭa,,
asaṃnipātin,ī,
asaṃnyupta,,
asaṃpanna,,
asaṃparka,,
asaṃpāṭhya,,
asaṃpūrṇa,,
asaṃpṛñcāna,,
asaṃpratta,,
asaṃpradatta,,
asaṃprāpta,,
asaṃbaddha,,
asaṃbandha,,
asaṃbhava,,
asaṃbhāvanīya,,
asaṃbhāvita,,
asaṃbhāvya,,
asaṃbhāṣya,,
asaṃbhinna,,
asaṃbhedya,,
asaṃbhojya,,
asaṃbhrama,,
asaṃmata,,
asaṃmatādāyin,ī,
asaṃmita,,
asaṃmukha,ī,
asaṃmugdha,,
asaṃmūḍha,,
asaṃmṛṣṭa,,
asaṃyata,,
asaṃyatta,,
asaṃyājya,,
asaṃyukta,,
asaṃyuta,,
asaṃyoga,,
asaṃyogopadha,,
asaṃlakṣya,,
asaṃvatsarabhṛta,,
asaṃvatsarabhṛtin,ī,
asaṃvatsaravāsin,ī,
asaṃvara,,
asaṃvārya,,
asaṃvijñāta,,
asaṃvida,,
asaṃvidāna,,
asaṃvṛta,,
asaṃvyavahārya,,
asaṃvyāhārin,ī,
asaṃśabdya,,
asaṃśliṣṭa,,
asaṃsakta,,
asaṃsūktagila,,
asaṃsṛṣṭa,,
asaṃskārya,,
asaṃskṛta,,
asaṃskṛtālakin,ī,
asaṃstava,,
asaṃstuta,,
asaṃsthāna,,
asaṃsthita,,
asaṃhata,,
asaṃhārya,,
asaṃhita,,
asakala,,
asakta,,
asaktha,,
asakra,,
asaṅgacārin,ī,
asaṅga,,
asaṅgin,ī,
asajāta,,
asajjamāna,,
asatkṛta,,
asatkṛtya,,
asattva,,
asatpatha,,
asatparigraha,,
asatputra,,
asatyavādin,ī,
asatyasandha,,
asatyasannibha,,
asatya,,
asadāgraha,,
asadācāra,,
asadācārin,ī,
asadṛśavyavahārin,ī,
asadṛśa,ī,
asadgraha,,
asadgrāha,,
asadgrāhin,ī,
asadvyavahāra,,
asadvyavahārin,ī,
asana,,
asanika,,
asanidarśana,,
asanna,,
asapiṇḍa,,
asabha,,
asabhya,,
asamagra,,
asamañjasa,,
asamayavyukta,,
asamaratha,,
asamarpita,,
asamavāyin,ī,
asamaveta,,
asamaṣṭakāvya,,
asamasama,,
asamasta,,
asama,,
asamānakāraṇa,,
asamānagrāma,,
asamāpta,,
asamāyuta,,
asamīkṣita,,
asamīkṣyakārin,ī,
asamīcīna,,
asamṛddha,,
asameta,,
asamparigraha,,
asampṛkta,,
asamprajñāta,,
asampramāṇa,,
asambhūta,,
asamyakkārin,ī,
asamyakkṛtakārin,ī,
asarūpa,,
asarvajña,,
asarvavīra,,
asarva,,
asavya,,
asahamāna,,
asaha,,
asahāya,,
asahṛdaya,,
asahyapīḍa,,
asāṃtāpika,,
asāṃprata,,
asāṃpradāyika,,
asākṣikahata,,
asākṣika,,
asākṣin,ī,
asātmya,,
asāda,,
asādhana,,
asādhāraṇa,ī,
asādhya,,
asāmanya,,
asāmayika,,
asāmarthya,,
asāmānya,,
asāra,,
asāvadhāna,,
asāhasika,ī,
asitakeśānta,,
asitagrīva,,
asitanayana,,
asitavarṇa,,
asita,,
asitākṣa,ī,
asitekṣaṇa,,
asiddha,,
asiddhārtha,,
asiddhida,,
asibaddha,,
asiṣṭha,,
asukara,,
asukhapīḍita,,
asukhāviṣṭa,,
asukhin,ī,
asukhodaya,,
asukhodarka,,
asugandha,,
asugama,,
asutara,,
asuta,,
asutṛpa,,
asundara,,
asupta,,
asupratāra,,
asumna,,
asurakṣayaṇa,,
asura,,
asurya,,
asuvargya,,
asuṣira,,
asuṣupta,,
asusamāpta,,
asustha,,
asusthirādara,,
asūkṣma,,
asūcīsaṃcāra,,
asūta,,
asūyaka,,
asūya,,
asūrta,,
asūrya,,
asṛksrāva,,
asṛksrāvin,ī,
asṛgdoha,,
asṛgbhājana,,
asṛṅmaya,ī,
asṛṅmiśra,,
asṛṅmukha,,
asṛṣṭa,,
asṛṣṭānna,,
asecanakadarśana,,
asecanaka,,
asecana,,
asecanīya,,
asenya,,
asevita,,
aseviteśvaradvāra,,
asevya,,
asoḍha,,
asomapa,,
asomapītha,,
asomapīthin,ī,
asomayājin,ī,
asoma,,
asaumya,,
asauvarṇa,,
askandita,,
askandin,ī,
askanna,,
askhalitaprayāṇa,,
askhalita,,
astaṃgamita,,
astakaruṇa,,
astakopa,,
astagāmin,ī,
astanimagna,,
astabdha,,
astamita,,
astarya,,
astavyasta,,
astasaṃkhya,,
asta,,
astāgha,,
astābhilāṣin,ī,
astāvalambin,ī,
astuṃkāra,,
astuta,,
astutya,,
astṛta,,
astenamānin,ī,
astoka,,
astobha,,
astrakṣepaka,,
astradhārin,ī,
astrahīna,,
astrāhata,,
astrīka,,
astrījita,,
astrīsambhogin,ī,
astraiṇa,,
astryupāyin,ī,
asthāgha,,
asthānayukta,,
asthānasthapada,,
asthānasthasamāsa,,
asthāna,,
asthānin,ī,
asthāyin,ī,
asthāvara,,
asthija,,
asthita,,
asthidantamaya,,
asthimaya,ī,
asthira,,
asthiśeṣa,,
asthisambhava,,
asthisthūṇa,,
asthisraṃsa,,
asnāta,,
asnāyin,ī,
asnāvaka,,
asnāvira,,
asnigdha,,
asneha,,
asnehya,,
aspandana,,
aspandamāna,,
aspanda,,
asparśapara,,
asparśa,,
aspaṣṭa,,
aspṛta,,
aspṛśya,,
aspṛṣṭapuruṣāntara,,
aspṛṣṭarajastamaska,,
aspṛṣṭa,,
aspṛhaṇīya,,
aspṛha,,
asmatpreṣita,,
asmadīya,,
asmaddevatya,,
asmadrāta,,
asmadvidha,,
asmartavya,,
asmāka,,
asmādṛśa,,
asmārta,,
asmṛta,,
asyandamāna,,
asyudyata,,
asyūtanāsika,,
asra,,
asrāyamāṇaka,,
asridhāna,,
asrin,ī,
asruta,,
asvaga,,
asvacchanda,,
asvadita,,
asvana,,
asvanta,,
asvapna,,
asvabhāva,,
asvaraka,,
asvara,,
asvarita,,
asvarūpa,,
asvargya,,
asvarya,,
asvaryogya,,
asvaveśa,,
asvasthaśarīra,,
asvasthāna,,
asva,,
asvāṅgapūrvapada,,
asvādhīna,,
asvādhyāyapara,,
asvādhyāya,,
asvārtha,,
asvāhākṛta,,
asvinna,,
asvīkṛta,,
asvedana,,
asveda,,
asvedya,,
ahaṃkartavya,,
ahaṃkārin,ī,
ahaṃkārya,,
ahaṃkṛta,,
ahaṃvādin,ī,
ahaṃsana,,
ahaḥkṣānta,,
ahatamārga,,
ahata,,
ahantya,,
ahantva,,
ahanyamāna,,
ahanya,,
ahampūrva,,
ahammāna,,
aharaṇīya,,
aharita,,
aharjāta,,
ahardiva,,
aharṣamaya,,
aharṣa,,
ahala,,
ahaviryājin,ī,
ahaścara,,
ahārin,ī,
ahārya,,
ahiṃkāra,,
ahiṃsaka,,
ahiṃsāna,,
ahiṃsānirata,,
ahiṃsyamāna,,
ahiṃsya,,
ahiṃsra,,
ahitakārin,ī,
ahita,,
ahidanta,,
ahimāya,,
ahiraṇyava,,
ahiraṇya,,
ahivratin,ī,
ahīnavādin,ī,
ahīna,,
ahīnāha,,
ahuta,,
ahūta,,
ahṛṇāna,,
ahṛṇīyamāna,,
ahṛta,,
ahṛdayajña,,
ahṛdaya,,
ahṛdya,,
aheḍamāna,,
ahelin,ī,
ahełamāna,,
ahaituka,ī,
ahnavāyya,,
ahnija,,
ahraya,,
ahrasta,,
ahrīka,,
ahruta,,
āṃśya,,
āṃhaspatya,,
ākaṇṭhatṛpta,,
ākatthana,,
ākapila,,
ākapiśa,,
ākampita,,
ākampra,,
ākaraja,,
ākara,,
ākarin,ī,
ākarṇamukta,,
ākarṇin,ī,
ākarṣaka,,
ākarṣika,ī,
ākarṣita,,
ākarṣin,ī,
ākalita,,
ākaluṣa,,
ākalpasthāyin,ī,
ākaṣaka,,
ākaṣika,,
ākasmika,ī,
ākāṅkṣa,,
ākāṅkṣin,ī,
ākāṅkṣya,,
ākāyya,,
ākāraṇīya,,
ākāravarṇasuślakṣṇa,,
ākārita,,
ākālika,ī,
ākālika,,
ākāśagata,,
ākāśacārin,ī,
ākāśaja,,
ākāśamaya,,
ākāśastha,,
ākāśīya,,
ākāśeśa,,
ākāśya,,
ākīrṇa,,
ākuñcita,,
ākuṭila,,
ākuḍmalīkṛta,,
ākuṇṭhita,,
ākulita,,
ākulīkṛta,,
ākulībhūta,,
ākulendriya,,
ākūtipra,,
ākṛta,,
ākṛṣṭa,,
ākekara,,
ākenipa,,
āktakha,,
ākta,,
āktākṣa,,
ākrandanīya,,
ākrandika,ī,
ākrandita,,
ākrandin,ī,
ākramaṇa,,
ākramaṇīya,,
ākramya,,
ākraṣṭavya,,
ākrānta,,
ākrīḍin,ī,
ākrīta,,
ākruṣṭa,,
ākrośaka,,
ākrośin,ī,
āklinna,,
ākṣadyūtika,,
ākṣabhārika,,
ākṣarasamāmnāyika,,
ākṣa,,
ākṣāṇa,,
ākṣārānta,,
ākṣārita,,
ākṣika,,
ākṣipta,,
ākṣepaka,,
ākṣepaṇa,ī,
ākṣepin,ī,
ākṣepya,,
ākhareṣṭha,,
ākhida,,
ākhyātavya,,
ākhyāta,,
ākhyātika,ī,
ākhyātottara,,
ākhyāpaka,,
ākhyāpita,,
ākhyāyin,ī,
ākhyeya,,
āgatakṣobha,,
āgatanandin,ī,
āgatanardin,ī,
āgataprahārin,ī,
āgatamatsya,,
āgatayodhin,ī,
āgatarohin,ī,
āgatavañcin,ī,
āgatavismaya,,
āgatasādhvasa,,
āgata,,
āgatāgama,,
āgatāstha,,
āgadhita,,
āgantuka,,
āgantuja,,
āgamanirapekṣa,,
āgamasaṃhita,,
āgamāpāyin,ī,
āgamika,,
āgamita,,
āgamin,ī,
āgamiṣṭha,,
āgarava,,
āgalita,,
āgavīna,,
āgaskārin,ī,
āgaskṛta,,
āgastīya,,
āgādha,,
āgāmin,ī,
āgāmuka,,
āgīta,,
āguṇṭhita,,
āgurava,ī,
āgūrtin,ī,
āgeya,,
āgopāla,,
āgnāpauṣṇa,,
āgnāvaiṣṇava,,
āgnika,ī,
āgnidatteya,,
āgnipada,,
āgnimāruta,ī,
āgnivāruṇa,ī,
āgniveśya,,
āgniveśyāyana,,
āgniśarmīya,,
āgniṣṭomika,ī,
āgniṣṭomīya,,
āgnihotrika,,
āgnīdhra,,
āgnīndra,,
āgnendra,ī,
āgneya,ī,
āgneya,,
āgneyaindra,,
āgnyādheyika,ī,
āgrabhojanika,,
āgrayaṇāgra,,
āgrasta,,
āgrahāyaṇaka,,
āgrahāyaṇika,,
āgrahārika,,
āghāṭa,,
āghūrṇa,,
āghūrṇita,,
āghoṣita,,
āghnāna,,
āghrāṇa,,
āghrāta,,
āghreya,,
āṅkuśāyana,,
āṅgaka,,
āṅgavidya,,
āṅga,,
āṅgika,,
āṅgirasa,ī,
āṅgīrasa,ī,
āṅgula,ī,
āṅgulika,,
āṅgūṣya,,
āṅgya,,
ācañcala,,
ācayaka,,
ācaraṇīya,,
ācaritavya,,
ācarita,,
ācarya,,
ācānta,,
ācāntodaka,,
ācāmaka,,
ācāmya,,
ācārabhraṣṭa,,
ācāramaya,ī,
ācāravarjita,,
ācāraviruddha,,
ācāravyapeta,,
ācārahīna,,
ācārin,ī,
ācāryadeva,,
ācāryadeśīya,,
ācāryabhogīna,,
ācāryamiśra,,
ācita,,
ācitika,ī,
ācitra,,
ācīrṇa,,
āceṣṭita,,
ācopaca,,
ācchanna,,
ācchādaka,,
ācchādita,,
ācchādin,ī,
ācchinna,,
ācchurita,,
ācchoṭita,,
ācyutika,ī,
ājakrandaka,,
ājagara,ī,
ājapathika,,
ājamīḍhaka,,
ājarjarita,,
ājavāhaka,,
ājavāha,,
ājasrika,,
āja,,
ājātaśātrava,ī,
ājāta,,
ājānaja,,
ājānulambin,ī,
ājānusama,,
ājāneya,ī,
ājāneyya,,
ājāvika,,
ājiśobhin,ī,
ājihmita,,
ājīvanika,,
ājīvya,,
ājñapta,,
ājñākārin,ī,
ājñāta,,
ājñāpaka,ikā,
ājñāpita,,
ājñāpya,,
ājñābhaṅgakara,,
ājñābhaṅgakārin,ī,
ājñāyin,ī,
ājñāvaha,,
ājñāsampādin,ī,
ājyapa,,
ājyalipta,,
āñchita,,
āñjana,,
āñjanya,,
āñjasa,ī,
āñjīkūlaka,,
āṭaka,ikā,
āṭavika,,
āṭa,,
āṭṭasthalīka,,
āḍambarita,,
āḍambarin,ī,
āḍibaka,,
āḍībaka,,
āḍhakajambuka,,
āḍhakika,ī,
āḍhyaṃkaraṇa,ī,
āḍhyakulīna,,
āḍhyacara,,
āḍhyapūrva,,
āḍhyambhāvuka,,
āḍhyarogin,ī,
āṇaka,,
āṇava,,
āṇavīna,,
āṇḍakośa,,
āṇḍaja,,
āṇḍapīta,,
āṇḍāyana,,
āṇḍīka,,
ātaṅkya,,
ātata,,
ātatāyin,ī,
ātatāvin,ī,
ātapatrāyita,,
ātapaśuṣka,,
ātapa,,
ātapīya,,
ātapta,,
ātapya,,
ātāpin,ī,
ātārya,,
ātijagata,,
ātitheya,ī,
ātithyarūpa,,
ātithya,,
ātideśika,,
ātiraścīna,,
ātivāhika,,
ātivijñānya,,
ātiśayika,,
ātiśāyika,,
ātisārika,ī,
ātisvāyana,,
ātunna,,
ātṛṇṇa,,
ātodin,ī,
āttagandha,,
āttagarva,,
āttamanaska,,
āttavidya,,
āttavibhava,,
āttasomapīthīya,,
āttasva,,
ātta,,
ātmaka,ikā,
ātmakāma,,
ātmakāmeyaka,,
ātmakīya,,
ātmakṛta,,
ātmakrīḍa,,
ātmagata,,
ātmagrāhin,ī,
ātmacaturtha,,
ātmaja,,
ātmajña,,
ātmatattvajña,,
ātmatantra,,
ātmatṛpta,,
ātmatyāgin,ī,
ātmadakṣiṇa,,
ātmadrohin,ī,
ātmanātṛtīya,,
ātmanādaśama,,
ātmanādvitīya,,
ātmanāpañcama,,
ātmanāsaptama,,
ātmanitya,,
ātmaniṣkrayaṇa,,
ātmanepadin,ī,
ātmanebhāṣa,,
ātmanvin,ī,
ātmapañcama,,
ātmaparājita,,
ātmapa,,
ātmaprakāśa,,
ātmaprabha,,
ātmaprayojana,,
ātmapraśaṃsaka,,
ātmapraśaṃsin,ī,
ātmabhava,,
ātmabhūta,,
ātmamaya,ī,
ātmayājin,ī,
ātmarakṣaka,,
ātmaruha,,
ātmavañcaka,,
ātmavaśa,,
ātmaślāgha,,
ātmaślāghin,ī,
ātmasaṃyukta,,
ātmasaṃyoga,,
ātmasambhāvita,,
ātmasammita,,
ātmasparaṇa,,
ātmahita,,
ātmādhīna,,
ātmānanda,,
ātmānapekṣa,,
ātmāpahāraka,,
ātmāpahārin,ī,
ātmārāma,,
ātmāvāsya,,
ātmopajīvin,ī,
ātmopama,,
ātyantika,ī,
ātyayika,,
ātreyīya,,
ātharvaṇa,ī,
ātharvaṇika,ī,
ātharvika,,
ādaghna,,
ādatta,,
ādarin,ī,
ādartavya,,
ādardira,,
ādarśaka,,
ādarśamaya,,
ādarśita,,
ādaṣṭa,,
āda,,
ādātavya,,
ādādika,,
ādāyacara,ī,
ādāyamāna,,
ādāya,,
ādāyin,ī,
ādārin,ī,
ādikālīna,,
ādigdha,,
ādityagata,,
ādityajūta,,
ādityadevata,,
ādityapāka,,
ādityavarṇa,,
ādityavratika,,
āditya,,
ādityānuvartin,ī,
ādinavadarśa,,
ādin,ī,
ādipluta,,
ādibuddha,,
ādibhava,,
ādibhūta,,
ādilupta,,
ādivārāha,,
ādiṣṭa,,
ādisvarita,,
ādīpaka,,
ādīpita,,
ādīpta,,
ādīrgha,,
ādūna,,
ādeya,,
ādevaka,ī,
ādeva,ī,
ādeśakārin,ī,
ādeśin,ī,
ādeśya,,
ādyakālaka,ikā,
ādyanta,,
ādyādya,,
ādyudātta,,
ādrisāra,ī,
ādhara,,
ādharmika,ī,
ādharṣa,,
ādharṣya,,
ādhavana,,
ādhātavya,,
ādhāyaka,ikā,
ādhāyin,ī,
ādhārin,ī,
ādhija,,
ādhijña,,
ādhidaivata,,
ādhibhautika,ī,
ādhivedanika,,
ādhīkṛta,,
ādhīta,,
ādhunika,ī,
ādhūmita,,
ādhūmra,,
ādhṛṣīya,,
ādhyaśvīya,,
ādhyātmika,ī,
ādhyāsika,,
ādhvanika,ī,
ādhvarika,ī,
ādhvaryava,ī,
ādhvasta,,
ānakasthalaka,,
ānaka,,
ānaḍuhaka,,
ānaḍuha,ī,
ānata,,
ānaddha,,
ānanacara,ī,
ānantya,,
ānandakara,,
ānandaghana,,
ānandacidghana,,
ānandaja,,
ānandada,,
ānandabhairava,,
ānandamaya,ī,
ānandayitavya,,
ānandarūpa,,
ānandavardhana,,
ānandasambhava,,
ānandāmṛtarūpa,,
ānandin,ī,
ānapatya,,
ānama,,
ānamita,,
ānamya,,
ānamra,,
ānayitavya,,
ānartaka,,
ānartita,,
ānartīya,,
ānava,ī,
ānavya,,
ānasa,,
ānāmita,,
ānāmya,,
ānāyya,,
ānāhika,ī,
āniceya,ī,
ānidheya,ī,
ānirhata,ī,
ānila,ī,
ānīkavata,,
ānīta,,
ānīlaniṣadhāyata,,
ānīlaniṣadhāyāma,,
ānukalpika,,
ānukūlika,,
ānukṛṣṭa,,
ānukhaḍgya,,
ānugaṅgya,,
ānugatika,,
ānugādika,,
ānuguṇika,,
ānugrāmika,,
ānucāraka,,
ānujāvara,,
ānutilya,,
ānudṛṣṭeya,,
ānudeśika,,
ānunāśya,,
ānupathya,,
ānupadika,,
ānupadya,,
ānubandhika,,
ānumata,ī,
ānumānika,ī,
ānumāṣya,,
ānuyavya,,
ānuyājika,ī,
ānuyātrika,,
ānuyūpya,,
ānurohiṇa,ī,
ānulomika,ī,
ānulomya,ī,
ānuvaṃśya,,
ānuvāsanika,,
ānuveśya,,
ānuśātika,,
ānuśāsanika,,
ānuśūka,,
ānuśrava,,
ānuśravika,,
ānuśrāvika,,
ānuṣaṅgika,ī,
ānuṣaṇḍa,,
ānuṣūka,,
ānuṣṭubha,ī,
ānuṣṭubhauṣṇiha,,
ānusāyya,,
ānusītya,,
ānusīrya,,
ānusuka,,
ānusūya,,
ānūpaka,,
ānūpa,,
ānṛtaka,,
ānṛta,ī,
ānṛtika,,
ānṛśaṃsīya,,
ānetavya,,
ānemimagna,,
āneya,,
āntaḥpurika,,
āntara,,
āntarāgārika,,
āntarāyika,,
āntarāla,,
āntarikṣa,ī,
āntarīkṣa,ī,
āntarīpaka,,
āntargaṇika,ī,
āntargehika,ī,
āntarvedika,,
āntarveśmika,ī,
ānta,,
āntrānucārin,ī,
āntrika,ī,
āndolita,,
āndhasika,,
āndhra,ī,
ānna,,
ānvayika,ī,
ānvāhika,ī,
ānvīpika,,
āpakara,ī,
āpaka,ī,
āpakva,,
āpaṇika,,
āpaṇīya,,
āpatika,,
āpatita,,
āpatkālika,,
āpatya,,
āpadgata,,
āpadgrasta,,
āpadvinīta,,
āpaneya,,
āpannajīvika,,
āpanna,,
āpamityaka,,
āparapakṣīya,,
āparāhṇika,,
āparuṣa,,
āpartuka,,
āpavargika,,
āpavargya,,
āpastamba,ī,
āpastambīya,,
āpa,,
āpākestha,,
āpāṇḍura,,
āpātamātra,,
āpātika,,
āpātita,,
āpātin,ī,
āpātya,,
āpādaka,,
āpādin,ī,
āpāna,,
āpāyin,ī,
āpiṅgalākṣa,,
āpiṅga,,
āpiñjara,,
āpiśaṅga,,
āpiśarvara,,
āpiśala,ī,
āpīḍakajāta,,
āpīḍita,,
āpīḍin,ī,
āpīta,,
āpīna,,
āpūpika,,
āpūyita,,
āpūraṇa,,
āpūrita,,
āpūryamāṇa,,
āpṛcchya,,
āpṛta,,
āpṛṣṭa,,
āpekṣika,,
āpodevata,,
āpodevatya,,
āpomaya,,
āpośāna,,
āpohiṣṭhīya,,
āptakāma,,
āptakārin,ī,
āptagarva,,
āptadakṣiṇa,,
āptavibhaktika,,
āptavya,,
āptastoma,,
āpta,,
āptādhīna,,
āpya,,
āpyāna,,
āpyāyanaśīla,,
āpyāyana,,
āpyāyita,,
āpyāyin,ī,
āpyāyya,,
āpratinivṛttaguṇormicakra,,
āprapadīnaka,,
āprapadīna,,
āpravaṇa,,
āpraṣṭavya,,
āpra,,
āprīta,,
āprītimāyava,,
āplāvita,,
āplāvya,,
āpluta,,
āplutāṅga,ī,
āpluṣṭa,,
āpsarasa,ī,
āpsara,,
ābaddhamaṇḍala,,
ābaddhamāla,,
ābaddha,,
ābandhura,,
ābarha,,
ābarhita,,
ābarhin,ī,
ābādha,,
ābila,,
ābṛḍha,,
ābdika,,
ābhaṅgin,ī,
ābhajanīya,,
ābhayajāta,ī,
ābhayajātya,ī,
ābharita,,
ābhāta,,
ābhāṣita,,
ābhāṣya,,
ābhāsa,,
ābhāsin,ī,
ābhāsura,,
ābhāsvara,,
ābhikāmika,,
ābhicaraṇika,ī,
ābhicārika,ī,
ābhijana,,
ābhijita,,
ābhijitya,,
ābhijñānika,,
ābhidhānika,,
ābhiprāyika,,
ābhiplavika,,
ābhimānika,,
ābhiyogika,,
ābhirāmika,,
ābhiṣeka,,
ābhiṣecanika,,
ābhihārika,,
ābhīkṣṇa,,
ābhīraka,ī,
ābhīra,,
ābhīrika,ī,
ābhīla,,
ābhugnasaktha,ī,
ābhugna,,
ābhūka,,
ābhūta,,
ābhūmipāla,,
ābhūṣeṇya,,
ābhṛta,,
ābhogaya,,
ābhoga,,
ābhogin,ī,
ābhojin,ī,
ābhyantara,,
ābhyantarika,,
ābhyavakāśika,,
ābhyavahārika,,
ābhyāgārika,,
ābhyāśika,,
ābhyāsika,,
ābhyudayika,,
ābhra,,
ābhrika,,
āmaka,,
āmagandhika,,
āmagandhin,ī,
āmagna,,
āmantraṇīya,,
āmantrayitavya,,
āmantrita,,
āmantrya,,
āmandra,,
āmapācin,ī,
āmabhṛṣṭa,,
āmamaya,ī,
āmayāvin,ī,
āmaraṇānta,,
āmaraṇāntika,,
āmardin,ī,
āmalaka,ī,
āmātisārin,ī,
āmāvāsyavidha,,
āmāvāsya,,
āmikṣīya,,
āmikṣya,,
āmitra,ī,
āmitrīya,,
āmiśrabhūta,,
āmiśra,,
āmiślatama,,
āmiśla,,
āmiṣapriya,,
āmiṣāśin,ī,
āmīvatka,,
āmīvita,,
āmukulita,,
āmukta,,
āmukha,,
āmuṣmika,ī,
āmuṣyāyaṇa,ī,
āmṛṇa,,
āmṛta,,
āmṛṣṭa,,
āmenya,,
āmeṣṭaka,,
āmodita,,
āmodin,ī,
āmoṣin,ī,
āmnātavya,,
āmnāta,,
āmnāyapara,,
āmnāyasārin,ī,
āmbarīṣaputraka,,
āmbuda,,
āmbhasa,,
āmbhasika,,
āmramaya,,
āmrin,ī,
āmreḍita,,
āmlāna,,
āyaḥśūlika,ī,
āyaka,,
āyajin,ī,
āyajiṣṭha,,
āyatacaturasra,,
āyatapakṣmala,,
āyatavikrama,,
āyatasamalamba,,
āyata,,
āyatākṣa,ī,
āyatāpāṅga,ī,
āyatikṣama,,
āyatekṣaṇa,,
āyattamūla,,
āyatta,,
āyadarśin,ī,
āyana,,
āyamya,,
āyasamaya,,
āyasa,ī,
āyasīya,,
āyasta,,
āyāgabhūta,,
āyācita,,
āyāta,,
āyāpita,,
āyāmita,,
āyāmin,ī,
āyāsaka,,
āyāsadayin,ī,
āyāsin,ī,
āyin,ī,
āyuḥśeṣa,,
āyukta,,
āyuktin,ī,
āyuta,,
āyudhajīvin,ī,
āyudhasahāya,,
āyudhika,,
āyudhīya,,
āyurvedamaya,,
āyuṣkara,,
āyuṣkāma,,
āyuṣprataraṇa,,
āyuṣmatpuruṣaka,,
āyuṣya,,
āyojita,,
āyodhita,,
āyodhyaka,,
āyodhyika,,
ārakta,,
ārakṣaka,,
ārakṣa,,
ārakṣika,,
ārakṣita,,
ārakṣin,ī,
ārakṣya,,
āracita,,
āraṭa,ī,
āraṭṭaka,,
āraṭṭaja,,
āraṭṭa,,
āraḍava,,
āraṇeya,,
āraṇyaka,,
ārata,,
ārabdhavya,,
ārabdha,,
ārabhamāṇa,,
ārabhyamāṇa,,
ārabhya,,
ārambhaka,,
ārambhaṇīya,,
ārambhita,,
ārambhin,ī,
ārāgita,,
ārāgra,,
ārājñaka,,
ārātīya,,
ārātka,,
ārādupakāraka,,
ārādupakārin,ī,
ārādhaka,,
ārādhana,,
ārādhanīya,,
ārādhaya,,
ārādhita,,
ārādhyamāna,,
ārādhya,,
ārāla,,
ārālita,,
ārāvin,ī,
ārita,,
āruka,,
āruja,,
āruṇaka,,
āruṇaketuka,,
āruṇa,ī,
āruṇīya,,
āruṇeya,,
āruṇyaka,,
ārupita,,
āruṣīya,,
āruha,,
ārūḍha,,
āreagha,,
āreavadya,,
ārecita,,
ārecin,ī,
ārogya,,
ārocana,,
āroḍhavya,,
āropaka,,
āropaṇīya,,
āropita,,
āropyamāṇa,,
āropya,,
āroṣita,,
ārohaka,,
ārohaṇavāha,,
ārohaṇa,ī,
ārohaṇika,,
ārohaṇīya,,
ārohin,ī,
ārka,,
ārkāyaṇa,,
ārkṣa,ī,
ārkṣoda,,
ārgala,ī,
ārgvaidika,,
ārghya,,
ārca,ī,
ārca,,
ārcāyana,,
ārcika,,
ārjavaka,,
ārjava,,
ārjavin,ī,
ārjīka,,
ārjunāyanaka,,
ārṇava,,
ārtatara,,
ārtana,,
ārtabhāga,ī,
ārtava,ī,
ārta,,
ārtihara,,
ārtvijīna,,
ārtha,ī,
ārthika,,
ārda,ī,
ārdraka,ikā,
ārdranayana,,
ārdrapada,ī,
ārdrapada,,
ārdrapavitra,,
ārdrānulepana,,
ārdhakaṃsika,,
ārdhakauḍavika,,
ārdhakrośika,,
ārdhadrauṇika,,
ārdhadhātukīya,,
ārdhaprasthika,,
ārdhamāsika,,
ārdharātrika,,
ārdhika,,
ārdhuka,,
ārpita,,
ārbhava,ī,
āryakṛta,,
āryagṛhya,,
āryajuṣṭa,,
āryadeśya,,
āryapravṛtta,,
āryaprāya,,
āryamaṇa,ī,
āryamiśra,,
āryarūpa,,
āryaliṅgin,ī,
āryavṛtta,,
āryaveśa,,
āryavrata,,
āryaśīla,,
āryasuta,,
āryahṛdya,,
āryādhiṣṭhita,,
ārśa,,
ārṣabha,ī,
ārṣabhya,,
ārṣa,ī,
ārṣeya,ī,
ārhata,ī,
ārhāyaṇa,ī,
ālakṣita,,
ālakṣya,,
ālagna,,
ālapitavya,,
ālaptaka,,
ālabdha,,
ālabhya,,
ālamba,,
ālambāyana,ī,
ālambāyanīya,,
ālambita,,
ālambin,ī,
ālambhanīya,,
ālambhin,ī,
ālambhya,,
ālarka,,
ālasa,,
ālasya,,
āla,,
ālānika,,
ālānita,,
ālāpanīya,,
ālāpin,ī,
ālāpya,,
ālālamehin,ī,
ālikhita,,
āliṅgita,,
āliṅgin,ī,
āliṅgya,,
ālipta,,
ālīḍha,,
ālīna,,
āluka,,
ālulita,,
ālūna,,
ālekhyaśeṣa,,
ālekhyasamarpita,,
ālekhya,,
ālokakara,,
ālokana,,
ālokanīya,,
ālokita,,
ālokin,ī,
ālocaka,,
ālocanīya,,
ālocita,,
ālocya,,
āloḍita,,
ālola,,
ālolita,,
ālohita,,
āvadānika,,
āvanatīya,,
āvantaka,,
āvantika,,
āvantya,,
āvapantaka,ikā,
āvabhṛtha,,
āvayaka,,
āvaraka,,
āvaraṇa,,
āvaraṇīya,,
āvarasamaka,,
āvarjaka,,
āvarjita,,
āvartaka,,
āvartana,,
āvartanīya,,
āvartamāna,,
āvartita,,
āvartin,ī,
āvarhita,,
āvarhin,ī,
āvalgita,,
āvalgin,ī,
āvalguja,,
āvaśyaka,,
āvasathika,ī,
āvasathīya,,
āvasathya,,
āvasāna,ī,
āvasānika,ī,
āvasāyin,ī,
āvasthika,,
āvahamāna,,
āvāpika,,
āvāra,,
āvāsika,,
āvāsin,ī,
āvāsya,,
āvāhita,,
āvāhya,,
āvikasautrika,,
āvika,ī,
āvigna,,
āvijñānya,,
āvitta,,
āviddhakarṇa,,
āviddha,,
āvinna,,
āvirṛjīka,,
āvirbhūta,,
āvirmaṇḍala,,
āvirmukha,,
āvirmūla,,
āvirhita,,
āvila,,
āviṣkṛta,,
āviṣṭaliṅga,,
āviṣṭa,,
āviṣṭita,,
āviṣṭya,,
āvīta,,
āvṛta,,
āvṛtīśayāna,,
āvṛtta,,
āveṇika,ī,
āvedaka,,
āvedanīya,,
āvedita,,
āvedin,ī,
āvedyamāna,,
āvedya,,
āvedhya,,
āveśika,,
āveṣṭita,,
āvyakta,,
āvyaktika,,
āvyātta,,
āvyādhin,ī,
āvrajita,,
āvrīḍaka,,
āśaṃsa,,
āśaṃsita,,
āśaṃsin,ī,
āśaka,,
āśakta,,
āśaṅkanīya,,
āśaṅkānvita,,
āśaṅkitavya,,
āśaṅkita,,
āśaṅkin,ī,
āśayāna,,
āśākṛta,,
āśānvita,,
āśāprāpta,,
āśāraiṣin,ī,
āśāvibhinna,,
āśāśa,,
āśāsaṃśita,,
āśāsanīya,,
āśāsya,,
āśāhīna,,
āśiñjita,,
āśitaṃgavīna,,
āśitaṃbhava,,
āśita,,
āśina,,
āśin,ī,
āśiradugha,,
āśira,,
āśiṣṭha,,
āśīna,,
āśīrvācaka,,
āśukārin,ī,
āśukopin,ī,
āśuklānta,,
āśugāmin,ī,
āśutoṣa,,
āśubhāvin,ī,
āśuratha,,
āśuvikrama,,
āśuṣāṇa,,
āśuṣeṇa,,
āśusaṃdheya,,
āśṛta,,
āśokeya,ī,
āśokeya,,
āśaucin,ī,
āścaryabhūta,,
āścaryamaya,,
āścaryarūpa,,
āścarya,,
āścutita,,
āśmana,,
āśmabhāraka,ikā,
āśmaratha,ī,
āśmarika,,
āśma,,
āśmika,,
āśya,,
āśyāna,,
āśyāma,,
āśramabhraṣṭa,,
āśramavāsika,,
āśramaviḍambaka,,
āśramika,,
āśramin,ī,
āśrayaṇa,ī,
āśrayaṇīya,,
āśrayabhūta,,
āśrayaliṅga,,
āśraya,,
āśrayāsiddha,,
āśrayitavya,,
āśrayin,ī,
āśrava,,
āśrita,,
āśruta,,
āśrutkarṇa,,
āśliṣṭa,,
āśleṣita,,
āśvattha,ī,
āśvatthika,ī,
āśvapata,,
āśvapadika,,
āśvabala,ī,
āśvabhārika,,
āśvamedhika,,
āśvayujaka,,
āśvayuja,ī,
āśvaratha,,
āśvalakṣaṇika,,
āśvalāyanaśākhin,ī,
āśvalāyana,ī,
āśvavāra,,
āśvavāla,,
āśvaśva,,
āśva,ī,
āśvāsaka,,
āśvāsanaśīla,,
āśvāsanīya,,
āśvāsita,,
āśvāsin,ī,
āśvāsya,,
āśvika,,
āśvina,ī,
āśvina,,
āśvināgra,,
āśvīna,,
āṣāḍhabhava,,
āṣāḍha,,
āṣāḍhīya,,
āṣṭakīya,,
āṣṭamika,,
āsaṃjñita,,
āsaktacitta,,
āsaktabhāva,,
āsakta,,
āsaṅga,,
āsaṅgin,ī,
āsaja,,
āsañjita,,
āsanastha,,
āsannakāla,,
āsannakālika,,
āsannakṣaya,,
āsannacara,,
āsannatara,,
āsannanivāsin,ī,
āsannayodhin,ī,
āsannavartin,ī,
āsanna,,
āsanya,,
āsaptama,,
āsādayitavya,,
āsādita,,
āsādya,,
āsāvin,ī,
āsāvya,,
āsika,,
āsikta,,
āsita,,
āsiddha,,
āsidhāra,,
āsīna,,
āsura,ī,
āsura,,
āsurāyaṇīya,,
āsurīya,,
āsūtrita,,
āsecanaka,,
āsecana,,
āsevita,,
āsevin,ī,
āsevya,,
āskandita,,
āskandin,ī,
āskra,,
āstaraṇika,,
āstāyana,,
āstika,ī,
āstīka,,
āstīrṇa,,
āstṛta,,
āsteya,,
āsthānīya,,
āsthāpita,,
āsthita,,
āstheya,,
āsneya,ī,
āspṛṣṭa,,
āsphālita,,
āsmāka,ī,
āsmākīna,,
āsyaṃdhaya,ī,
āsyadaghna,,
āsyamaithunika,,
āsyasammita,,
āsyahātya,,
āsya,,
āsyāsukha,,
āsyūta,,
āsrasta,,
āsrāvin,ī,
āsvanita,,
āsvādaka,,
āsvādanīya,,
āsvādita,,
āsvādya,,
āsvānta,,
āhaṃkārika,,
āhatalakṣaṇa,,
āhata,,
āhananaprakāra,,
āhananya,,
āharaṇa,,
āhara,,
āhavanīya,,
āhavaśobhin,ī,
āhaspatya,,
āhāraka,,
āhāra,ī,
āhārārthin,ī,
āhārin,ī,
āhārya,,
āhicchattra,,
āhitaklama,,
āhitalakṣaṇa,,
āhitasamitka,,
āhita,,
āhitāṅka,,
āhimata,,
āhuta,,
āhutikṛta,,
āhutiparimāṇa,,
āhutibhāga,ī,
āhutimaya,,
āhuva,,
āhūtavya,,
āhūta,,
āhūtādhyāyin,ī,
āhūrya,,
āhṛta,,
āhṛtya,,
āheya,,
āhnika,,
āhrutabheṣaja,ī,
āhruta,,
āhlādakara,,
āhlādaka,,
āhlādakārin,ī,
āhlādadugha,,
āhlādanīya,,
āhlādita,,
āhlādin,ī,
āhvayitavya,,
āhvara,,
āhva,,
āhvāyayitavya,,
ikṣukīya,,
ikṣuja,,
ikṣumehin,ī,
ikṣvākukulaja,,
iṅga,,
iṅgitakovida,,
iṅgitajña,,
iṅguda,ī,
iṅgula,ī,
iṅgya,,
icchaka,,
icchākṛta,,
icchānvita,,
icchāpita,,
icchāsadṛśa,,
ijyaśīla,,
ijya,,
iḍānta,,
iḍīya,,
itaḥpradāna,,
itarajātīya,,
itarāṅga,,
itaretarapratyaya,,
itaretara,,
itaretarāśraya,,
ita,,
itānta,,
itikatha,,
itikaraṇīya,,
itikartavyatāmūḍha,,
itikartavya,,
itikārya,,
itikṛtya,,
ititha,ī,
itiniścaya,,
itipara,,
itimātra,,
itogata,,
itthaṃvidha,,
itthambhūta,,
ityanta,,
ityartha,,
itya,,
ityālikhita,,
ityunmṛśya,,
ityetannāmaka,,
itvara,ī,
idaṃyugīna,,
idaṃrūpa,,
idantana,,
idantṛtīya,,
idamīya,,
idamdvitīya,,
idamprathama,,
idammaya,ī,
idādika,,
idānīṃtana,ī,
idāvatsarīya,,
iddha,,
ina,,
indumukha,ī,
indrakalpa,,
indrakṛṣṭa,,
indragopa,,
indrajananīya,,
indrajūta,,
indrajyeṣṭha,,
indraṇata,,
indratama,,
indratvota,,
indradviṣṭa,,
indrapātama,,
indrapāna,,
indrapīta,,
indrapurogama,,
indraprasūta,,
indramādana,,
indramedin,ī,
indravātatama,,
indraśreṣṭha,,
indrasenadvitīya,,
indrāgnidaiva,,
indrāṇya,,
indrāyatana,,
indrāyudhamaya,,
indrāsomīya,,
indriyakāma,,
indriyakṛta,,
indriyagocara,,
indriyabodhana,,
indriyabodhin,ī,
indriya,,
indriyāgocara,,
indriyāvin,ī,
indreṣita,,
indha,,
indhita,,
inva,,
ibhyatilvila,,
ibhya,,
imaka,,
iyattaka,ikā,
iyasita,,
iraṇya,,
irākṣīra,,
irācara,,
iriṇya,,
irin,ī,
irgalīya,,
irgalya,,
irya,,
iṣavya,,
iṣa,,
iṣita,,
iṣira,,
iṣuka,,
iṣuparṣin,ī,
iṣubala,,
iṣumātra,,
iṣuhata,,
iṣuhasta,,
iṣūguha,,
iṣetvaka,,
iṣkṛta,,
iṣkṛtāhāva,,
iṣṭakacita,,
iṣṭakāmaya,,
iṣṭakaikaśatavidha,,
iṣṭagandha,,
iṣṭatama,,
iṣṭatara,,
iṣṭavrata,,
iṣṭasaṃpādin,ī,
iṣṭasāhasa,,
iṣṭa,,
iṣṭāpūrtin,ī,
iṣṭārtha,,
iṣṭārthodyukta,,
iṣṭāśva,,
iṣṭin,ī,
iṣṭimaya,ī,
iṣṭiyājuka,,
iṣmin,ī,
iṣvagrīya,,
iṣvanīkīya,,
iṣvāsa,,
ihacitta,,
ihatyaka,ikā,
ihatya,,
ihabhojana,,
ihastha,,
ihasthāna,,
ihāgata,,
ihārtha,,
ihārthin,ī,
īṃkṛta,,
īkṣaṇīya,,
īkṣamāṇa,,
īkṣa,ī,
īkṣita,,
īkṣeṇya,,
īkṣyamāṇa,,
īṅkhaya,,
ījāna,,
īḍita,,
īḍenya,,
īḍyamāna,,
īḍya,,
īdṛkṣa,ī,
īdṛgavastha,,
īdṛśaka,ikā,
īdṛśaka,ī,
īdṛśabhūta,,
īdṛśa,ī,
īpsitatama,,
īpsita,,
īraṇa,,
īra,,
īriṇa,,
īrita,,
īrṇa,,
īrmānta,,
īrya,,
īrṣitavya,,
īrṣita,,
īrṣyaka,,
īrṣyamāṇa,,
īrṣya,,
īrṣyāvaśa,,
īrṣyin,ī,
īśasaṃstha,,
īśa,,
īśānahata,,
īśāna,,
īśānādhipa,,
īśitavya,,
īśin,ī,
īśvaraniṣṭha,,
īśvarapūjaka,,
īśvara,ī,
īśvara,,
īśvarādhīna,,
īṣacchvāsa,,
īṣaṇa,,
īṣaṇin,ī,
īṣatkara,ī,
īṣatkārya,,
īṣatpāna,,
īṣatpralambha,,
īṣatsaṃjña,,
īṣatsadṛśa,,
īṣatspṛṣṭa,,
īṣadasamāpta,,
īṣadāḍhyaṃkara,,
īṣadāḍhyaṃbhava,,
īṣadupadāna,,
īṣaduṣṇa,,
īṣadūna,,
īṣadguṇa,,
īṣaddhāsa,,
īṣaddhāsya,,
īṣadrakta,,
īṣadvivṛta,,
īṣannāda,,
īṣannimaya,,
īṣanmarṣaṇa,,
īṣanmarṣa,,
īṣallabha,,
īṣādanta,,
īhārthin,ī,
īhita,,
īłita,,
īłenya,,
uktapūrva,,
uktabhāva,,
uktamātra,,
uktavākya,,
ukta,,
uktānukta,,
uktānuśāsana,,
uktārtha,,
uktopaniṣatka,,
ukthapattra,,
ukthavardhana,,
ukthavidha,,
ukthaśaṃsin,ī,
ukthaśasa,,
ukthaśuṣma,,
ukthin,ī,
ukthya,,
ukṣa,,
ukṣānna,,
ukṣita,,
ukhya,,
ugaṇa,,
ugrakarṇika,,
ugragandha,,
ugragandhin,ī,
ugracārin,ī,
ugradaṃṣṭra,,
ugradaṇḍa,,
ugradanta,,
ugradarśana,,
ugradhṛtāyudha,,
ugranāsika,,
ugrapaśya,,
ugraputra,,
ugravīra,,
ugravīrya,,
ugravega,,
ugraśāsana,,
ugraśoka,,
ugraśravaṇadarśana,,
ugrasevita,,
ugra,,
ugrātapa,,
ugrāyudha,,
ucathya,,
ucitajña,,
ucita,,
uccakita,,
uccaṇḍa,,
uccanīca,,
uccabhāṣin,ī,
uccarita,,
uccala,,
uccalita,,
uccasaṃrāga,,
uccasaṃśraya,,
ucca,,
uccācakra,,
uccāṭana,ī,
uccāṭanīya,,
uccāṭita,,
uccābudhna,,
uccāraka,,
uccāraṇārtha,,
uccāraṇīya,,
uccāra,,
uccārita,,
uccārin,ī,
uccāryamāṇa,,
uccārya,,
uccāvaca,,
uccita,,
uccitrita,,
ucceya,,
uccaiḥkara,,
uccaiḥkula,,
uccaiḥsthāna,,
uccaiḥsvara,,
uccairabhijana,,
uccairghoṣa,,
uccairbhuja,,
uccairmukha,,
uccaistana,,
uccaistara,,
ucchanna,,
ucchalita,,
ucchāstravartin,ī,
ucchikhaṇḍa,,
ucchikha,,
ucchinna,,
ucchilīndhra,,
ucchiṣṭabhojin,ī,
ucchiṣṭamodana,,
ucchiṣṭa,,
ucchiṣṭita,,
ucchiṣya,,
ucchīrṣaka,,
ucchuṣka,,
ucchuṣma,,
ucchūna,,
ucchṛṅkhala,,
ucchṛṅgita,,
ucchedanīya,,
ucchedin,ī,
ucchedya,,
uccheṣa,,
ucchocana,,
ucchoṣaṇa,,
ucchoṣuka,,
ucchrayopeta,,
ucchrāyin,ī,
ucchrita,,
ucchreya,,
ucchvasita,,
ucchvāsita,,
ucchvāsin,ī,
ujjāgara,,
ujjihānajīvita,,
ujjihāna,,
ujjūṭita,,
ujjṛmbha,,
ujjṛmbhita,,
ujjya,,
ujjvala,,
ujjvalita,,
ujjhaṭita,,
ujjha,,
ujjhitakarṇaka,,
ujjhita,,
uñchavartin,ī,
uṭṭaṅkita,,
uḍḍamarita,,
uḍḍāmara,,
uḍḍāmarin,ī,
uḍḍīna,,
uḍḍīyamāna,,
uṇaka,ī,
uta,,
utkaca,,
utkañcuka,,
utkaṭa,,
utkaṇṭakita,,
utkaṇṭakin,ī,
utkaṇṭhaka,,
utkaṇṭha,,
utkaṇṭhita,,
utkandhara,,
utkampa,,
utkampin,ī,
utkarīya,,
utkarṇatāla,,
utkarṇa,,
utkarṣaka,,
utkarṣa,,
utkarṣita,,
utkarṣin,ī,
utkalāpa,,
utkalikāprāya,,
utkalita,,
utka,,
utkira,,
utkīrṇa,,
utkīrtita,,
utkīlita,,
utkuṭaka,,
utkuṭa,,
utkutuka,,
utkumuda,,
utkūlagāmin,ī,
utkūlanikūla,,
utkūla,,
utkūlita,,
utkṛtyamāna,,
utkṛṣṭa,,
utkocaka,,
utkocin,ī,
utkopa,,
utkoraka,,
utkramaṇīya,,
utkraṣṭavya,,
utkrāntamedha,,
utkrānta,,
utkrāntin,ī,
utkruṣṭa,,
utkrodin,ī,
utkrośīya,,
utkliṣṭa,,
utkledin,ī,
utkleśana,,
utkleśin,ī,
utkṣipta,,
utkṣepaka,,
utkhacita,,
utkhaṇḍita,,
utkhāta,,
utkhātin,ī,
uttaṃsita,,
uttaṭa,,
uttata,,
uttanūruha,,
uttapanīya,,
uttapta,,
uttabdha,,
uttabhita,,
uttamagandhāḍhya,,
uttamagāya,,
uttamadarśana,,
uttamabala,,
uttamavarṇa,,
uttamaśākhīya,,
uttamaśruta,,
uttamaśloka,,
uttama,,
uttamādhamamadhyama,,
uttamādhama,,
uttamāyya,,
uttamārdhya,,
uttamīya,,
uttamottama,,
uttamopapada,,
uttamaudārya,,
uttambhitavya,,
uttambhita,,
uttaraṃga,,
uttarakāla,,
uttaraga,,
uttaraghṛta,,
uttaraja,,
uttaraṇa,,
uttaratara,,
uttaradāyaka,,
uttaradikstha,,
uttaradhāraya,,
uttaradhurīṇa,,
uttaradheya,,
uttarapathika,,
uttarapadakīya,,
uttarapadārthapradhāna,,
uttarapadika,,
uttarapaścima,,
uttarapūrva,,
uttarabhaktika,,
uttaramūla,,
uttararahita,,
uttaralakṣaṇa,,
uttarala,ī,
uttaralita,,
uttarasaṃjñita,,
uttarasādhaka,,
uttara,,
uttarādhara,,
uttarādhikārin,ī,
uttarābhimukha,,
uttarārtha,,
uttarārdhya,,
uttarāśmaka,,
uttarāśrita,,
uttarin,ī,
uttarottara,,
uttarottarin,ī,
uttarjanīka,,
utta,,
uttānaparṇa,,
uttānapāṇidvaya,,
uttānaśaya,,
uttānaśāyin,ī,
uttānahasta,,
uttāna,,
uttānārtha,,
uttānita,,
uttāpita,,
uttāraṇa,,
uttāra,,
uttārin,ī,
uttārya,,
uttāla,,
uttīrṇa,,
uttuṅga,,
uttuṅgita,,
uttuda,,
uttejaka,,
uttejita,,
uttoraṇapatāka,,
uttoraṇa,,
uttolita,,
uttyakta,,
uttrasta,,
uttrāsaka,,
uttruṭita,,
uttha,,
utthātavya,,
utthānayukta,,
utthānaśīla,,
utthānaśīlin,ī,
utthānahīna,,
utthāna,,
utthānīya,,
utthāpaka,,
utthāpanīya,,
utthāpita,,
utthāpya,,
utthāyin,ī,
utthita,,
utpakva,,
utpakṣa,,
utpakṣmala,,
utpatana,ī,
utpatāka,,
utpatākādhvaja,,
utpatitavya,,
utpatita,,
utpatin,ī,
utpattavya,,
utpattikālīna,,
utpattiśiṣṭa,,
utpattra,,
utpathavārika,,
utpatha,,
utpannabala,,
utpannabhakṣin,ī,
utpannavināśin,ī,
utpanna,,
utpannāpavargin,ī,
utparyāṇita,,
utpalapattranīla,,
utpalamālābharin,ī,
utpalākṣa,ī,
utpalābha,,
utpalin,ī,
utpaśya,,
utpācita,,
utpāṭana,,
utpāṭita,,
utpāṭin,ī,
utpātaka,,
utpātika,,
utpātin,ī,
utpādaka,,
utpādana,,
utpādayitavya,,
utpāda,,
utpādita,,
utpādin,ī,
utpādyamāna,,
utpādya,,
utpāra,,
utpiñjara,,
utpiñjarībhūta,,
utpiñjalaka,,
utpiñjala,,
utpiṇḍita,,
utpiba,,
utpiṣṭa,,
utpīḍita,,
utpīna,,
utpuccha,,
utpuṭa,,
utpulaka,,
utpūta,,
utprabha,,
utpravāla,,
utprekṣaka,,
utprekṣaṇīya,,
utprekṣita,,
utprekṣya,,
utpluta,,
utphaṇa,,
utphuliṅga,,
utphulla,,
utsaktha,ī,
utsaṅgita,,
utsaṅgin,ī,
utsada,,
utsanna,,
utsargin,ī,
utsarjana,,
utsarpin,ī,
utsavapriya,,
utsādaka,,
utsādanīya,,
utsādayitavya,,
utsādita,,
utsādin,ī,
utsādya,,
utsāraṇīya,,
utsārita,,
utsārin,ī,
utsārya,,
utsāhaka,,
utsāhavardhana,,
utsāhasaṃpanna,,
utsāhin,ī,
utsikta,,
utsita,,
utsuka,,
utsūtra,,
utsṛjya,,
utsṛta,,
utsṛṣṭa,,
utsekin,ī,
utsekya,,
utstana,ī,
utsnāta,,
utsmaya,,
utsya,,
utsyūta,,
utsraṣṭavya,,
utsraṣṭukāma,,
utsvapna,,
udakagāha,,
udakada,,
udakadānika,,
udakadāyin,ī,
udakapūrva,,
udakapratīkāśa,,
udakamaya,,
udakamehin,ī,
udakala,,
udakaśīla,,
udakaśuddha,,
udakasparśa,,
udakābhyavāyin,ī,
udakārthin,ī,
udakāhāra,,
udakila,,
udakecara,,
udakeviśīrṇa,,
udakeśaya,,
udakodarin,ī,
udakopasparśin,ī,
udakkūla,,
udakta,,
udakpāda,ī,
udakpravaṇa,,
udakprasravaṇa,,
udakprasravaṇānvita,,
udakya,,
udaksaṃstha,,
udaksamāsa,,
udagagra,,
udagayana,,
udagāyata,,
udagāvṛtta,,
udagāha,,
udagdakṣiṇa,,
udagdaśa,,
udagdvāra,,
udagbhava,,
udagra,,
udaṅīṣa,,
udaṅgulīka,,
udaṅmukha,ī,
udaja,,
udajina,,
udañcita,,
udaṇḍapāla,,
udadhāna,,
udadhijalamaya,,
udanta,,
udantya,,
udanyaja,,
udanya,,
udapa,,
udapluta,,
udamaya,,
udamehin,ī,
udayanīya,,
udayānta,,
udayin,ī,
udayonmukha,ī,
udaraṃbhara,,
udaraka,,
udaraśaya,,
udarasarpin,ī,
udarasarvasva,,
udarastha,,
udarasthita,,
udarāmayin,ī,
udarika,,
udarin,ī,
udarila,,
udarya,,
udalāvaṇika,,
udavagraha,,
udavasānīya,,
udavāsin,ī,
udavāhana,,
udasta,,
udasra,,
udahāra,ī,
udāttamaya,,
udātta,,
udādyanta,,
udāpluta,,
udāyudha,,
udāracarita,,
udāradarśana,,
udāravikrama,,
udāravīrya,,
udāravṛttārthapada,,
udāraśobha,,
udārasattva,,
udārasattvābhijana,,
udārārtha,,
udāvartaka,,
udāvartin,ī,
udāsin,ī,
udāsīna,,
udāsthita,,
udāsyapuccha,,
udāharaṇīya,,
udāharin,ī,
udāhārya,,
udāhitatara,,
udāhita,,
udāhṛta,,
uditahomin,ī,
udita,,
uditānudita,,
uditānuvādin,ī,
uditodita,,
uditvara,,
udīkṣita,,
udīcīnapravaṇa,,
udīcīna,,
udīcya,,
udīta,,
udīpa,,
udīrita,,
udīritendriya,,
udīrṇavega,,
udīrṇa,,
udīrya,,
udīṣita,,
uduta,,
udubja,,
udumbala,,
uduṣṭamukha,,
uduṣṭa,,
udūḍha,,
udejaya,,
udgataśṛṅga,,
udgata,,
udgamanīya,,
udgarbha,,
udgala,,
udgāḍha,,
udgātukāma,,
udgārin,ī,
udgīta,,
udgīrṇa,,
udgūrṇa,,
udgṛhīta,,
udgeya,,
udgrathita,,
udgrāsaka,,
udgrāhita,,
udgrīva,,
udgrīvin,ī,
udghaṭita,,
udghaṭṭita,,
udghāṭana,,
udghāṭanīya,,
udghāṭitajña,,
udghāṭita,,
udghāṭitāṅga,,
udghāṭin,ī,
udghātin,ī,
udghuṣṭa,,
udghūrṇa,,
udghṛṣṭa,,
udghoṇa,,
uddaṇḍa,,
uddaṇḍita,,
uddantura,,
uddarśita,,
uddalana,,
uddānta,,
uddāma,,
uddāsin,ī,
uddita,,
uddiṣṭa,,
uddīpaka,,
uddīpana,,
uddīpta,,
uddīrṇa,,
uddṛṣṭa,,
uddeśaka,,
uddeśin,ī,
uddeśyaka,,
uddeśya,,
uddyotakara,,
uddyotaka,,
uddyotakārin,ī,
uddyota,,
uddyotita,,
uddyotin,ī,
uddrāva,,
uddruta,,
uddhatamanaska,,
uddhata,,
uddhatārṇavanisvana,,
uddhama,,
uddhaya,,
uddharaṇīya,,
uddhara,,
uddhartavya,,
uddharṣaṇa,,
uddharṣa,,
uddharṣin,ī,
uddhasta,,
uddhāna,,
uddhānta,,
uddhāraka,,
uddhārita,,
uddhārya,,
uddhita,,
uddhura,,
uddhūtapāpa,,
uddhūta,,
uddhūmāyita,,
uddhūṣita,,
uddhṛtasneha,,
uddhṛta,,
uddhṛtoddhāra,,
udbaddha,,
udbandhana,ī,
udbandha,,
udbandhuka,,
udbala,,
udbāhuka,,
udbila,,
udbuddha,,
udbudbuda,,
udbṛṃhaṇa,,
udbodhaka,,
udbhagna,,
udbhaṭa,,
udbhavakara,,
udbhāvita,,
udbhāvin,ī,
udbhāsita,,
udbhāsin,ī,
udbhāsura,,
udbhijja,,
udbhida,,
udbhinna,,
udbhuja,,
udbhūtarūpa,,
udbhūta,,
udbhrāntaka,,
udbhrānta,,
udyatakārmuka,,
udyatagada,,
udyatadaṇḍa,,
udyataśūla,,
udyata,,
udyatāyudha,,
udyatāstra,,
udyamita,,
udyamin,ī,
udyamya,,
udya,,
udyāpita,,
udyukta,,
udyuta,,
udyogasamartha,,
udyogin,ī,
udyojita,,
udriktacitta,,
udrikta,,
udrin,ī,
udruja,,
udrekin,ī,
udrecaka,,
udvaṃśa,,
udvaktra,,
udvatsarīya,,
udvana,,
udvamita,,
udvartaka,,
udvartana,,
udvarta,,
udvartita,,
udvartin,ī,
udvasa,,
udvastra,,
udvaha,,
udvahnijvāla,,
udvācana,,
udvāna,,
udvānta,,
udvāmin,ī,
udvāra,,
udvāṣpa,,
udvāsanīya,,
udvāsin,ī,
udvāsīkārin,ī,
udvāsya,,
udvāhana,ī,
udvāhika,,
udvāhita,,
udvāhin,ī,
udvikāsin,ī,
udvignacitta,,
udvignalocana,,
udvignahṛdaya,,
udvigna,,
udviddha,,
udvīkṣita,,
udvīta,,
udvṛḍha,,
udvṛtta,,
udvṛtya,,
udvṛddha,,
udvegakara,,
udvegakāraka,,
udvegakārin,ī,
udvegavāhin,ī,
udvega,,
udvegin,ī,
udvejaka,,
udvejanakara,,
udvejana,,
udvejanīya,,
udvejita,,
udvejin,ī,
udvepa,,
udvepin,ī,
udvela,,
udvelita,,
udvellita,,
udveṣṭana,,
udveṣṭanīya,,
udveṣṭa,,
udveṣṭita,,
udvoḍhukāma,,
udvyūḍha,,
unnatacaraṇa,,
unnata,,
unnatānata,,
unnateccha,,
unnaddha,,
unnamita,,
unnamra,,
unnayana,,
unnasa,,
unna,,
unnāmita,,
unnāla,,
unnidra,,
unnītaśikha,,
unnītaśuṣma,,
unnīta,,
unnītin,ī,
unnīya,,
unnetavya,,
unneya,,
unmattaka,,
unmattacitta,,
unmattatara,,
unmattadarśana,,
unmattarūpa,,
unmattaliṅgin,ī,
unmatta,,
unmathita,,
unmadana,,
unmada,,
unmadita,,
unmanaska,,
unmanthaka,,
unmayūkha,,
unmardita,,
unmāthin,ī,
unmādaka,,
unmādana,,
unmāda,,
unmādin,ī,
unmāduka,,
unmārgagata,,
unmārgagāmin,ī,
unmārgajalavāhin,ī,
unmārgayāta,,
unmārgavartin,ī,
unmārga,,
unmārgin,ī,
unmārjana,,
unmārjita,,
unmita,,
unmiśra,,
unmiṣita,,
unmīlita,,
unmukta,,
unmukhara,,
unmukha,ī,
unmugdha,,
unmudita,,
unmudra,,
unmuṣita,,
unmūlana,,
unmūlanīya,,
unmūla,,
unmūlita,,
unmṛśya,,
unmṛṣṭa,,
unmeya,,
unmeṣin,ī,
unmocanīya,,
upakakṣadaghna,,
upakakṣa,,
upakaṇṭha,,
upakaraṇārtha,,
upakaraṇīya,,
upakalpanīya,,
upakalpayitavya,,
upakalpita,,
upakalpin,ī,
upakāraka,ikā,
upakārapara,,
upakārin,ī,
upakārya,,
upakāśa,,
upakīrṇa,,
upakumbha,,
upakūjita,,
upakūla,,
upakṛta,,
upakṛtin,ī,
upakṛṣṇa,,
upakḷpta,,
upakramaṇa,ī,
upakramaṇīya,,
upakramitavya,,
upakramya,,
upakrānta,,
upakrāmya,,
upakruṣṭa,,
upakrośanakara,,
upaklinna,,
upakṣīṇa,,
upakṣudra,,
upakṣepaka,,
upagaṇa,,
upagata,,
upagandhin,ī,
upagamya,,
upaga,,
upagāmin,ī,
upagīta,,
upaguptavitta,,
upagupta,,
upagūḍha,,
upagṛhīta,,
upageya,,
upagohya,,
upaghātaka,,
upaghātin,ī,
upaghuṣṭa,,
upaghrāta,,
upacatura,,
upacayāvaha,,
upacaraṇīya,,
upacara,,
upacaritavya,,
upacarita,,
upacarya,,
upaca,,
upacāyin,ī,
upacāraka,ikā,
upacārapara,,
upacāraparibhraṣṭa,,
upacāraparīta,,
upacārika,,
upacārin,ī,
upacārya,,
upacitarasa,,
upacita,,
upacitra,,
upacīrṇa,,
upaceya,,
upacchandita,,
upacchanna,,
upajapta,,
upajapya,,
upajalpin,ī,
upaja,,
upajātakopa,,
upajātakrodha,,
upajātakheda,,
upajātaviśvāsa,,
upajāta,,
upajāpaka,,
upajijñāsya,,
upajīvaka,,
upajīvanīya,,
upajīva,,
upajīvin,ī,
upajīvya,,
upajñāta,,
upajvalana,,
upajvalita,,
upaḍhaukita,,
upatapana,,
upatapta,,
upatāpaka,,
upatāpana,,
upatāpin,ī,
upatāraka,,
upataila,,
upatriṃśa,,
upadaṃśin,ī,
upadagdha,,
upadarśita,,
upadaśa,,
upadātavya,,
upadāsuka,,
upadigdha,,
upadiṣṭa,,
upadīkṛta,,
upadīkṣin,ī,
upadeśaka,,
upadeśin,ī,
upadeśya,,
upadeṣṭavya,,
upadravin,ī,
upadruta,,
upadhānaliṅga,,
upadhāna,,
upadhānīya,,
upadhāyin,ī,
upadhārya,,
upadhālopin,ī,
upadhūpita,,
upadheya,,
upadhmāna,ī,
upadhyāta,,
upadhvasta,,
upanagarabhava,,
upanata,,
upanaddhavya,,
upanaddha,,
upanamra,,
upanādita,,
upanāmuka,,
upanāyika,,
upanāyin,ī,
upanidhyātavya,,
upanipātin,ī,
upanipīḍita,,
upanibaddha,,
upanibandhana,,
upanibha,,
upaniviṣṭa,,
upaniveśin,ī,
upaniṣādin,ī,
upaniṣkrānta,,
upanihita,,
upanīta,,
upanunna,,
upanṛtta,,
upanetavya,,
upaneya,,
upanyasta,,
upanyāsya,,
upapakṣadaghna,,
upapakṣya,,
upapattiparityakta,,
upapattiyukta,,
upapanna,,
upapannārtha,,
upaparīṣa,,
upaparcana,,
upapātakin,ī,
upapātin,ī,
upapādaka,,
upapādana,,
upapādanīya,,
upapādita,,
upapādin,ī,
upapāduka,,
upapādya,,
upapīḍita,,
upapaurika,,
upaprabhinna,,
upaprāpta,,
upaplavin,ī,
upaplavya,,
upapluta,,
upaplutekṣaṇa,,
upabaddha,,
upabila,,
upabhakṣita,,
upabhuktadhana,,
upabhukta,,
upabhṛta,,
upabhṛtopaśama,,
upabhogakṣama,,
upabhogin,ī,
upabhogya,,
upabhojin,ī,
upabhojya,,
upamathita,,
upamantrita,,
upamantrin,ī,
upamardaka,,
upamardin,ī,
upamarṣita,,
upamaśravastama,,
upama,,
upamāsya,,
upamita,,
upamṛta,,
upameya,,
upamlupta,,
upayantrita,,
upayamana,,
upayācaka,,
upayācita,,
upayāta,,
upayāmin,ī,
upayāyin,ī,
upayukta,,
upayoktavya,,
upayogin,ī,
upayogya,,
upayojya,,
uparakta,,
uparacita,,
uparañjaka,,
uparañjya,,
uparatarāsa,,
uparataviṣayābhilāṣa,,
uparataspṛha,,
uparata,,
uparava,,
upara,,
uparādhaya,,
uparigata,,
upariga,,
uparicara,,
uparicita,,
uparicihnita,,
uparija,,
uparitana,ī,
uparidaṃṣṭrin,ī,
uparidaśa,,
uparinihita,,
uparinyasta,,
uparibudhna,,
uparibhakta,,
uparimartya,,
upariśaya,,
upariśāyin,ī,
upariśreṇika,,
upariṣṭātsvāhākāra,,
upariṣṭādudarka,,
upariṣṭādupayāma,,
upariṣṭāllakṣaṇa,,
upariṣṭha,,
uparistha,,
uparisthāyin,ī,
uparisthita,,
uparuddha,,
uparūḍha,,
uparodhakārin,ī,
uparodhin,ī,
uparyāsīna,,
upalakṣaka,,
upalakṣayitavya,,
upalakṣita,,
upalakṣya,,
upalabdhavya,,
upalabdhasukha,,
upalabdha,,
upalabhya,,
upalambhaka,,
upalambhya,,
upalālita,,
upalipta,,
upalepin,ī,
upavañcita,,
upavarṇanīya,,
upavarṇita,,
upavasathīya,,
upavasathya,,
upavasanīya,,
upavastavya,,
upavākya,,
upavācya,,
upavāta,,
upavādin,ī,
upavāsaka,,
upavāsavratin,ī,
upavāsin,ī,
upavāhin,ī,
upavāhya,,
upaviṃśa,,
upaviṣṭaka,,
upaviṣṭa,,
upavījita,,
upavīta,,
upavītin,ī,
upavṛṃhita,,
upavṛṃhin,ī,
upavṛtta,,
upavedanīya,,
upaveśita,,
upaveśin,ī,
upaveṣṭita,,
upaveṣṭitin,ī,
upaśamana,ī,
upaśamanīya,,
upaśamaśīla,,
upaśamāyana,,
upaśayastha,,
upaśaya,,
upaśāntavaira,,
upaśānta,,
upaśāntin,ī,
upaśāmaka,,
upaśāyaka,ikā,
upaśāyin,ī,
upaśikṣita,,
upaśuṣka,,
upaśobhita,,
upaśobhin,ī,
upaśoṣaṇa,,
upaśoṣa,,
upaśoṣita,,
upaśrita,,
upaśruta,,
upaśliṣṭa,,
upasaṃkḷpta,,
upasaṃkrānta,,
upasaṃkhyeya,,
upasaṃgata,,
upasaṃgṛhīta,,
upasaṃgrāhya,,
upasaṃjāta,,
upasaṃnaddha,,
upasaṃpanna,,
upasaṃprāpta,,
upasaṃbaddha,,
upasaṃbhṛta,,
upasaṃyata,,
upasaṃvīta,,
upasaṃśliṣṭa,,
upasaṃsṛṣṭa,,
upasaṃskṛta,,
upasaṃsthita,,
upasaṃhata,,
upasaṃhartavya,,
upasaṃhārin,ī,
upasaṃhita,,
upasaṃhṛta,,
upasakta,,
upasada,,
upasadya,,
upasadvratin,ī,
upasanna,,
upasamāhārya,,
upasamāhita,,
upasaraja,,
upasargin,ī,
upasarjita,,
upasartavya,,
upasarpin,ī,
upasādita,,
upasādhaka,,
upasāntvita,,
upasārya,,
upasikta,,
upasiddha,,
upasūcaka,,
upasūcita,,
upasṛta,,
upasṛpta,,
upasṛpya,,
upasṛṣṭa,,
upasecana,,
upasevaka,,
upasevin,ī,
upaskṛta,,
upastabdha,,
upastambhaka,,
upastīrṇa,,
upastuta,,
upastutya,,
upasthakṛta,,
upasthadaghna,,
upasthapāda,,
upastha,,
upasthātavya,,
upasthānīya,,
upasthāpaka,,
upasthāpayitavya,,
upasthāpya,,
upasthāyin,ī,
upasthāyuka,,
upasthāvara,,
upasthitasaṃprahāra,,
upasthita,,
upastheya,,
upasnuta,,
upasparśin,ī,
upaspṛṣṭa,,
upahataka,,
upahata,,
upahantavya,,
upaharaṇīya,,
upahartavya,,
upahasita,,
upahāraka,ikā,
upahārin,ī,
upahārya,,
upahāsaka,,
upahāsin,ī,
upahāsya,,
upahita,,
upahūta,,
upahṛta,,
upahvartavya,,
upāṃśusavana,,
upāṃśvāyatana,,
upākṛta,,
upākṛtin,ī,
upākta,,
upākhya,,
upāgata,,
upāṅkya,,
upācīrṇa,,
upāttavidya,,
upāttaśastra,,
upāttasāra,,
upātta,,
upādīpta,,
upādeya,,
upādya,,
upādhāyyapūrvaya,,
upādhika,,
upānadgūḍha,,
upānasa,,
upānahin,ī,
upānuvākya,,
upāntasarpin,ī,
upānta,,
upāntika,,
upāntima,,
upāntya,,
upābhigada,,
upāmantrita,,
upāyajña,,
upāyanīkṛta,,
upāyāta,,
upāyin,ī,
upārata,,
upārūḍha,,
upārjaka,,
upārjita,,
upārjya,,
upālabdhavya,,
upālabdha,,
upālabhya,,
upālambhya,,
upālālya,,
upāvanata,,
upāvasāyin,ī,
upāvasita,,
upāvasṛṣṭa,,
upāvahita,,
upāvṛta,,
upāvṛtta,,
upāśaṃsanīya,,
upāśrita,,
upāśliṣṭa,,
upāsaka,,
upāsanārtha,,
upāsanīya,,
upāsādita,,
upāsāditin,ī,
upāsitavya,,
upāsita,,
upāsīna,,
upāsthita,,
upāsya,,
upāhita,,
upāhṛta,,
upita,,
upekṣaka,,
upekṣaṇīya,,
upekṣitavya,,
upekṣita,,
upekṣya,,
upetapūrva,,
upetavya,,
upeta,,
upetya,,
upenita,,
upendhya,,
upeya,,
upoḍha,,
upota,,
upottama,,
upottara,,
upotta,,
upotthita,,
upodaka,,
upodāsṛpta,,
upodbalaka,,
upodbalita,,
upopayāta,,
upolapa,,
upoṣita,,
upoṣya,,
uptakṛṣṭa,,
uptakeśa,,
uptagāḍha,,
upta,,
uptrima,,
upya,,
ubhayaṃkara,,
ubhayakāma,,
ubhayaguṇa,,
ubhayacara,,
ubhayacārin,ī,
ubhayataḥpakṣa,,
ubhayataḥparigṛhīta,,
ubhayataḥpāśa,,
ubhayataḥprajña,,
ubhayataḥpraṇava,,
ubhayataḥprāṇa,,
ubhayataḥpraüga,,
ubhayataḥsaṃśvāyin,ī,
ubhayataḥsasya,,
ubhayataḥsujāta,,
ubhayataḥstobha,,
ubhayataścakra,,
ubhayatastīkṣṇa,,
ubhayatoṅga,,
ubhayatotirātra,,
ubhayatodvāra,,
ubhayatodhāra,,
ubhayatonamaskāra,,
ubhayatobhāgahara,,
ubhayatobhāṣa,,
ubhayatomukha,ī,
ubhayatohrasva,,
ubhayataükthya,,
ubhayapadin,ī,
ubhayabhāgahara,,
ubhayabhāga,,
ubhayamukha,ī,
ubhayavaṃśya,,
ubhayavartanin,ī,
ubhayavāsin,ī,
ubhayavidha,,
ubhayavetana,,
ubhayasambhava,,
ubhayasnātaka,,
ubhaya,ī,
ubhayācakra,,
ubhayātmaka,,
ubhayāda,,
ubhayānumata,,
ubhayāyin,ī,
ubhayāvin,ī,
ubhayīya,,
ubha,,
umāpatisevin,ī,
umbhita,,
uraḥkṣata,,
uraḥśūlin,ī,
uraḥstha,,
uragasāracandanamaya,,
urarīkṛta,,
urala,,
urasa,,
urasila,,
uraspeśa,,
urasya,,
urāṇa,,
urukrama,,
urukṣaya,,
urugāya,,
urucakra,,
urudhāra,,
urubila,ī,
urubja,,
uruyuga,,
uruloka,,
uruvikrama,,
uruvraja,,
uruśaṃsa,,
urusattva,,
urusvana,,
uruhāra,,
urūṇasa,,
urvarita,,
urvarya,,
ulapya,,
ulupya,,
ulūkapakṣa,ī,
ulūkapuccha,ī,
ulūkhalabudhna,,
ulūkhalasuta,,
ulūkhalika,,
ulūkhalin,ī,
ulkādhārin,ī,
ulkānirhata,,
ulkuṣyanta,,
ulbaṇatāpa,,
ulbaṇa,,
ulbya,,
ulmukamathya,,
ullaṅghanīya,,
ullaṅghitaśāsana,,
ullaṅghita,,
ullaṅghya,,
ullambita,,
ullambin,ī,
ullalana,,
ullala,,
ullasa,,
ullasita,,
ulla,ī,
ullāgha,,
ullāṅgūla,,
ullāpana,,
ullāpin,ī,
ullāsita,,
ullāsin,ī,
ullikhita,,
ulliṅgita,,
ullīḍha,,
ulluñcita,,
ullupta,,
ullūna,,
ullekhana,,
ullekhin,ī,
ullekhya,,
ullola,,
uśīrika,ī,
uśenya,,
uṣarbudha,,
uṣasya,,
uṣitaṃgavīna,,
uṣita,,
uṣodevatya,,
uṣṭa,,
uṣṭrakrośin,ī,
uṣṭravāhin,ī,
uṣṭrasthāna,,
uṣṇaṃkaraṇa,,
uṣṇaka,,
uṣṇavīrya,,
uṣṇābhiprāya,,
uṣṇābhiprāyin,ī,
uṣṇīkṛta,,
uṣṇīṣin,ī,
uṣṇoṣṇa,,
uṣmaja,,
uṣmānvita,,
usriya,,
ūḍhabhārya,,
ūḍharatha,,
ūḍha,,
ūta,,
ūdhanya,,
ūnaka,,
ūnadvivārṣika,,
ūnaṣoḍaśavarṣa,,
ūna,,
ūnākṣara,,
ūnātirikta,,
ūnita,,
ūrugrahin,ī,
ūrucchinna,,
ūruja,,
ūrudaghna,ī,
ūrudvayasa,ī,
ūrubhinna,ī,
ūrumātra,ī,
ūruskambhagṛhīta,,
ūrūdbhava,,
ūrjamedha,,
ūrjavya,,
ūrjaskara,,
ūrjasvala,,
ūrjasvin,ī,
ūrja,,
ūrjitacitta,,
ūrjita,,
ūrjin,ī,
ūrṇāmaya,,
ūrṇāvala,,
ūrṇuta,,
ūrda,ī,
ūrdhvaṃdama,,
ūrdhvakara,,
ūrdhvakarṇa,,
ūrdhvaka,,
ūrdhvakṛta,,
ūrdhvakṛśana,,
ūrdhvakeśa,,
ūrdhvaga,,
ūrdhvagāmin,ī,
ūrdhvacaraṇa,,
ūrdhvacūḍa,,
ūrdhvaja,,
ūrdhvajānuka,,
ūrdhvajña,,
ūrdhvatilakin,ī,
ūrdhvanayana,,
ūrdhvanāla,,
ūrdhvapavitra,,
ūrdhvapāda,,
ūrdhvapravarṣin,ī,
ūrdhvabudhna,,
ūrdhvabhaktika,,
ūrdhvabhāgahara,,
ūrdhvabhāga,,
ūrdhvabhāgika,,
ūrdhvabhāsin,ī,
ūrdhvamanthin,ī,
ūrdhvamukha,,
ūrdhvamuṇḍa,,
ūrdhvamūla,,
ūrdhvamauhūrtika,,
ūrdhvaraktin,ī,
ūrdhvareta,,
ūrdhvaliṅga,,
ūrdhvaliṅgin,ī,
ūrdhvavāla,,
ūrdhvavṛta,,
ūrdhvaveṇīdhara,,
ūrdhvasāna,,
ūrdhvastana,ī,
ūrdhvastoma,,
ūrdhvasvapna,,
ūrdhvocchvāsin,ī,
ūrmin,ī,
ūrmimālin,ī,
ūrmiṣaṭkātiga,,
ūrmya,,
ūrvasthamātra,ī,
ūrva,,
ūrvya,,
ūṣmaja,,
ūṣmaṇya,,
ūṣmapara,,
ūṣmapa,,
ūṣmabhāga,,
ūṣmānta,,
ūhanīya,,
ūhitavya,,
ūhita,,
ūhya,,
ṛkṇavaha,ī,
ṛkṇa,,
ṛkthagrāha,,
ṛkthabhāgin,ī,
ṛkthahara,,
ṛktha,,
ṛkthin,ī,
ṛkva,,
ṛkṣavarṇa,,
ṛkṣa,,
ṛksaṃśita,,
ṛgātmaka,,
ṛguttama,,
ṛgma,,
ṛgmin,ī,
ṛgmiya,,
ṛgmya,,
ṛgyajuḥsāmavedin,ī,
ṛgvedin,ī,
ṛgvedīya,,
ṛṅmaya,,
ṛjipya,,
ṛjīka,,
ṛjīpin,ī,
ṛjīṣita,,
ṛjīṣin,ī,
ṛjukāya,,
ṛjuga,,
ṛjugātha,,
ṛjudārumaya,ī,
ṛjupakṣa,,
ṛjumuṣka,,
ṛjulekha,,
ṛjūkṛta,,
ṛjra,,
ṛjvāgata,,
ṛjvāyata,,
ṛjvālikhita,,
ṛñjasāna,,
ṛṇagraha,,
ṛṇagrāhin,ī,
ṛṇada,,
ṛṇadāyin,ī,
ṛṇa,,
ṛṇin,ī,
ṛtaṃbharaprajña,,
ṛtaṃbhara,,
ṛtajātasatya,,
ṛtajāta,,
ṛtajya,,
ṛtadyumna,,
ṛtaprajāta,,
ṛtapravīta,,
ṛtavādin,ī,
ṛtavya,,
ṛtavrata,,
ṛtasadhastha,,
ṛtasāta,,
ṛtāyin,ī,
ṛtiṃkara,,
ṛtugāmin,ī,
ṛtudevata,,
ṛtuprāpta,,
ṛtumaya,,
ṛtumukhin,ī,
ṛtuyājin,ī,
ṛtusevya,,
ṛtebarhiṣka,,
ṛtemūla,,
ṛtesphya,,
ṛtvanta,,
ṛtviya,,
ṛtvya,,
ṛdūdara,,
ṛddha,,
ṛddhikāma,,
ṛddhita,,
ṛdhaṅmantra,,
ṛdhadvāra,,
ṛdhuka,,
ṛdhmuka,,
ṛbīsapakva,,
ṛbhuṣṭhira,,
ṛbhva,,
ṛśyaka,,
ṛṣabhadāyin,ī,
ṛṣabhaikādhika,,
ṛṣigupta,,
ṛṣicodana,,
ṛṣipraśiṣṭa,,
ṛṣiṣāṇa,,
ṛṣiṣṭuta,,
ṛṣisvara,,
ṛṣīvaha,,
ṛṣṭa,,
ṛṣvavīra,,
ekakaṇṭha,,
ekakapāla,,
ekakara,ī,
ekakarmakāraka,,
ekakalpa,,
ekakārya,,
ekakālin,ī,
ekakṛṣṭa,,
ekakriya,,
ekagarbha,,
ekaga,,
ekagrāmīṇa,,
ekagrāmīya,,
ekacatvāriṃśa,ī,
ekacaraṇa,,
ekacārin,ī,
ekacitika,,
ekacitīka,,
ekacitta,,
ekacinmaya,,
ekacodana,,
ekacchattra,,
ekacchāya,,
ekacchāyāpraviṣṭa,,
ekacchāyāśrita,,
ekaja,,
ekajāta,,
ekajātīya,,
ekatatpara,,
ekatama,,
ekataya,,
ekatara,,
ekatāna,,
ekatāla,,
ekatīrthin,ī,
ekatumba,ī,
ekatejana,,
ekatriṃśaka,,
ekatriṃśa,ī,
ekadīkṣa,,
ekaduḥkhasukha,,
ekaduḥkha,,
ekadṛśya,,
ekadevata,,
ekadevatya,,
ekadeśavikṛta,,
ekadeśavibhāvita,,
ekadeśavivartin,ī,
ekadeśastha,,
ekadeśa,,
ekadeśin,ī,
ekadeha,,
ekadhanin,ī,
ekadharma,,
ekadharmin,ī,
ekadhiṣṇya,,
ekadhura,,
ekadhurāvaha,,
ekadhurīṇa,,
ekanavata,,
ekanavatitama,,
ekanibha,,
ekaniścaya,,
ekanīḍa,,
ekapakṣa,,
ekapañcāśattama,,
ekapañcāśa,,
ekapatika,,
ekapatnīka,,
ekapadastha,,
ekapadika,,
ekapara,,
ekapalāśīya,,
ekapaśuka,,
ekapākopajīvin,ī,
ekapāta,,
ekapātin,ī,
ekapātra,,
ekapāda,,
ekapiṇḍa,,
ekapīta,,
ekaputra,,
ekapuruṣa,,
ekapuroḍāśa,,
ekaprakāra,,
ekaprakhya,,
ekapratihāra,,
ekapradāna,,
ekaprahārika,,
ekabhaktika,,
ekabhāva,,
ekabhāvin,ī,
ekabhūta,,
ekabhūmika,,
ekabhojin,ī,
ekamaya,ī,
ekamātra,,
ekamukha,,
ekamūla,,
ekayakāra,,
ekayama,,
ekarasa,,
ekarātra,,
ekarātrika,,
ekarātrīṇa,,
ekarāśigata,,
ekarāśibhūta,,
ekarikthin,ī,
ekarūpa,,
ekarūpya,,
ekarca,,
ekala,,
ekaloka,,
ekavaktraka,,
ekavarṇaka,,
ekavarṇa,,
ekavartanin,ī,
ekavastra,,
ekavācaka,,
ekavāsa,,
ekaviṃśaka,ikā,
ekaviṃśatitama,,
ekaviṃśatividha,,
ekaviṃśa,ī,
ekavidha,,
ekaviṣayin,ī,
ekavīrya,,
ekavṛkṣīya,,
ekaveda,,
ekavyavasāyin,ī,
ekavyākhyāna,,
ekavyūha,,
ekavrata,,
ekaśatatama,ī,
ekaśatavidha,,
ekaśapha,,
ekaśarīra,,
ekaśarīrin,ī,
ekaśākha,,
ekaśākhīya,,
ekaśāyin,ī,
ekaśālika,,
ekaśīla,,
ekaśuṅga,,
ekaśūla,,
ekaśṛṅga,,
ekaśeṣa,,
ekaśrutadhara,,
ekaṣaṣṭa,,
ekaṣaṣṭitama,,
ekasaṃśraya,,
ekasaptata,,
ekasaptatika,,
ekasaptatiguṇa,,
ekasaptatitama,,
ekasarga,,
ekasākṣika,,
ekasārthaprayāta,,
ekastambha,,
ekastoma,,
ekastha,,
ekasthāna,,
ekasthānāśraya,,
ekahalya,,
ekahasta,,
ekahāyana,ī,
ekahārya,,
eka,,
ekākin,ī,
ekākṣara,,
ekākṣa,,
ekāgracitta,,
ekāgra,,
ekāgrya,,
ekāṅga,,
ekātapatra,,
ekātmya,,
ekādaśakapāla,,
ekādaśaka,,
ekādaśadvāra,,
ekādaśama,,
ekādaśavarṣa,,
ekādaśavidha,,
ekādaśavyūha,,
ekādaśa,ī,
ekādaśākṣara,,
ekādaśin,ī,
ekānartha,,
ekānekasvarūpa,,
ekāntakaruṇa,,
ekāntagrāhin,ī,
ekāntaduḥkha,,
ekāntabhūta,,
ekāntara,,
ekāntaritin,ī,
ekāntarin,ī,
ekāntavihārin,ī,
ekāntaśīla,,
ekāntasthita,,
ekānta,,
ekāntika,,
ekāntin,ī,
ekānnanaktabhojana,,
ekānnabhojin,ī,
ekānna,,
ekānnādin,ī,
ekānvaya,,
ekāyanagata,,
ekāyana,,
ekārāma,,
ekārthasamupeta,,
ekārtha,,
ekārṣeya,,
ekālāpaka,,
ekāvama,,
ekāvayava,,
ekāvarta,,
ekāśin,ī,
ekāśīta,,
ekāśītitama,,
ekāśraya,,
ekāśrita,,
ekāsanika,,
ekāsya,,
ekāhadhanin,ī,
ekāhāra,,
ekāhārya,,
ekin,ī,
ekībhāvin,ī,
ekīya,,
ekendriya,,
ekeṣa,,
ekeṣṭaka,,
ekaikatara,,
ekaika,,
ekottara,,
ekodaka,,
ekodātta,,
ekona,,
ekonnata,,
ekaughabhūta,,
ejatka,,
ejaya,,
ejitavya,,
eḍa,,
eḍoka,,
eṇa,ī,
eṇākṣa,ī,
eṇīpacanīya,,
etaka,ikā,
etagva,,
etajja,,
etatkālīna,,
etattulya,,
etattṛtīya,,
etatpara,,
etatprathama,,
etatsama,,
etadatirikta,,
etadanta,,
etadavastha,,
etadīya,,
etaddevatya,,
etaddvitīya,,
etanmaya,ī,
etaśa,,
eta,,
etādṛkṣa,ī,
etādṛśa,ī,
etāvatitha,ī,
etāvadāvāsa,,
etāvanmātra,,
edhanīya,,
edhamāna,,
edha,,
edhita,,
enasya,,
enasvin,ī,
elārasālaka,ikā,
evaṃkārya,,
evaṃkāla,,
evaṃkḷpta,,
evaṃgata,,
evaṃguṇajātīya,,
evaṃguṇasaṃpanna,,
evaṃguṇa,,
evaṃguṇopeta,,
evaṃgotra,,
evaṃjātīya,,
evaṃtarkin,ī,
evaṃdravya,,
evaṃnyaṅga,,
evaṃnyāya,,
evaṃvidha,,
evaṃviśeṣaṇa,,
evaṃviṣaya,,
evaṃvīrya,,
evaṃvṛtta,,
evaṃvrata,,
evaṃśīla,,
evaṃsaṃjñaka,,
evaṃsaṃsthitika,,
evaṃsamṛddha,,
evamabhyanūkta,,
evamarthīya,,
evamavastha,,
evamācāra,,
evamātmaka,ikā,
evamādya,,
evampariṇāma,,
evampūrva,,
evamprakāra,,
evampratyaya,,
evamprabhāva,,
evampravāda,,
evamprāya,,
evambhūta,,
eva,,
eṣaṇa,,
eṣaṇin,ī,
eṣaṇīya,,
eṣa,,
eṣitavya,,
eṣin,ī,
eṣaiṣya,,
eṣṭavya,,
eṣṭa,,
eṣyatkālīya,,
eṣya,,
ehimāya,,
aikagavika,,
aikapadika,,
aikabhautika,,
aikamatya,,
aikarātrika,,
aikalava,ī,
aikavarṇika,,
aikaśatika,,
aikaśapha,,
aikaśālika,,
aikasahasrika,,
aika,,
aikāgārika,ī,
aikāgnika,,
aikādaśina,ī,
aikāntika,ī,
aikānyika,,
aikāhika,ī,
aikṣava,ī,
aikṣuka,,
aikṣubhārika,,
aikṣvāka,ī,
aiṅguda,ī,
aicchika,,
aiḍaka,ī,
aiḍa,ī,
aiḍa,,
aiṇa,ī,
aiṇika,,
aiṇikīya,,
aiṇīpacana,,
aiṇeya,,
aitara,,
aitareya,,
aitikāyanīya,,
aitihāsika,ī,
aidaṃyugīna,,
aindava,ī,
ainduśekhara,,
aindrajālika,ī,
aindradyumna,,
aindranīla,ī,
aindramahika,,
aindramāruta,,
aindralājya,,
aindraluptika,,
aindravāyava,,
aindrahava,,
aindra,ī,
aindrāgna,ī,
aindrāgnya,,
aindrājāgata,,
aindrādṛśa,,
aindrānairṛta,,
aindrāpauṣṇa,,
aindrābārhaspatya,,
aindrāmāruta,,
aindrāyaṇaka,,
aindrāyudha,,
aindrārbhava,,
aindrāliśa,,
aindrāvaruṇa,,
aindrāvasāna,ī,
aindrāvāruṇa,,
aindrāvaiṣṇava,ī,
aindrāsaumya,,
aindriyaka,,
aindriya,,
aindhana,,
aibha,ī,
airaṃmada,,
aira,,
ailaka,,
ailabakāra,,
ailabṛda,,
ailamṛḍa,,
ailāka,,
aiśa,,
aiśāna,ī,
aiśika,,
aiśvara,ī,
aiṣamastana,,
aiṣamastya,,
aiṣīka,,
aiṣukāribhakta,,
aiṣṭaka,,
aiṣṭikapaurtika,,
aiṣṭika,ī,
aihalaukika,ī,
aihika,,
oṃkṛta,,
okaḥsārin,ī,
okaja,,
okta,,
okya,,
ogaṇa,,
ojasīna,,
ojastara,,
ojasya,,
ojasvin,ī,
oja,,
ojiṣṭha,,
ojodātama,,
oḍha,,
otaprota,,
ota,,
odanika,ī,
odanīya,,
odanya,,
opaśin,ī,
ola,,
oṣadhija,,
oṣadhīsaṃśita,,
oṣa,,
oṣiṣṭha,,
oṣṭhaka,,
oṣṭhaja,,
oṣṭhāpidhāna,,
oṣṭhyasthāna,,
oṣṭhya,,
oṣṇa,,
oha,,
aukthika,,
aukṣa,ī,
aukṣṇa,,
aukhya,,
aukhyeyaka,,
aujasika,,
aujasya,,
aujjayanaka,,
auḍava,ī,
auḍāyanabhakta,,
auḍupa,,
auḍupika,,
autkṣepa,ī,
auttaṅka,ī,
auttamika,,
auttarapathika,,
auttarapadika,,
auttarabhaktika,,
auttaravedika,,
auttara,,
auttarārdhika,,
auttarāha,,
autthānika,,
autpattika,ī,
autpāta,,
autpātika,ī,
autpāda,,
autpuṭa,,
autpuṭika,,
autra,,
autsaṅgika,ī,
autsargika,,
autsa,ī,
audakaja,,
audaka,ī,
audañcanaka,,
audañcana,,
audanika,ī,
audanvata,,
audapāna,ī,
audameghīya,,
audayana,,
audayika,,
audara,,
audarika,ī,
audarciṣa,,
audarya,,
audavāpīya,,
audavraja,ī,
audaśvita,,
audaśvitka,,
audasthāna,,
audīcya,,
audumbara,ī,
audgātra,,
auddaṇḍaka,,
auddeśika,,
auddhavamaya,,
auddhava,ī,
auddhārika,,
audbhijja,,
audbhida,,
audyāva,ī,
audvāhika,,
audvepa,,
audhasa,,
aupakarṇika,,
aupakalāpya,,
aupakārika,,
aupagava,ī,
aupacārika,ī,
aupacchandasika,,
aupajānuka,,
aupadeśika,ī,
aupadravika,,
aupadhika,,
aupadheya,,
aupanāyanika,,
aupanāyika,,
aupanāsika,,
aupanidhika,,
aupaniṣatka,,
aupaniṣada,ī,
aupaniṣadika,,
aupanīvika,,
aupapakṣya,,
aupapattika,,
aupapātika,,
aupapādika,,
aupapāduka,,
aupabhṛta,,
aupamānika,,
aupamika,,
aupayaja,,
aupayika,ī,
aupayaugika,,
auparava,,
auparājika,ī,
aupariṣṭa,,
auparodhika,,
aupala,,
aupavasathika,,
aupavasathya,,
aupavāsa,ī,
aupavāsika,ī,
aupavāhya,,
aupaveṣika,,
aupaśamika,,
aupaśāla,,
aupaśleṣika,,
aupasaṃkramaṇa,ī,
aupasaṃkhyānika,,
aupasaṃdhya,,
aupasada,,
aupasargika,,
aupasīrya,,
aupasthāna,ī,
aupasthānika,ī,
aupasthika,ī,
aupasthūṇya,,
aupahastika,,
aupahārika,,
aupākaraṇa,,
aupādānika,,
aupādhika,,
aupādhyāyaka,,
aupānahya,,
aupānuvākya,,
aupāyika,,
aupendra,,
aupodghātika,,
aumaka,,
auma,ī,
auma,,
aumika,ī,
aumbheyaka,,
auraga,,
aurabhra,,
aurabhrika,,
aurasa,ī,
aurasa,,
aurasika,,
aurasya,,
aurṇaka,ī,
aurṇanābhaka,,
aurṇa,ī,
aurṇika,ī,
aurdhvaṃdamika,,
aurdhvadeha,,
aurdhvadehika,,
aurdhvadaihika,,
aurdhvabhaktika,,
aurvara,,
aurvaśa,,
aurva,ī,
aurva,,
aulūkīya,,
aulūkhala,,
auśanasa,ī,
auśanasya,,
auśana,ī,
auśāna,,
auśija,,
auśīnara,ī,
auśīra,,
auṣadha,ī,
auṣadhīya,,
auṣasa,ī,
auṣasika,,
auṣastya,,
auṣika,,
auṣṭīna,,
auṣṭraka,,
auṣṭraratha,,
auṣṭra,,
auṣṭrāyaṇaka,,
auṣṭrika,,
auṣṭha,,
auṣṇiha,,
kaṃya,,
kaṃyya,,
kaṃva,,
kaṃsāra,,
kaṃsika,ī,
kaṃsīya,,
kakāṭa,,
kakudarūpin,ī,
kakudmin,ī,
kakubhamaya,,
kakubha,,
kakuha,,
kakkhaṭa,,
kakṣastha,,
kakṣin,ī,
kakṣīkartavya,,
kakṣīkṛta,,
kakṣya,,
kaṅkaṭika,,
kaṅkaṭin,ī,
kaṅkaṭila,,
kaṅkaṇabhūṣaṇa,,
kaṅkaṇavarṣa,,
kaṅkaṇābharaṇa,,
kaṅkaṇin,ī,
kaṅkata,,
kaṅkapattra,,
kaṅkapattrin,ī,
kaṅkamukha,,
kaṅkara,,
kaṅkavājita,,
kacarūpin,ī,
kacācita,,
kaccara,,
kaccha,,
kacchura,,
kaja,,
kajjalamaya,,
kajjalita,,
kañcuka,ī,
kañcukita,,
kañcukin,ī,
kañcukoṣṇīṣin,ī,
kaṭakavalayin,ī,
kaṭakīya,,
kaṭakya,,
kaṭakhādaka,,
kaṭaghoṣīya,,
kaṭanagarīya,,
kaṭapalvalīya,,
kaṭākṣamuṣṭa,,
kaṭākṣita,,
kaṭāla,,
kaṭika,,
kaṭin,ī,
kaṭistha,,
kaṭukabhakṣin,ī,
kaṭukita,,
kaṭukodaya,,
kaṭuja,,
kaṭupāka,,
kaṭupākin,ī,
kaṭuvipāka,,
kaṭolakapāda,,
kaṭolapāda,,
kaṭola,,
kaṭṭāraka,ikā,
kaṭvara,,
kaṭhara,,
kaṭhinacitta,,
kaṭhinahṛdaya,,
kaṭhina,,
kaṭhinībhūta,,
kaṭhoracitta,,
kaṭhorahṛdaya,,
kaṭhorita,,
kaṭhola,,
kaḍaṃkarīya,,
kaḍaṃgarīya,,
kaḍa,,
kaḍāra,,
kaṇānna,,
kaṇīka,,
kaṇṭakayukta,,
kaṇṭakāḍhya,,
kaṇṭakija,,
kaṇṭakita,,
kaṇṭakin,ī,
kaṇṭin,ī,
kaṇṭhagata,,
kaṇṭhadaghna,,
kaṇṭhadvayasa,,
kaṇṭhamūlīya,,
kaṇṭhalagna,,
kaṇṭhavartin,ī,
kaṇṭhastha,,
kaṇṭhasthānīya,,
kaṇṭhāgata,,
kaṇṭhāvasakta,,
kaṇṭhin,ī,
kaṇṭhīla,ī,
kaṇṭhokta,,
kaṇṭhya,,
kaṇḍula,,
kaṇḍūna,,
kaṇḍūyanaka,,
kaṇḍūla,,
kaṇḍolapāda,,
kaṇvajambhana,ī,
kaṇva,,
kaṇvīya,,
katara,,
katika,,
katititha,,
katitha,,
katipayatha,,
katipaya,ī,
katibheda,,
katividha,,
katisaṃkhya,,
katihāyana,,
katthana,,
katthitavya,,
katpaya,,
kathaṃkathika,,
kathaṃjātīyaka,,
kathaṃpramāṇa,,
kathaṃbhūta,,
kathaṃrūpa,,
kathaṃvīrya,,
kathaka,,
kathana,,
kathanīya,,
kathayāna,,
kathayitavya,,
kathācaṇa,,
kathāprasaṅga,,
kathāmātra,,
kathāmātrāvaśiṣṭa,,
kathāmātrāvaśeṣita,,
kathāvaśeṣa,,
kathāvirakta,,
kathāśeṣa,,
kathika,,
kathita,,
kathīkṛta,,
kathya,,
kadanapriya,,
kadanna,,
kadarthanīya,,
kadartha,,
kadarthita,,
kadarya,,
kadala,ī,
kadākāra,,
kadākhya,,
kadācāra,,
kadāśaya,,
kadāhāra,,
kadindriya,,
kaduṣṇa,,
kadruṇa,,
kadrūṇa,,
kadvada,,
kadhapriya,,
kanakatālābha,,
kanakaprabha,,
kanakamaya,ī,
kanakastambharucira,,
kanaka,,
kanakābha,,
kanakojjvala,,
kanaknaka,,
kanala,,
kana,,
kanikrada,,
kaniṣṭhaka,ikā,
kaniṣṭhaprathama,,
kaniṣṭha,,
kanīna,,
kanīyaḥstana,,
kanīyasa,,
kanīyasvin,ī,
kanīyokṣara,,
kanta,,
kandaja,,
kandada,,
kandala,,
kandalita,,
kandalin,ī,
kandasaṃbhava,,
kandāśana,,
kandupakva,,
kanyaka,,
kanyāgata,,
kanyāṭa,,
kanyāmaya,,
kanyārthika,,
kanyārthin,ī,
kanyāsamudbhava,,
kapaṭaveśa,,
kapaṭaveśin,ī,
kapaṭika,,
kapaṭin,ī,
kapardin,ī,
kapāṭaka,ikā,
kapāṭaghna,,
kapāṭasaṃdhika,,
kapāṭita,,
kapālaka,,
kapālakhaḍgin,ī,
kapālapāśin,ī,
kapālamālin,ī,
kapālavajrin,ī,
kapālaśūlakhaṭvāṅgin,ī,
kapālahasta,,
kapālina,,
kapālin,ī,
kapikeśa,,
kapija,,
kapilaka,ikā,
kapiladhūsara,,
kapiśita,,
kapotakarbura,,
kapotaka,ikā,
kapotapāda,,
kapotavarṇa,,
kapotābha,,
kapotin,ī,
kaplaka,,
kaphakara,,
kaphaghna,ī,
kaphaja,,
kaphada,,
kaphanāśana,,
kaphala,,
kaphavardhaka,,
kaphavardhana,,
kaphavātika,,
kaphavirodhin,ī,
kaphasaṃbhava,,
kaphahara,,
kaphātmaka,,
kaphin,ī,
kabandhin,ī,
kamanīya,,
kamara,,
kamalagarbha,,
kamalagarbhābha,,
kamalanetra,,
kamalapattrākṣa,,
kamalamaya,,
kamalamukha,ī,
kamalavanamaya,,
kamala,,
kamalākṣa,ī,
kamalāyatākṣa,,
kamalotpalamālin,ī,
kampanīya,,
kampānvita,,
kampita,,
kampin,ī,
kampya,,
kambara,,
kambalin,ī,
kambukaṃdhara,,
kambukaṇṭha,ī,
kambojamuṇḍa,,
kambha,,
karaṃdhaya,,
karagrāhin,ī,
karañjaka,ikā,
karañjaha,,
karaṭa,,
karaṇa,ī,
karaṇin,ī,
karaṇīya,,
karaṇḍaka,ikā,
karaṇḍa,ī,
karatalagata,,
karataladhṛta,,
karatalastha,,
karatalīkṛta,,
karatāla,ī,
karadakṣa,,
karada,,
karadāyaka,,
karadīkṛta,,
karadhṛta,,
karanihita,,
karapraceya,,
karaprada,,
karaprāpta,,
karabhīya,,
karamba,,
karambita,,
karambhabhāga,,
karambha,,
karambhin,ī,
kararuddha,,
karastha,,
karahāra,,
kara,ī,
karārpita,,
karālakara,,
karāladaṃṣṭra,,
karālamukha,,
karālamba,,
karālalocana,,
karālavaktra,,
karālavadana,,
karāla,,
karālānana,,
karālita,,
karālin,ī,
karitva,,
karin,ī,
kariṣṭha,,
kariṣya,,
karīṣin,ī,
karuṇavedin,ī,
karuṇāpara,,
karuṇāmaya,,
karuṇārambha,,
karuṇārdra,,
karuṇin,ī,
karūłatin,ī,
karkandhurohita,,
karkarikarṇa,ī,
karka,ī,
karkākṣa,,
karṇakita,,
karṇaga,,
karṇagṛhīta,,
karṇadārin,ī,
karṇamukha,,
karṇamūlīya,,
karṇalatāmaya,,
karṇala,,
karṇaviṣayīkṛta,,
karṇaveṣṭakīya,,
karṇaveṣṭakya,,
karṇaśūnya,,
karṇaśūlin,ī,
karṇaśrava,,
karṇaśrāvin,ī,
karṇasubhaga,,
karṇahīna,,
karṇāntikacara,,
karṇika,,
karṇikāra,,
karṇin,ī,
karṇya,,
kartavya,,
kartukāma,,
kartṛkara,,
kartṛka,,
kartṛga,,
kartṛgāmin,ī,
kartṛbhūta,,
kartṛsthakriyaka,,
kartṛsthabhāvaka,,
kartṛstha,,
karttavya,,
kartya,,
kartva,,
kardama,,
kardamita,,
kardamila,,
karpaṭika,,
karpaṭin,ī,
karpāsa,ī,
karpūramaya,,
karpūrin,ī,
karpūrila,,
karbara,,
karburaka,,
karbūrita,,
karmakara,ī,
karmakāraka,,
karmakāra,,
karmakārin,ī,
karmakṣama,,
karmacārin,ī,
karmajanya,,
karmaja,,
karmajita,,
karmajña,,
karmaṭha,,
karmaṇya,,
karmaduṣṭa,,
karmaniṣṭha,,
karmapravacanīya,,
karmabandhana,,
karmamaya,ī,
karmavajra,,
karmavaśa,,
karmavirodhin,ī,
karmaśīla,,
karmaśūra,,
karmasaṃnyāsika,,
karmasaṃbhava,,
karmasaṅgin,ī,
karmasamāpta,,
karmasādhaka,,
karmasenīya,,
karmastha,,
karmasvaka,,
karmahasta,,
karmākṣama,,
karmānubandhin,ī,
karmānurūpa,,
karmānuṣṭhāyin,ī,
karmāntika,,
karmābhidhāyaka,,
karmābhidhāyin,ī,
karmārha,,
karmika,,
karmin,ī,
karmiṣṭha,,
karmīṇa,,
karmodyukta,,
karmopakaraṇa,,
karvara,,
karśana,,
karśanīya,,
karśita,,
karṣaka,,
karṣaṇa,,
karṣaṇīya,,
karṣita,,
karṣin,ī,
karṣūśaya,,
kalaṅkakara,,
kalaṅkamaya,,
kalaṅkita,,
kalaṅkin,ī,
kalata,,
kalatrin,ī,
kaladhautamaya,,
kaladhauta,,
kalapralāpa,,
kalabhāṣin,ī,
kalamūka,,
kalaviṅkasvara,,
kalasvana,,
kalahakāra,ī,
kalahakārin,ī,
kalahāpahṛta,,
kalahin,ī,
kalākuśala,,
kalādhara,,
kalāpin,ī,
kalāpūrṇa,,
kaliṅga,,
kalitakusuma,,
kalita,,
kalipriya,,
kalila,,
kalivarjya,,
kaluṣayonija,,
kaluṣita,,
kaluṣin,ī,
kalka,,
kalkin,ī,
kalpaka,,
kalpanīya,,
kalpapāla,ī,
kalpayitavya,,
kalpāntavāsin,ī,
kalpāntasthāyin,ī,
kalpika,,
kalpita,,
kalpin,ī,
kalpuṣa,,
kalpotthāyin,ī,
kalpya,,
kalmalīkin,ī,
kalmaṣadhvaṃsakārin,ī,
kalmāṣagrīva,,
kalmāṣapāda,,
kalmāṣapuccha,,
kalmāṣa,ī,
kalmāṣita,,
kalyacitta,,
kalyapālaka,ī,
kalyapāla,ī,
kalyāṇakara,ī,
kalyāṇaka,ikā,
kalyāṇakāraka,,
kalyāṇakāra,ī,
kalyāṇacāra,ī,
kalyāṇatara,,
kalyāṇapañcamīka,,
kalyāṇapuccha,ī,
kalyāṇamaya,,
kalyāṇalakṣaṇa,,
kalyāṇavṛtta,,
kalyāṇasattva,,
kalyāṇa,ī,
kalyāṇācāra,,
kalyāṇābhijana,ī,
kalyāṇābhiniveśin,ī,
kalyāṇin,ī,
kalyāṇīdaśama,,
kalyāṇīpañcama,,
kalyāṇīpañcamīka,,
kalyāṇīpriya,,
kalyotthāyin,ī,
kallamūka,,
kalla,,
kallola,,
kallolita,,
kavacadhara,,
kavacahara,,
kavacita,,
kavacin,ī,
kavarapuccha,ī,
kavara,ī,
kavalana,,
kavalita,,
kavalya,,
kavaṣa,ī,
kava,,
kavāṭa,ī,
kavāsakha,,
kavitama,,
kavitara,,
kavitāvedin,ī,
kavipraśasta,,
kavivṛdha,,
kaviśasta,,
kavīyamāna,,
kavoṣṇa,,
kavyavāḍa,,
kavyavāla,,
kavyavāhana,,
kavya,,
kaśārha,,
kaśeruka,,
kaśmalamaya,,
kaśyapa,,
kaśya,,
kaṣaṇa,,
kaṣa,,
kaṣāyacitra,,
kaṣāya,,
kaṣāyānvita,,
kaṣāyita,,
kaṣāyin,ī,
kaṣāyīkṛtalocana,,
kaṣāyīkṛta,,
kaṣāyībhūta,,
kaṣita,,
kaṣṭakara,ī,
kaṣṭakāraka,,
kaṣṭatara,,
kaṣṭalabhya,,
kaṣṭaśrita,,
kaṣṭasādhya,,
kaṣṭa,,
kaṣṭāgata,,
kaṣṭārtha,,
kasa,,
kasvara,,
kāṃdigbhūta,,
kāṃdiśīka,,
kāṃsa,ī,
kāṃsyaka,,
kāṃsyakāra,ī,
kāṃsyaja,,
kāṃsyanīla,,
kāṃsyamaya,,
kāṃsyābha,,
kākakulāyagandhika,,
kākaguha,,
kākatālīya,,
kākatālukin,ī,
kākatīya,,
kākatulya,,
kākandaka,,
kākapakṣaka,,
kākapakṣadhara,,
kākapeya,,
kākamṛgagocarita,,
kākarava,,
kākaruka,,
kākavāśika,,
kākaśekikin,ī,
kākāra,ī,
kākiṇika,,
kākiṇīka,,
kākudra,,
kākubha,,
kākocchvāsa,,
kākoṣṭhaka,,
kākauṣṭhaka,,
kākṣatava,,
kākṣa,,
kākṣīvata,ī,
kākhatīra,,
kāṅkṣaṇīya,,
kāṅkṣamāṇa,,
kāṅkṣita,,
kāṅkṣin,ī,
kācakāmalin,ī,
kācara,,
kāca,,
kācita,,
kācitkara,,
kācchaka,,
kācchapa,ī,
kāccha,,
kācchika,ī,
kācchima,,
kājala,,
kāñcanaka,,
kāñcanaprabha,,
kāñcanamaya,ī,
kāñcanaśṛṅgin,ī,
kāñcanasaṃnibha,,
kāñcana,ī,
kāñcanāṅgadin,ī,
kāñcanāṅga,ī,
kāñcanāhva,,
kāñcīpuraka,,
kāñcukin,ī,
kāṭipya,,
kāṭya,,
kāṭhaka,ī,
kāṭha,ī,
kāṭheraṇīya,,
kāṇabhuja,ī,
kāṇāda,ī,
kāṇuka,,
kāṇṭakamardanika,,
kāṇṭaka,ī,
kāṇṭakāra,,
kāṇḍadhāra,,
kāṇḍamaya,,
kāṇḍalāva,,
kāṇḍavāraṇa,,
kāṇḍāgnaka,,
kāṇḍin,ī,
kāṇḍīra,,
kāṇvaka,,
kāṇva,,
kāṇvīya,,
kātīya,,
kāttreyaka,,
kātyāyana,ī,
kātyāyanīya,,
kāthañcitka,ī,
kāthika,ī,
kādācitka,ī,
kādrava,,
kānaka,,
kānalaka,,
kāniṣṭhika,,
kānīna,ī,
kānīna,,
kāntāraga,,
kāntārapathika,,
kāntikara,,
kāntida,,
kāntidāyaka,ikā,
kāntihara,,
kānthika,,
kāndava,,
kāndavika,,
kānyakubja,ī,
kāpaṭavaka,,
kāpaṭa,ī,
kāpaṭika,ī,
kāpāṭika,,
kāpāla,ī,
kāpālika,ī,
kāpālika,,
kāpika,ī,
kāpiñjala,,
kāpittha,,
kāpitthika,,
kāpila,ī,
kāpila,,
kāpileya,,
kāpilya,,
kāpiśāyana,ī,
kāpiṣṭhalāyana,,
kāpeya,ī,
kāpotaka,,
kāpota,ī,
kāpyakara,,
kāpyakāra,,
kāmaṃgāmin,ī,
kāmakāma,,
kāmakāmin,ī,
kāmakāra,,
kāmakṛta,,
kāmaga,,
kāmagāmin,ī,
kāmacara,ī,
kāmacāravādabhakṣa,,
kāmacārin,ī,
kāmaja,,
kāmajyeṣṭha,,
kāmaṭha,,
kāmaṇḍalava,,
kāmadarśana,,
kāmadevamaya,,
kāmana,,
kāmanāśaka,,
kāmandakīya,,
kāmapīḍita,,
kāmapūra,,
kāmaprada,,
kāmaprasthīya,,
kāmapra,,
kāmabaddha,,
kāmamaya,ī,
kāmamūḍha,,
kāmamūta,,
kāmamohita,,
kāmayāna,,
kāmarasika,,
kāmarūpadhara,,
kāmarūpa,,
kāmarūpin,ī,
kāmalakīkara,,
kāmalakīṭa,,
kāmalabhida,,
kāmala,,
kāmalika,,
kāmalin,ī,
kāmalubdha,,
kāmalola,,
kāmavaktavyahṛdaya,,
kāmavarṣa,,
kāmavarṣin,ī,
kāmavaśya,,
kāmavādin,ī,
kāmavāsin,ī,
kāmaviddha,,
kāmavivarjita,,
kāmavihārin,ī,
kāmavṛtta,,
kāmaveraṇīya,,
kāmaveśin,ī,
kāmavyāhārin,ī,
kāmasaṃkalpa,,
kāmasamuttha,,
kāmahaituka,,
kāma,,
kāmāgāyin,ī,
kāmātura,,
kāmādhiṣṭhita,,
kāmāndhasaṃjña,,
kāmāndha,,
kāmānnin,ī,
kāmābhikāma,,
kāmābhiṣvaṅga,,
kāmārta,,
kāmārthin,ī,
kāmāvasāyin,ī,
kāmāsakta,,
kāmika,,
kāmita,,
kāmin,ī,
kāmotthāpya,,
kāmonmatta,,
kāmopahatacittāṅga,,
kāmopahata,,
kāmpīlavāsin,ī,
kāmpīla,ī,
kāmbala,,
kāmbalikāyana,,
kāmbojaka,,
kāmboja,,
kāmla,,
kāyaka,ikā,
kāyagata,,
kāyamāna,,
kāyasthita,,
kāya,ī,
kāyika,ī,
kāyoḍhaja,,
kārakara,ī,
kāraka,ikā,
kāraja,,
kārañja,,
kāraṇagata,,
kāraṇadhvaṃsaka,ikā,
kāraṇadhvaṃsin,ī,
kāraṇabhūta,,
kāraṇavihīna,,
kāraṇānvita,,
kāraṇika,,
kārabha,,
kārayitavyadakṣa,,
kārayitavya,,
kāravya,,
kāra,ī,
kāra,,
kārāgupta,,
kārāstha,,
kārita,,
kāritānta,,
kārin,ī,
kārīra,,
kārīrya,,
kārīṣa,,
kāruṇika,,
kāruṇyamaya,ī,
kāruṇyavedin,ī,
kāruṇya,,
kārudveṣin,ī,
kārūṣaka,,
kāreṇava,,
kārottara,,
kārkaṇa,ī,
kārkandhava,ī,
kārkavākava,ī,
kārkīka,,
kārṇacchidrika,,
kārṇaveṣṭakika,ī,
kārṇa,,
kārṇika,ī,
kārtayuga,,
kārta,,
kārttikika,,
kārdama,ī,
kārdamika,ī,
kārpāsaka,,
kārpāsa,ī,
kārpāsika,ī,
kārpūra,,
kārpūriṇa,,
kārpūreya,,
kārmaṇa,ī,
kārmaraṅga,,
kārma,ī,
kārma,,
kārmuka,ī,
kārmuka,,
kārmukin,ī,
kāryakara,,
kāryakārin,ī,
kāryakuśala,,
kāryakṣama,,
kāryacyuta,,
kāryatama,,
kāryabhraṣṭa,,
kāryasādhaka,,
kārya,,
kāryākṣama,,
kāryātipātin,ī,
kāryāpekṣin,ī,
kāryārthin,ī,
kāryika,,
kāryin,ī,
kāryodyukta,,
kārśana,,
kārśānava,,
kārṣāpaṇāvara,,
kārṣāpaṇika,ī,
kārṣika,,
kārṣin,ī,
kārṣuka,,
kārṣṇakarṇa,,
kārṣṇa,ī,
kārṣṇājina,,
kārṣṇāyasa,ī,
kārṣmaryamaya,ī,
kālakalpa,,
kālaka,ikā,
kālaka,,
kālakāra,,
kālakārita,,
kālakīṭa,,
kālakūṭa,,
kālakṛta,,
kālakṣama,,
kālagata,,
kālaghātin,ī,
kālacodita,,
kālajña,,
kālajñānin,ī,
kālañjaraka,,
kālatama,,
kālatulya,,
kālanemin,ī,
kālapakva,,
kālapāśaparīta,,
kālaprabodhin,ī,
kālaprarūḍha,,
kālamukha,,
kālayukta,,
kālayuta,,
kālala,,
kālavarṣin,ī,
kālavyāpin,ī,
kālasaṃkarṣin,ī,
kālasadṛśa,,
kālasamanvita,,
kālasamāyukta,,
kālasampanna,,
kālasāra,,
kālasvarūpa,,
kāla,ī,
kālākāṅkṣin,ī,
kālākṛṣṭa,,
kālāṅga,,
kālātīta,,
kālātmaka,,
kālātyayāpadiṣṭa,,
kālāntarakṣama,,
kālāntarāvṛta,,
kālāyana,,
kālāyasamaya,ī,
kālāyasa,,
kālāyasūpika,,
kālāvara,,
kālika,ī,
kālikeya,,
kālinda,,
kālila,,
kālivya,,
kālīna,,
kāleja,,
kāleya,,
kālotpādita,,
kālopta,,
kālpanika,,
kālpa,,
kālpya,,
kālvāla,,
kālvālīkṛta,,
kāvandha,ī,
kāveraṇīya,,
kāvyarasika,,
kāvya,,
kāśakṛtsnaka,,
kāśakṛtsna,ī,
kāśaja,,
kāśaphareya,,
kāśamaya,,
kāśikosalīya,,
kāśin,ī,
kāśila,,
kāśīya,,
kāśeruyajñika,,
kāśmīraka,,
kāśmīra,ī,
kāśmīrika,,
kāśmīrya,,
kāśyapaka,ikā,
kāśyapa,ī,
kāṣaṇa,,
kāṣāya,,
kāṣṭhaka,,
kāṣṭhagarbha,,
kāṣṭhaghaṭita,,
kāṣṭhapattropajīvin,ī,
kāṣṭhabhārika,,
kāṣṭhabhūta,,
kāṣṭhamaya,ī,
kāṣṭhaloṣṭamaya,,
kāṣṭhāgata,,
kāṣṭhin,ī,
kāsakara,,
kāsakuṇṭha,,
kāsaktika,,
kāsaghna,ī,
kāsa,,
kāsin,ī,
kāhala,,
kāhlāra,,
kiṃkāraṇa,,
kiṃgotra,,
kiṃcijjña,,
kiṃcitkara,,
kiṃcitka,,
kiṃcitprāṇa,,
kiṃja,,
kiṃtva,,
kiṃdevata,,
kiṃdevatya,,
kiṃdharmaka,,
kiṃnarakaṇṭha,,
kiṃnāmaka,ikā,
kiṃnāmadheya,,
kiṃnimitta,,
kiṃlakṣaṇaka,,
kiṃvarṇa,,
kiṃvidya,,
kiṃvidha,,
kiṃviśeṣaṇa,,
kiṃviṣayaka,,
kiṃvīrya,,
kiṃvyāpāra,,
kiṃśila,,
kiṃśīla,,
kiṃsamācāra,,
kiṃsa,,
kiṃsādhana,,
kiṃstha,,
kiṅkiṇīkin,ī,
kiṅkiṇījālamālin,ī,
kiñjalkin,ī,
kiṇakṛta,,
kiṇajāta,,
kiṇvīya,,
kiṇvya,,
kitavīya,,
kimadyaka,,
kimabhidhāna,,
kimartha,,
kimavastha,,
kimākhya,,
kimācāra,,
kimātmaka,ikā,
kimādhāra,,
kimāhāra,,
kimīya,,
kimpaca,,
kimpacāna,,
kimparākrama,,
kimparivāra,,
kimpavitra,,
kimpāka,,
kimprabhāva,,
kimphala,,
kimbala,,
kimbhūta,,
kimmaya,,
kiyanmātra,,
kiraṇamaya,,
kirātakula,ī,
kirika,,
kirīṭadhārin,ī,
kirīṭa,,
kirīṭin,ī,
kirbira,,
kirmira,,
kirmīra,,
kirmīrita,,
kilāsanāśana,,
kilāsamaya,,
kilāsa,,
kilāsin,ī,
kilina,,
kilbiṣin,ī,
kiśarika,ī,
kisalayita,,
kīkaṭa,,
kīkasa,,
kīṭaka,,
kīṭāvapanna,,
kīdṛkṣa,ī,
kīdṛgākāra,,
kīdṛgrūpa,,
kīdṛgvarṇa,,
kīdṛśa,ī,
kīnāśa,,
kīricodana,,
kīrin,ī,
kīrodbhūta,,
kīrṇa,,
kīrtanīya,,
kīrtanya,,
kīrtikara,ī,
kīrtitavya,,
kīrtita,,
kīrtināśin,ī,
kīrtipratāpabalasahita,,
kīrtimaya,ī,
kīrtiyuta,,
kīrtenya,,
kīrtya,,
kīryamāṇa,,
kīrya,,
kīlanīya,,
kīlālapa,,
kīlita,,
kīśa,,
kukara,,
kukarmakārin,ī,
kuka,,
kukṛta,,
kukriya,,
kukṣigata,,
kugaṇin,ī,
kuṅkumatāmra,,
kuṅkumākta,,
kuṅkumāṅka,,
kuṅkumāruṇa,,
kucara,,
kucita,,
kucela,,
kucailin,ī,
kuñcita,,
kuñjararūpin,ī,
kuṭika,,
kuṭita,,
kuṭilaka,,
kuṭilagāmin,ī,
kuṭilasvabhāva,,
kuṭīgata,,
kuṭīmaya,,
kuṭumbika,,
kuṭṭaka,,
kuṭṭa,,
kuṭṭāka,ī,
kuṭṭita,,
kuṭṭin,ī,
kuḍmala,,
kuḍmalāgradanta,,
kuḍmalita,,
kuṇapa,,
kuṇapāśana,,
kuṇṭaka,,
kuṇṭhaka,,
kuṇṭha,,
kuṇṭhita,,
kuṇḍapāyin,ī,
kuṇḍapāyya,,
kuṇḍabhedin,ī,
kuṇḍalākāra,,
kuṇḍalita,,
kuṇḍalin,ī,
kuṇḍalīkṛta,,
kuṇḍalībhūta,,
kuṇḍaloddyotitānana,,
kuṇḍāvṛṣa,,
kuṇḍāśin,ī,
kuṇḍin,ī,
kuṇḍīra,,
kuṇḍodara,,
kutapa,,
kutastama,,
kutastya,,
kutukita,,
kutukin,ī,
kutūhala,,
kutūhalita,,
kutūhalin,ī,
kutonimitta,,
kutomūla,,
kutratya,,
kutsita,,
kutsya,,
kuthita,,
kudāra,,
kudṛśya,,
kudṛṣṭa,,
kudṛṣṭin,ī,
kuddālapāda,,
kunakha,,
kunakhin,ī,
kunannama,,
kunātha,,
kunāyaka,,
kuntavanamaya,,
kundasamadanta,,
kupata,,
kupathaga,,
kupathagāmin,ī,
kupathacara,,
kupatha,,
kupathya,,
kupaya,,
kuparijñāta,,
kuparīkṣaka,,
kuparīkṣita,,
kupita,,
kupūya,,
kupya,,
kuprada,,
kuprāvaraṇa,,
kuprāvṛta,,
kupriya,,
kubera,,
kubjaka,,
kubjita,,
kubhārya,,
kumanīṣa,,
kumanīṣin,ī,
kumārakuśala,,
kumāracapala,,
kumāradeṣṇa,,
kumāranipuṇa,,
kumārabrahmacārin,ī,
kumārābhirūpaka,,
kumārika,,
kumārin,ī,
kumārīputraka,,
kumārīśvaśuraka,,
kumudapattrābha,,
kumudamaya,,
kumudāvāsa,,
kumudika,ī,
kumudotpalin,ī,
kumudvin,ī,
kumpa,,
kumbhadhānya,,
kumbhamuṣka,,
kumbhānta,,
kumbhin,ī,
kumbhīkin,ī,
kumbhīpākya,,
kumbhya,,
kuyava,,
kurarāva,,
kurava,,
kurasa,,
kurīrin,ī,
kurukṣetrin,ī,
kurucara,ī,
kurutapāda,,
kurūṭin,ī,
kurūpa,,
kurūpin,ī,
kurvāṇa,,
kulaṃkula,,
kulaṃdhara,,
kulakalaṅkakārin,ī,
kulakalaṅkita,,
kulagna,,
kulacyuta,,
kulajāta,,
kuladamana,,
kuladūṣaṇa,,
kuladhurya,,
kulapāṃsana,ī,
kulapāṃsula,,
kulapālaka,,
kulapālin,ī,
kulaprasūta,,
kulabhava,,
kulabhūṣaṇa,,
kulabhraṣṭa,,
kulambhara,,
kularakṣaka,,
kulara,,
kulavardhana,,
kulavyāpin,ī,
kulaśīlasamanvita,,
kulaśreṣṭhin,ī,
kulasamudbhava,,
kulasambhava,,
kulasa,,
kulahīna,,
kulākula,,
kulāntakaraṇa,,
kulānvita,,
kulābhimānin,ī,
kulāyanilāyin,ī,
kulāyin,ī,
kulālakṛta,,
kulālambin,ī,
kulika,,
kulijika,ī,
kulin,ī,
kulīnaka,,
kulīya,,
kuleya,,
kulocita,,
kulotkaṭa,,
kulotpanna,,
kulodgata,,
kulodbhava,,
kulodbhūta,,
kulodvaha,,
kulphadaghna,,
kulmāṣakhāda,,
kulya,,
kulva,,
kuvakra,,
kuvaca,,
kuvada,,
kuvara,,
kuvalayamaya,ī,
kuvalayita,,
kuvala,ī,
kuvāda,,
kuśakāśamaya,,
kuśacīrin,ī,
kuśadūrvāmaya,,
kuśarīra,,
kuśalakāma,,
kuśalin,ī,
kuśahasta,,
kuśa,,
kuśāgra,,
kuśāgrīya,,
kuśika,,
kuśita,,
kuśin,ī,
kuśeśayamaya,ī,
kuśeśaya,,
kuśeśayākṣa,,
kuśruta,,
kuṣīda,,
kuṣṭhagala,,
kuṣṭhaja,,
kuṣṭhamaya,,
kuṣṭhāṅga,,
kuṣṭhānvita,,
kuṣṭhita,,
kuṣṭhin,ī,
kusīda,,
kusīdika,ī,
kusumakomala,,
kusumacita,,
kusumadāyin,ī,
kusumamaya,ī,
kusumasanātha,,
kusumita,,
kusumojjvala,,
kusumbharāga,,
kusūladhānya,,
kusūlapāda,,
kusūlapūraṇāḍhaka,,
kustrīka,,
kuhakakāraka,,
kuhakakāra,,
kuhakacakita,,
kuhana,,
kuharin,ī,
kuhaśrutīya,,
kūcidarthin,ī,
kūjaka,ikā,
kūjita,,
kūjin,ī,
kūjya,,
kūṭaka,,
kūṭadanta,,
kūṭadharma,,
kūṭayuddha,,
kūṭayodhin,ī,
kūṭastha,,
kūṭa,ī,
kūṇita,,
kūdīmaya,,
kūpaśaya,,
kūpika,,
kūbara,,
kūrcakin,ī,
kūrcala,,
kūrcin,ī,
kūrparita,,
kūrmapṛṣṭhonnata,,
kūlaṃdhaya,ī,
kūlacara,,
kūlajāta,,
kūlamudvaha,,
kūlita,,
kūlin,ī,
kūlecara,,
kūlya,,
kūlva,,
kṛkaṇīya,,
kṛcchragata,,
kṛcchrapatita,,
kṛcchraprāṇa,,
kṛcchrabhojin,ī,
kṛcchrarūpa,,
kṛcchravartin,ī,
kṛcchrasādhya,,
kṛcchrānmukta,,
kṛcchrāpta,,
kṛcchrin,ī,
kṛcchrodya,,
kṛtakapaṭa,,
kṛtakartavya,,
kṛtakalpa,,
kṛtaka,,
kṛtakārin,ī,
kṛtakārya,,
kṛtakāla,,
kṛtakūrcaka,,
kṛtakṛtya,,
kṛtakopa,,
kṛtakautuka,,
kṛtakriya,,
kṛtakrudha,,
kṛtakṣaṇa,,
kṛtaghātayatna,,
kṛtacihna,,
kṛtacchidra,,
kṛtajijñāsa,,
kṛtatanutrāṇa,,
kṛtatīrtha,,
kṛtadāra,,
kṛtadeśa,,
kṛtadviṣṭa,,
kṛtadhvaṃsa,,
kṛtadhvasta,,
kṛtanakha,,
kṛtanāmaka,,
kṛtanāśaka,,
kṛtanāśana,,
kṛtanityakriya,,
kṛtanirṇejana,,
kṛtaniścaya,,
kṛtaniścayin,ī,
kṛtapada,,
kṛtapaścāttāpa,,
kṛtapuṅkha,,
kṛtapūrva,,
kṛtapūrvin,ī,
kṛtapauruṣa,,
kṛtaprajña,,
kṛtapraṇāma,,
kṛtapratijña,,
kṛtaprayatna,,
kṛtaprayojana,,
kṛtapraharaṇa,,
kṛtapriya,,
kṛtaphala,,
kṛtabhaya,,
kṛtabhāva,,
kṛtabhūtamaitra,,
kṛtabhojana,,
kṛtamanoratha,,
kṛtamārga,,
kṛtamukha,,
kṛtamūlya,,
kṛtamaitra,,
kṛtayāma,,
kṛtayogya,,
kṛtarava,,
kṛtaruṣa,,
kṛtavadhyacihna,,
kṛtavāgdvāra,,
kṛtavikāra,,
kṛtavikrama,,
kṛtavikriya,,
kṛtavidya,,
kṛtavivāha,,
kṛtavismaya,,
kṛtavīrya,,
kṛtavetana,,
kṛtavedin,ī,
kṛtaveṣa,,
kṛtavaira,,
kṛtavyadhana,ī,
kṛtavyalīka,,
kṛtaśastraniḥśrama,,
kṛtaśilpa,,
kṛtaśobha,,
kṛtaśauca,,
kṛtaśrama,,
kṛtasaṃkalpa,,
kṛtasaṃketa,,
kṛtasaṃjña,,
kṛtasaṃnāha,,
kṛtasaṃnidhāna,,
kṛtasaṃsarga,,
kṛtasaṃskāra,,
kṛtasampuṭa,,
kṛtasambandha,,
kṛtasavya,,
kṛtasneha,,
kṛtasmaya,,
kṛtasvara,,
kṛtasvecchāhāra,,
kṛtahasta,,
kṛta,,
kṛtākṛtaprasaṅgin,ī,
kṛtākṛta,,
kṛtāgama,,
kṛtāgaska,,
kṛtāṅka,,
kṛtādhikāra,,
kṛtādhipatya,,
kṛtānana,,
kṛtānukara,,
kṛtānukūlya,,
kṛtānukṛtakārin,ī,
kṛtānuyātra,,
kṛtānuvyādha,,
kṛtāntara,,
kṛtānta,,
kṛtānna,,
kṛtāpakāra,,
kṛtāpakṛta,,
kṛtāpadāna,,
kṛtāparādha,,
kṛtābhaya,,
kṛtābharaṇa,,
kṛtābhiyoga,,
kṛtābhiṣeka,,
kṛtābhisaraṇaveṣa,,
kṛtābhyanujña,,
kṛtābhyāsa,,
kṛtāyāsa,,
kṛtārgha,,
kṛtārtanāda,,
kṛtārthanīya,,
kṛtārthīkaraṇa,,
kṛtārthīkṛta,,
kṛtārthībhūta,,
kṛtālaya,,
kṛtāloka,,
kṛtāvadhāna,,
kṛtāvamarṣa,,
kṛtāvaśyaka,,
kṛtāvasakthika,,
kṛtāvastha,,
kṛtāvāsa,,
kṛtāvin,ī,
kṛtāśaṃsa,,
kṛtāśana,,
kṛtāśa,,
kṛtāśraya,,
kṛtāsanaparigraha,,
kṛtāskandana,,
kṛtāstra,,
kṛtāspada,,
kṛtāhaka,,
kṛtāhāraka,,
kṛtāhāra,,
kṛtāhvāna,,
kṛtin,ī,
kṛterṣya,,
kṛtoṃkāra,,
kṛtotsāha,,
kṛtodaka,,
kṛtodvāha,,
kṛtonmāda,,
kṛtopacāra,,
kṛtopabhoga,,
kṛtopavāsa,,
kṛtta,,
kṛttikāpiñjara,,
kṛtyajña,,
kṛtyaśeṣa,,
kṛtya,,
kṛtyādūṣaṇa,ī,
kṛtyārūpa,,
kṛtyāhata,,
kṛtvya,,
kṛtsnaka,,
kṛtsnakāraka,,
kṛtsnatara,,
kṛtsnavīta,,
kṛtsnavṛta,,
kṛtsnāyata,,
kṛdhukarṇa,,
kṛdhuka,,
kṛpaṇakāśin,ī,
kṛpaṇavatsala,,
kṛpaṇavarṇa,,
kṛpaṇin,ī,
kṛpanīła,,
kṛpa,ī,
kṛpānvita,,
kṛpāmaya,,
kṛpāviṣṭa,,
kṛpāhīna,,
kṛmikośaja,,
kṛmikośottha,,
kṛmighna,,
kṛmija,,
kṛmin,ī,
kṛmibhojana,,
kṛmirāga,,
kṛśaka,,
kṛśagava,,
kṛśadhana,,
kṛśana,,
kṛśanin,ī,
kṛśabhṛtya,,
kṛśāṅga,ī,
kṛśānavaka,,
kṛśānuka,,
kṛśārtha,,
kṛśāluka,,
kṛśāśa,,
kṛśāśva,,
kṛśita,,
kṛśīkṛta,,
kṛśodara,ī,
kṛṣāṇa,,
kṛṣisaṃśita,,
kṛṣṭaja,,
kṛṣṭapacya,,
kṛṣṭapākya,,
kṛṣṭasamīkṛta,,
kṛṣṭa,,
kṛṣṭopta,,
kṛṣṇakarṇa,ī,
kṛṣṇagava,,
kṛṣṇagrīva,ī,
kṛṣṇacara,,
kṛṣṇatāmra,,
kṛṣṇatilya,,
kṛṣṇatūṣa,,
kṛṣṇadanta,,
kṛṣṇadaśa,,
kṛṣṇanayana,,
kṛṣṇapakṣīya,,
kṛṣṇapāṇḍura,,
kṛṣṇabalakṣa,,
kṛṣṇabhakṣa,,
kṛṣṇamārga,,
kṛṣṇamukha,ī,
kṛṣṇamṛttika,,
kṛṣṇayajurvedīya,,
kṛṣṇayāma,,
kṛṣṇarakta,,
kṛṣṇarūpya,,
kṛṣṇalalāma,,
kṛṣṇalohita,,
kṛṣṇavaktra,,
kṛṣṇavarṇa,,
kṛṣṇavastra,,
kṛṣṇavāla,,
kṛṣṇavāsa,,
kṛṣṇaśapha,,
kṛṣṇaśabala,,
kṛṣṇaśa,,
kṛṣṇaśṛta,,
kṛṣṇasāraṅga,,
kṛṣṇasāra,ī,
kṛṣṇasīta,,
kṛṣṇāgata,,
kṛṣṇāgurumaya,,
kṛṣṇājinagrīva,,
kṛṣṇājinin,ī,
kṛṣṇāvadāta,,
kṛṣṇāśrita,,
kṛṣṇaita,,
kṛṣṇosyākhareṣṭhaka,,
kṛṣya,,
kḷptanakha,,
kḷpta,,
kekaraka,,
kekaranetra,,
kekaralocana,,
kekara,,
kekarākṣa,,
ketita,,
ketubhūta,,
kedara,,
keyūrin,ī,
kelikala,,
kelika,,
kelikila,,
kelipara,,
kevalakarmin,ī,
kevalavātika,ī,
kevalavyatirekin,ī,
kevalāgha,,
kevalādin,ī,
kevalānvayin,ī,
kevalin,ī,
keśaka,,
keśakārin,ī,
keśakīṭāvapatita,,
keśagṛhīta,,
keśacaṇa,,
keśacūḍa,,
keśaṭa,,
keśadṛṃhaṇa,ī,
keśarāla,,
keśarin,ī,
keśavardhana,ī,
keśava,,
keśāntika,,
keśika,,
keśin,ī,
keśya,,
kesara,,
kesarin,ī,
kaiṃkirāta,,
kaiṃnara,,
kaiṃśuka,,
kaiñjalka,,
kaiṭa,,
kaitaka,,
kaitava,ī,
kaidāra,,
kaimutika,,
kairātaka,,
kairāta,,
kailātaka,,
kailiñja,ī,
kaivartīya,,
kaiśava,ī,
kaiśika,ī,
kaiśina,ī,
kaiśoraka,ikā,
kaiṣkindha,,
kokilābhivyāhārin,ī,
koṅkāṇa,ī,
koṭivedhin,ī,
kotha,,
kodaṇḍin,ī,
kopaka,,
kopajvalita,,
kopadīpta,,
kopanīya,,
kopaparīta,,
kopasaṃdhukṣaṇa,,
kopasamanvita,,
kopākula,,
kopāviṣṭa,,
kopita,,
kopin,ī,
kopya,,
komalasvabhāva,,
komalāṅga,ī,
komya,,
korakita,,
korita,,
kolāhalin,ī,
kośadhāvana,ī,
kośapīthin,ī,
kośabhūta,,
kośahīna,,
kośekṣaṇa,,
koṣṭhya,,
koṣṇa,,
kohala,,
kaukila,ī,
kaukkuṭa,,
kaukkuḍīvahaka,,
kaukṣaka,,
kaukṣa,,
kaukṣeya,,
kauṅkaṇodbhūta,,
kauṅkuma,ī,
kaucavārya,,
kauja,,
kauñjara,ī,
kauṭakika,,
kauṭajabhārika,,
kauṭaja,,
kauṭajika,,
kauṭa,,
kauṭika,,
kauṭīgava,,
kauṭīya,,
kauṭīra,,
kauṭumba,,
kauṭumbika,,
kauṭya,,
kauṭhuma,ī,
kauḍavika,ī,
kauḍeyaka,,
kauṇapa,,
kauṇḍapāyina,,
kauṇḍala,,
kauṇḍalika,,
kauṇḍāyana,,
kauṇḍina,,
kauṇḍineyaka,,
kauṇḍinya,,
kautapa,,
kautaskuta,,
kautukamaya,,
kautukita,,
kautukin,ī,
kautūhalapara,,
kautūhalānvita,,
kautsa,,
kautsāyana,ī,
kauddāla,ī,
kaudravīṇaka,,
kaudravīṇa,,
kaunṛtika,ī,
kaunda,ī,
kaupa,ī,
kaupiñjala,,
kaupya,,
kaubera,ī,
kaumāracārin,ī,
kaumārabrahmacārin,ī,
kaumāravratacārin,ī,
kaumārahara,,
kaumāra,ī,
kaumārika,,
kaumārila,,
kaumudika,,
kaumedura,,
kaumbhakarṇa,,
kaumbha,,
kaumbhāyana,,
kaumbheyaka,,
kaumbhya,,
kauravaka,,
kauravapāṇḍavīya,,
kaurava,ī,
kaurujaṅgala,,
kaurujāṅgala,,
kaurupāñcāla,,
kaurpara,,
kaurma,,
kaurvata,,
kaulaka,,
kaulakeya,,
kaulaṭineya,ī,
kaulaṭeya,ī,
kaulattha,ī,
kaulatthīna,,
kaulapata,ī,
kaula,ī,
kaulāsa,,
kaulika,,
kaulitara,,
kauliśika,ī,
kaulūta,,
kauleyaka,,
kauleya,,
kaulmāṣika,ī,
kaulya,,
kauvidārya,,
kauśa,ī,
kauśa,,
kauśāṃbeya,,
kauśāmba,,
kauśāmbīya,,
kauśika,,
kauśīrakeya,,
kauśeya,,
kauśya,,
kauṣṭacitka,,
kauṣṭhavitka,,
kauṣṭha,,
kauṣṭhika,,
kauṣṭhya,,
kauṣmāṇḍa,,
kauṣmāṇḍika,,
kausalaka,,
kausala,,
kausalya,,
kausīda,ī,
kausuma,ī,
kausumāyudha,,
kausumbhaka,,
kausumbha,ī,
kaustubhīya,,
knasa,,
knūta,,
krakṣamāṇa,,
kratutulya,,
kratumaya,,
kratuvikrayin,ī,
kratuvikrāyaka,,
kratvāmagha,,
krathana,,
kradhiṣṭha,,
krandita,,
kramaka,,
kramagata,,
kramaja,,
kramaṇīya,,
kramaprāpta,,
kramabhāvin,ī,
kramamāṇa,,
kramākrānta,,
kramāgata,,
kramādhyāyin,ī,
kramānuyāyin,ī,
kramāyāta,,
kramika,,
krametara,,
kramokta,,
kramya,,
krayakrīta,,
krayaṇīya,,
krayavikrayin,ī,
krayika,,
krayya,,
kravaṇa,,
kravyabhakṣin,ī,
kravyabhojana,,
kravyavāhana,,
kravya,,
kravyāśin,ī,
kraśita,,
kraśiṣṭha,,
kraṣṭavya,,
krākacya,,
krānta,,
krāmika,,
krāmetaraka,,
krimṇa,,
kriyamāṇa,,
kriyātmaka,,
kriyānurūpa,,
kriyānvita,,
kriyāpathamatikrānta,,
kriyāpara,,
kriyāyukta,,
kriyāvaśa,,
kriyāvasanna,,
kriyāvācaka,,
kriyāvācin,ī,
kriyāvidhijña,,
kriyāvyavadhāyaka,,
krīḍanaka,ikā,
krīḍanīyakasaṃnibha,,
krīḍamāna,,
krīḍa,,
krīḍāmaya,ī,
krīḍārasamaya,,
krīḍita,,
krīḍin,ī,
krītaka,,
krīta,,
krība,,
krukta,,
kruddha,,
krudhyamāna,,
kruṣṭa,,
krūrakoṣṭha,,
krūracarita,,
krūraceṣṭita,,
krūraprakṛtika,,
krūramānasa,,
krūrasvara,,
krūrācāra,,
krūropasaṃhata,,
kretavya,,
kreya,,
kraiḍina,ī,
kroḍāsya,,
krodhaja,,
krodhanīya,,
krodhamaya,,
krodhamukha,ī,
krodhamūrchita,,
krodhavarjita,,
krodhavaśaga,,
krodhavaśa,,
krodhasamanvita,,
krodhānvita,,
krodhin,ī,
krodhiṣṭha,,
krodhojjhita,,
krośana,,
krośamātragata,,
krośamātrasthita,,
krośamāna,,
krauñcapakṣa,,
krauñca,,
krauḍa,ī,
krauśaśatika,,
krauṣṭukarṇa,,
krauṣṭra,,
krauṣṭrāyaṇaka,,
klamin,ī,
klavita,,
klāntavadana,,
klānta,,
klinnaka,,
klinnanetra,,
klinna,,
klinnākṣa,,
kliśita,,
kliśyamāna,,
kliṣṭa,,
klītaka,,
klībarūpa,,
kledaka,,
kledana,,
kledita,,
kledin,ī,
kledya,,
kleśaka,,
kleśakārin,ī,
kleśakṣama,,
kleśada,,
kleśanāśana,,
kleśabhāgin,ī,
kleśāpaha,,
kleśita,,
kleśin,ī,
kvaṇita,,
kvatyaka,ikā,
kvatya,,
kvathita,,
kvadhaḥstha,,
kvanivāsa,,
kvastha,,
kvācitka,ī,
kvāthayitavya,,
kvāthodbhava,,
kṣaṇadṛṣṭanaṣṭa,,
kṣaṇadṛṣṭa,,
kṣaṇaprabha,,
kṣaṇabhaṅgavādin,ī,
kṣaṇabhaṅgin,ī,
kṣaṇabhūta,,
kṣaṇamātrānurāgin,ī,
kṣaṇavighnita,,
kṣaṇavidhvaṃsin,ī,
kṣaṇika,ī,
kṣaṇita,,
kṣaṇin,ī,
kṣaṇepāka,,
kṣatakṛta,,
kṣataghna,,
kṣatajaṣṭhīvin,ī,
kṣataja,,
kṣatapuṇyaleśa,,
kṣatavikṣata,,
kṣatavrata,,
kṣata,,
kṣatin,ī,
kṣatottha,,
kṣatodbhava,,
kṣatrajāta,,
kṣatradharmānuga,,
kṣatravardhana,,
kṣatrānvaya,,
kṣatrāyatanīya,,
kṣatriyaprāya,,
kṣatriyabruva,,
kṣatriyamardana,,
kṣatriyahaṇa,,
kṣatriya,,
kṣantavya,,
kṣapaka,,
kṣapaṇa,,
kṣapaṇībhūta,,
kṣapa,,
kṣapāśaya,,
kṣapitavya,,
kṣapita,,
kṣamaṇīya,,
kṣamākara,,
kṣamācara,,
kṣamānvita,,
kṣamāpanna,,
kṣamāpara,,
kṣamāyukta,,
kṣamāśipha,,
kṣamāśīla,,
kṣamitavya,,
kṣamita,,
kṣamin,ī,
kṣamya,,
kṣayaṃkara,ī,
kṣayakara,,
kṣayakāsin,ī,
kṣayaja,,
kṣayaṇa,,
kṣayadvīra,,
kṣayapravṛtta,,
kṣayayitavya,,
kṣayayukta,,
kṣayarogin,ī,
kṣaya,,
kṣayika,,
kṣayita,,
kṣayin,ī,
kṣayya,,
kṣaraka,ikā,
kṣaraja,,
kṣarabhāva,,
kṣarātmaka,,
kṣarita,,
kṣareja,,
kṣarya,,
kṣa,,
kṣātravidya,,
kṣātra,ī,
kṣānta,,
kṣāntivarṇavādin,ī,
kṣāntivādin,ī,
kṣāntīya,,
kṣāmakarṣamiśra,,
kṣāmakṣāma,,
kṣāmāṅga,,
kṣāmin,ī,
kṣāmya,,
kṣāyika,,
kṣārakajāta,,
kṣārakṛtya,,
kṣārakṣata,,
kṣārakṣīṇa,,
kṣāramehin,ī,
kṣārākṣa,,
kṣārita,,
kṣārīya,,
kṣālana,,
kṣālanīya,,
kṣālitavya,,
kṣālita,,
kṣita,,
kṣitija,,
kṣitidhārin,ī,
kṣitipratiṣṭha,,
kṣipakin,ī,
kṣipaṇa,,
kṣipa,,
kṣiptacitta,,
kṣiptadeha,,
kṣiptabheṣaja,ī,
kṣiptalaguḍa,,
kṣipta,,
kṣipyamāṇa,,
kṣiprakāma,,
kṣiprakārin,ī,
kṣipraniścaya,,
kṣīṇakalmaṣa,,
kṣīṇakośa,,
kṣīṇajīvita,,
kṣīṇadhana,,
kṣīṇapāpa,,
kṣīṇapuṇya,,
kṣīṇamadhya,,
kṣīṇavāsin,ī,
kṣīṇavikrānta,,
kṣīṇaśarīra,,
kṣīṇasāra,,
kṣīṇasukṛta,,
kṣīṇa,,
kṣīṇāṅga,,
kṣīṇārtha,,
kṣīṇāśrava,,
kṣīṇāsrava,,
kṣīṇopāya,,
kṣībika,,
kṣīyamāṇa,,
kṣīrada,,
kṣīrapa,,
kṣīrapāka,,
kṣīrapāṇa,ī,
kṣīrapāna,ī,
kṣīrapāyin,ī,
kṣīrabhṛta,,
kṣīramaya,,
kṣīrayājin,ī,
kṣīrahomin,ī,
kṣīrānnāda,,
kṣīrābdhimandira,,
kṣīrin,ī,
kṣīvika,,
kṣuṇṇa,,
kṣuta,,
kṣutkṣāmakaṇṭha,,
kṣutkṣāma,,
kṣuttṛṭparīta,,
kṣuttṛḍudbhava,,
kṣuttṛṣānvita,,
kṣuttṛṣṇopapīḍita,,
kṣutpara,,
kṣutparīta,,
kṣutpipāsāpariśrānta,,
kṣutpipāsāparītāṅga,,
kṣutpipāsārta,,
kṣutpipāsita,,
kṣutsambādha,,
kṣudraṃcara,,
kṣudraka,,
kṣudranāsika,,
kṣudramiśra,,
kṣudrarogika,,
kṣudrala,,
kṣudraśīla,,
kṣudrasamācāra,,
kṣudrākṣa,,
kṣudrācarita,,
kṣudrīya,,
kṣudhākara,,
kṣudhānvita,,
kṣudhāpīḍita,,
kṣudhārta,,
kṣudhārdita,,
kṣudhāviṣṭa,,
kṣudhita,,
kṣubdha,,
kṣubhita,,
kṣurakḷpta,,
kṣuradhāra,,
kṣurapra,,
kṣura,,
kṣulla,,
kṣetraṃjaya,,
kṣetrakara,,
kṣetragata,,
kṣetraja,,
kṣetrajāta,,
kṣetrajña,,
kṣetrastha,,
kṣetrājīva,,
kṣetrika,,
kṣetrin,ī,
kṣetriyanāśana,ī,
kṣetriya,,
kṣepaka,,
kṣepaṇika,,
kṣepaṇīya,,
kṣepiṣṭha,,
kṣeptavya,,
kṣepya,,
kṣemaṃkara,,
kṣemakara,,
kṣemakāma,,
kṣemakāraka,,
kṣemakāra,,
kṣemadarśīya,,
kṣemin,ī,
kṣeya,,
kṣaitrapata,ī,
kṣaitrapatya,,
kṣaiprayukta,,
kṣaipravarṇa,,
kṣaipra,,
kṣaiprībhāvya,,
kṣaimavṛddhīya,,
kṣaireya,ī,
kṣoṇa,,
kṣoṇīmaya,,
kṣottavya,,
kṣodakṣama,,
kṣodaraja,,
kṣodita,,
kṣodiṣṭha,,
kṣodya,,
kṣodhuka,,
kṣobhaka,,
kṣobhaṇa,,
kṣobhya,,
kṣaudrakamālavaka,,
kṣaudrakamālava,ī,
kṣaudrakya,,
kṣaudramehin,ī,
kṣaumamaya,,
kṣauma,ī,
kṣaumika,ī,
kṣaurapavya,,
kṣaura,,
kṣṇuta,,
kṣmāyita,,
kṣviṇṇa,,
kṣveḍa,,
khakkhaṭa,,
khagata,,
khagapattra,,
khagama,,
khaga,,
khaguṇa,,
khacara,,
khacārin,ī,
khacita,,
khajaṃkara,,
khañjaka,,
khañjacaraṇa,,
khañjara,,
khañja,,
khaṭṭa,,
khaṭṭeraka,,
khaṭya,,
khaṭvara,,
khaṭvāṅgaśūlin,ī,
khaṭvāṅgahasta,,
khaṭvāṅgin,ī,
khaṭvāpluta,,
khaṭvārūḍha,,
khaḍgaka,,
khaḍgamaya,,
khaḍgasakha,,
khaḍgahasta,,
khaḍgābhihata,,
khaḍgin,ī,
khaṇakhaṇāyita,,
khaṇatkhaṇīkṛta,,
khaṇḍaka,,
khaṇḍana,,
khaṇḍanīya,,
khaṇḍamaṇḍala,,
khaṇḍamaya,,
khaṇḍitavigraha,,
khaṇḍitavṛtta,,
khaṇḍita,,
khaṇḍitāśaṃsa,,
khaṇḍin,ī,
khaṇḍīya,,
khaṇḍya,,
khadiraja,,
khadiramaya,,
khananīya,,
khana,,
khanātaka,,
khapuṭa,,
kharaṭa,,
kharatara,,
kharadhāra,,
kharanādin,ī,
kharamajra,,
khariṃdhama,,
khariṃdhaya,,
kharja,,
kharjya,,
kharya,,
kharvavāsin,ī,
kharvaśākha,,
kharva,,
kharvita,,
kharvīkṛta,,
khalaja,,
khalamālin,ī,
khalājinīya,,
khalin,ī,
khalya,,
khalliṭa,,
khallita,,
khalvāṭa,,
khaśarīrin,ī,
khasamuttha,,
khasambhava,,
khastha,,
khahara,,
khāṭvābhārika,,
khāṭvika,,
khāḍāyanaka,,
khāḍāyanīya,,
khāḍga,,
khāṇḍaka,,
khāṇḍaparaśava,,
khāṇḍavaka,,
khāṇḍavīraṇaka,,
khāṇḍitya,,
khātana,,
khātamūla,,
khāta,,
khādanīya,,
khāda,,
khāditavya,,
khādita,,
khādin,ī,
khādiraka,,
khādira,ī,
khādireya,,
khādihasta,,
khāduka,,
khādoarṇa,,
khādyākhādya,,
khānaka,,
khānina,,
khānila,,
khānya,,
khāraśatika,,
khārasahasrika,,
khāriṃdhama,,
khāriṃdhaya,,
khāriṃpaca,,
khārika,,
khārīka,,
khārīvāpa,,
khārjūra,,
khālika,ī,
khikkhimin,ī,
khinnamānasa,,
khinna,,
khila,,
khilīkṛta,,
khilībhūta,,
khuḍavāta,,
khuḍḍaka,,
khuḍḍāka,ī,
khuraka,,
khuraṇasa,,
khurāsāna,ī,
khullaka,,
khulla,,
khecara,ī,
kheṭa,,
kheṭita,,
khedana,,
khedayitavya,,
khedānvita,,
khedita,,
khedin,ī,
kheya,,
khelagāmin,ī,
khela,,
kheśaya,,
khailāyana,,
khailika,,
khoṭa,,
khoḍa,,
khora,,
khola,,
khyātagarhaṇa,,
khyātagarhita,,
khyātavya,,
khyāta,,
khyātikara,,
khyātighna,,
khyātijanaka,,
khyāpaka,,
khyāpanīya,,
khyāpita,,
khyāpin,ī,
khyāpya,,
gaganacārin,ī,
gaganaparidhāna,,
gaganavihārin,ī,
gaganastha,,
gaganasthita,,
gaganecara,,
gaṅgama,,
gaṅgāvāsin,ī,
gaṅgībhūta,,
gajadaghna,,
gajadantamaya,ī,
gajadvayasa,,
gajapuṣpamaya,ī,
gajamātra,,
gajayodhin,ī,
gajavraja,,
gajārūḍha,,
gajin,ī,
gajībhūta,,
gajendravikrama,,
gañjana,,
gaḍukaṇṭha,,
gaḍura,,
gaḍula,ī,
gaṇaka,,
gaṇakāma,,
gaṇatitha,,
gaṇadīkṣin,ī,
gaṇanīya,,
gaṇapuraṇa,ī,
gaṇabhogya,,
gaṇikāpāda,,
gaṇitavya,,
gaṇita,,
gaṇitin,ī,
gaṇin,ī,
gaṇima,,
gaṇībhūta,,
gaṇeya,,
gaṇḍapāda,,
gaṇḍamālin,ī,
gaṇḍamūrkha,,
gaṇḍula,,
gaṇḍūṣa,,
gaṇḍolakapāda,,
gaṇḍolapāda,,
gaṇya,,
gatakalmaṣa,,
gataka,,
gatacetana,,
gatajīvita,,
gatajvara,,
gatatoyada,,
gatatrapa,,
gatanāsika,,
gatapāpa,,
gatapāra,,
gatapuṇya,,
gatapraja,,
gatapratyāgata,,
gataprāṇa,,
gataprāya,,
gatamanaska,,
gatamātra,,
gatarasa,,
gataroga,,
gatalakṣmīka,,
gatavayaska,,
gatavitta,,
gatavibhava,,
gatavaira,,
gatavyatha,,
gataśaiśava,,
gataśrīka,,
gatasaṃkalpa,,
gatasaṃdeha,,
gatasaṅga,,
gatasattva,,
gatasādhvasa,,
gatasāra,,
gatasauhṛda,,
gataspṛha,,
gatasvārtha,,
gata,,
gatākṣa,,
gatāgata,,
gatānugatika,,
gatānta,,
gatāyāta,,
gatārtha,,
gatālīka,,
gatihīna,,
gatotsāha,,
gatodaka,,
gatodvega,,
gatyūna,,
gatvara,ī,
gadādhara,,
gadāyudha,,
gadāhasta,,
gadita,,
gadin,ī,
gadgadaka,,
gadgadagala,,
gadgadabhāṣin,ī,
gadgadaruddha,,
gadgadavākya,,
gadgadaśabda,,
gadgadita,,
gadga,,
gadyapadyamaya,ī,
gadya,,
gadhita,,
gadhya,,
gantavya,,
gantukāma,,
gandhaka,ikā,
gandhakīya,,
gandhaga,,
gandhaguṇa,,
gandhagrāhaka,,
gandhagrāhin,ī,
gandhamaya,ī,
gandhayuktijña,,
gandharvagṛhīta,,
gandharvapratyupasthita,,
gandhalipta,,
gandhalubdha,,
gandhavaha,,
gandhasevaka,,
gandhāḍhya,,
gandhika,,
gandhin,ī,
gandhoddāma,,
gabhastipūta,,
gamaka,,
gamanārha,,
gamanīya,,
gamayitavya,,
gamika,,
gamita,,
gamin,ī,
gamiṣṭha,,
gambhiṣṭha,,
gambhīraka,ikā,
gambhīradhīra,,
gambhīravedin,ī,
gambhīravedha,,
gambhīraśaṃsa,,
gambhīra,,
gambhīrārtha,,
gamyamāna,,
gamya,,
gayasādhana,,
gayasphāna,,
gayasphāyana,,
garagīrṇa,,
garaghna,,
garada,,
garalin,ī,
gara,,
garita,,
gariṣṭha,,
garīyasa,,
garīyastara,,
garuḍadhvaja,,
garuḍamāṇikyamaya,,
gargamaya,,
gargarūpya,,
garjanīya,,
garjita,,
garjya,,
gartin,ī,
gartīya,,
gartya,,
gardabhanādin,ī,
gardabhāṇḍa,,
gardabhāṇḍīya,,
gardhita,,
gardhin,ī,
garbhakārin,ī,
garbhagṛha,,
garbhacyuta,,
garbhada,,
garbhadha,,
garbhadhārita,,
garbhadhṛta,,
garbhanidhāna,ī,
garbhastha,,
garbhasrāvin,ī,
garbhāda,,
garbhāṣṭama,,
garbhita,,
garbhin,ī,
garbhetṛpta,,
garbhya,,
garvara,,
garvita,,
garviṣṭha,,
garhaṇa,,
garhaṇīya,,
garhitavya,,
garhita,,
garhitānnāśana,,
garhin,ī,
garhyavādin,ī,
garhya,,
garhyāṇaka,,
galagaṇḍin,ī,
galana,,
galanīya,,
galavārtta,,
galahastita,,
galitadanta,,
galitanakhadanta,,
galitanakha,,
galitanayana,,
galita,,
galecopaka,,
galbha,,
gallapūraṇa,,
gava,ī,
gavākṣaka,,
gavākṣita,,
gavārha,,
gaviṣa,,
gaveṣaṇa,,
gaveṣaṇīya,,
gaveṣa,,
gaveṣita,,
gaveṣin,ī,
gavyaya,ī,
gavya,,
gahanīkṛta,,
gahīya,,
gahvarita,,
gahvarībhūta,,
gahvareṣṭha,,
ga,ī,
gāṃmanya,,
gāganāyasa,,
gāṅga,ī,
gāṅgāmahika,,
gāṅgeya,,
gāṅgya,,
gāḍhanidra,,
gāḍhaśokaprahāra,,
gāḍha,,
gāḍhāṅgada,,
gāḍhodvega,,
gāṇapata,,
gāṇapatya,,
gāṇika,,
gāṇeśa,,
gāṇḍīmaya,,
gāṇḍīra,,
gāṇḍīvamukta,,
gātavya,,
gātāgatika,ī,
gātānugatika,ī,
gātrakarśana,,
gātrayuta,,
gātraśayya,,
gātraśoṣaṇa,,
gātra,,
gāthin,ī,
gānīya,,
gāndharvacitta,,
gāndhāra,,
gābdika,,
gāmika,,
gāmin,ī,
gāmbhīrya,,
gāyaka,,
gāyatrakākubha,,
gāyatrabārhata,,
gāyatra,ī,
gāyatrya,,
gāya,,
gāruḍa,,
gārutmata,,
gārgaka,,
gārga,ī,
gārga,,
gārgābhārya,,
gārgībhūta,,
gārgīya,,
gārgeya,,
gārgya,,
gārgyāyaṇaka,,
gārtaka,,
gārtsamada,,
gārdabharathika,,
gārdabha,,
gārdhrapattra,,
gārdhrarājita,,
gārdhravājita,,
gārdhra,,
gārbha,,
gārbhika,,
gārmuta,,
gārṣṭeya,,
gārhapatya,,
gārhasthya,,
gārha,,
gārhya,,
gāla,,
gālita,,
gālin,ī,
gāloḍita,,
gāvaya,,
gāvāmayanika,,
gāvīdhuka,,
gāvedhuka,ī,
gāhanīya,,
gāha,,
gāhita,,
gāhya,,
gira,,
girika,,
girikāṇa,,
giricara,,
giricārin,ī,
giriṇaddha,,
girita,,
giritra,,
giripara,,
girimātra,,
girirūpa,,
giriśanta,,
giriśaya,,
girisāramaya,ī,
gilagila,,
gila,,
gilita,,
gītakṣama,,
gītajña,,
gīta,,
gītāgīta,,
gītāyana,,
gītin,ī,
gīrṇa,,
guṃkvaṇa,,
gugguluka,ī,
guñjita,,
guñjin,ī,
guṭikāmukha,,
guṭikīkṛta,,
guḍakṣīramaya,,
guḍamaya,ī,
guḍara,,
guḍodaka,,
guṇakarmavibhāga,,
guṇakāra,,
guṇagrāhaka,,
guṇagrāhin,ī,
guṇaghātin,ī,
guṇajña,,
guṇatantra,,
guṇatyāgin,ī,
guṇadhara,,
guṇadhṛta,,
guṇanīya,,
guṇapriya,,
guṇabaddha,,
guṇabhinna,,
guṇabhūta,,
guṇamaya,,
guṇayukta,,
guṇaratnamaya,,
guṇarddha,,
guṇalubdha,,
guṇavacana,,
guṇavattama,,
guṇavattara,,
guṇavatpayaska,,
guṇavartin,ī,
guṇavācaka,,
guṇavādin,ī,
guṇavipramukta,,
guṇavivecana,,
guṇavistara,,
guṇavedin,ī,
guṇaśataśālin,ī,
guṇasaṃyukta,,
guṇasampanna,,
guṇasāgara,,
guṇahārya,,
guṇahīna,,
guṇāḍhya,,
guṇātīta,,
guṇānvaya,,
guṇānvita,,
guṇābhilāṣin,ī,
guṇāyana,,
guṇālaṃkṛta,,
guṇāvaha,,
guṇitavya,,
guṇita,,
guṇin,ī,
guṇiliṅga,,
guṇībhūta,,
guṇojjvala,,
guṇotkṛṣṭa,,
guṇottara,,
guṇopapanna,,
guṇopeta,,
guṇṭhita,,
guṇḍita,,
guṇya,,
gudhita,,
gudhera,,
gupita,,
guptatama,,
guptadhana,,
gupta,,
guptāvadhūta,,
guphita,,
gumphaka,ikā,
gumphita,,
guruka,,
gurukṛta,,
gurugata,,
gurutama,,
gurutara,,
gurutalpaga,,
gurutalpagāmin,ī,
gurutalparata,,
gurutalpin,ī,
gurupāka,,
guruprasādanīya,,
guruprasūta,,
gurupriya,,
gurubhārika,,
gurumadhya,,
guruvartaka,,
guruvartin,ī,
guruvṛtta,,
guruvṛttipara,,
guruvyatha,,
guruśuśrūṣin,ī,
gurustrīgamanīya,,
gurusthira,,
gurvanta,,
gurvartha,,
gulphadaghna,,
gulphadvayasa,,
gulmakeśa,,
gulmin,ī,
gulmībhūta,,
guhadavadya,,
guhara,,
guhahata,,
guhācara,,
guhāmukha,,
guhāśaya,,
guhāhita,,
guhya,,
gūḍhacārin,ī,
gūḍhaja,,
gūḍhapāda,,
gūḍhamantra,,
gūḍhasira,,
gūḍha,,
gūḍhāśaya,,
gūḍhotpanna,,
gūna,,
gūrṇa,,
gūrta,,
gūhitavya,,
gṛtsa,,
gṛddha,,
gṛddhin,ī,
gṛdhnin,ī,
gṛdhya,,
gṛdhravāja,,
gṛdhravājita,,
gṛdhra,,
gṛdhrāṇa,,
gṛbhita,,
gṛbhīta,,
gṛhakṣetrin,ī,
gṛhaja,,
gṛhajāta,,
gṛhabhedin,ī,
gṛhamedha,,
gṛhamedhin,ī,
gṛhamedhīya,,
gṛhamedhya,,
gṛhavāsin,ī,
gṛhavrata,,
gṛhasaṃstha,,
gṛhastha,,
gṛhāgata,,
gṛhānubaddha,,
gṛhābhipālin,ī,
gṛhāvasthita,,
gṛhin,ī,
gṛhītacāpa,,
gṛhītadikka,,
gṛhītadeha,,
gṛhītanāmadheya,,
gṛhītapaścāttāpa,,
gṛhītapātheya,,
gṛhītapṛṣṭha,,
gṛhītamaunavrata,,
gṛhītamauna,,
gṛhītavasatīvarīka,,
gṛhītavidya,,
gṛhītavetana,,
gṛhītavya,,
gṛhītaśarakārmuka,,
gṛhītaśarāvāpa,,
gṛhītaśūla,,
gṛhītasāra,,
gṛhītahṛdaya,,
gṛhīta,,
gṛhītāmiṣa,,
gṛhītārtha,,
gṛhītāvaguṇṭhana,,
gṛhītāstra,,
gṛhītin,ī,
gṛhejñānin,ī,
gṛheruha,,
gṛhevāsin,ī,
gṛhṇāna,,
gṛhyaka,,
gṛhya,,
geyajña,,
geya,,
gehekṣveḍin,ī,
gehedāhin,ī,
gehedṛpta,,
gehedhṛṣṭa,,
gehenardin,ī,
gehemehin,ī,
gehevijitin,ī,
gehya,,
gaira,,
gairika,,
goajana,,
goargha,,
goṛjīka,,
goopaśa,,
gokaṇṭaka,,
gokarṇaśithila,,
gokarṇa,,
gokāma,,
gokulika,,
goghna,,
gocaragata,,
gocarāntaragata,,
gocarika,,
gocarīkṛta,,
gocarmamātra,,
gocārin,ī,
gojāta,,
gojīva,,
gotrakārin,ī,
gotraja,,
gotramaya,,
gotrika,,
gotrin,ī,
gotvagja,,
godattra,,
godanta,,
godama,,
goda,,
godānika,,
godāya,,
goduha,,
godhūmasaṃcayamaya,,
gonāmika,,
gonāsa,,
gopanīya,,
gopayatya,,
gopayitavya,,
gopaveṣa,,
gopājihva,,
gopāyaka,,
gopāyana,,
gopāya,,
gopāyitavya,,
gopāyita,,
gopita,,
gopila,,
gopiṣṭha,,
gopucchaka,,
gopurogava,,
goptavya,,
gopya,,
gopradānika,,
gobhaga,,
gobhilīya,,
gomagha,,
gomadhyamadhya,,
gomayamaya,ī,
gomaya,,
gomūḍha,,
gomūtraka,,
goyukta,,
goyuta,,
gorakṣaka,,
gorakṣa,,
gorabhasa,,
gorūpa,,
govardhanīya,,
govāla,ī,
govālin,ī,
goveṣa,,
govyaccha,,
govrata,,
govratin,ī,
gośatin,ī,
gośrīta,,
goṣatama,,
goṣadaka,,
goṣucara,,
goṣṭhagata,,
goṣṭhāna,,
goṣṭhika,,
goṣṭhekṣveḍin,ī,
goṣṭhepaṇḍita,,
goṣṭhepragalbha,,
goṣṭhevijitin,ī,
goṣṭheśaya,,
goṣṭhya,,
goṣpadamātra,,
goṣpada,,
gosaṃdāya,,
gosambhava,,
gosahasra,,
gostanākāra,,
gohana,,
gohya,,
gauggulava,,
gauḍadeśīya,,
gauḍa,ī,
gauḍika,,
gauḍīya,,
gauṇa,ī,
gauṇika,ī,
gautamasa,,
gautama,ī,
gautamārdhika,,
gautamīya,,
gaudānika,,
gaudhūma,ī,
gaunarda,,
gaupuccha,ī,
gaupucchika,,
gauphileya,,
gaubhṛta,,
gaumata,,
gaumatāyanaka,,
gaumatāyana,,
gaumathika,,
gaumaya,,
gauragrīvīya,,
gauralalāma,,
gauravajāta,,
gaurava,,
gauravita,,
gauraverita,,
gaurasaktha,ī,
gaura,ī,
gaurāṅga,ī,
gaurivīta,,
gauriṣaktha,,
gaurīkṛta,,
gaurīvita,,
gaulunda,ī,
gaulomana,,
gaulgulava,,
gaulmika,,
gaulya,,
gauśakaṭika,ī,
gauśatika,ī,
gauṣṭha,ī,
gauṣṭhika,,
gauṣṭhīna,,
gausahasrika,ī,
gauhyaka,,
gauhya,ī,
gdha,,
grathanīya,,
grathitavya,,
grathita,,
grathin,ī,
grathila,,
grathya,,
granthita,,
granthin,ī,
granthiparṇamaya,,
granthila,,
granthivīsarpin,ī,
grasiṣṭha,,
grasta,,
grasya,,
grahagrasta,,
grahaṇagata,,
grahaṇa,,
grahaṇānta,,
grahaṇāntika,,
grahaṇīya,,
grahaṇīrogin,ī,
grahamaya,,
graha,,
grahādhīna,,
grahītavya,,
grahya,,
grāmakāma,,
grāmagata,,
grāmagamin,ī,
grāmaga,,
grāmagāmin,ī,
grāmagṛhya,,
grāmaghātin,ī,
grāmaghoṣin,ī,
grāmajāta,,
grāmaṇa,ī,
grāmaṇibhogīna,,
grāmanivāsin,ī,
grāmapiṣṭa,,
grāmayājaka,,
grāmayājin,ī,
grāmavāsin,ī,
grāmastha,,
grāmin,ī,
grāmīṇa,,
grāmegeya,,
grāmevāsin,ī,
grāmyadharmin,ī,
grāmya,,
grāvastotrīya,,
grāvahasta,,
grāsa,,
grāsīkṛta,,
grāhaka,ikā,
grāhayitavya,,
grāha,ī,
grāhika,,
grāhita,,
grāhin,ī,
grāhuka,,
grāhyarūpa,,
grāhya,,
grīvadaghna,,
grīvabaddha,,
graiva,,
graivya,,
graiṣmaka,,
graiṣma,ī,
graiṣmika,,
glapana,,
glapita,,
glasta,,
gla,,
glāna,,
glānīya,,
glāpita,,
glāyaka,,
glāvin,ī,
gleya,,
glaucukāyanaka,,
ghaṭaka,,
ghaṭayitavya,,
ghaṭa,,
ghaṭāla,,
ghaṭiṃdhaya,,
ghaṭika,,
ghaṭita,,
ghaṭila,,
ghaṭṭita,,
ghaṇṭātāḍa,,
ghaṇṭin,ī,
ghanakṣama,,
ghanacchada,,
ghanadundubhisvana,,
ghanarucirakalāpa,,
ghanasāra,,
ghanāghana,,
ghanāruṇa,,
ghanāruddha,,
ghanāvaruddha,,
ghanāsaha,,
ghanīkṛta,,
ghanībhūta,,
ghanetara,,
ghanoparuddha,,
gharghara,,
gharmatapta,,
gharmasveda,,
gharmārta,,
gharmita,,
gharmin,ī,
gharṣaka,,
gharṣaṇīya,,
gharṣita,,
gharṣin,ī,
ghasra,,
ghasvara,,
gha,,
ghāṭaka,,
ghāṭa,,
ghāṭāla,,
ghātakara,ī,
ghātaka,ī,
ghātana,,
ghāta,,
ghātin,ī,
ghātuka,,
ghātya,,
ghāsakundika,,
ghāseajra,,
ghuṇakṣata,,
ghuṇajarjara,,
ghuṣa,,
ghuṣita,,
ghuṣṭa,,
ghuṣya,,
ghūrṇāyamāna,,
ghṛṅkarikra,,
ghṛṇita,,
ghṛṇin,ī,
ghṛtakeśa,,
ghṛtapakva,,
ghṛtapa,,
ghṛtapīta,,
ghṛtapṛkta,,
ghṛtaprasatta,,
ghṛtapluta,,
ghṛtabhājana,,
ghṛtabhṛṣṭa,,
ghṛtamadhumaya,,
ghṛtamaya,ī,
ghṛtalolīkṛta,,
ghṛtavṛddha,,
ghṛtavrata,,
ghṛtastomīya,,
ghṛtastomya,,
ghṛta,,
ghṛtākta,,
ghṛtānna,,
ghṛtānvakta,,
ghṛtāhavana,,
ghṛtāhuta,,
ghṛtin,ī,
ghṛtya,,
ghṛṣṭa,,
ghoraghoratara,,
ghoratara,,
ghoradarśana,,
ghorarūpa,,
ghorarūpin,ī,
ghorasaṃkāśa,,
ghorasaṃsparśa,,
ghorasvara,,
ghorākāra,,
ghorātighora,,
ghorāśaya,,
ghoṣaṇa,,
ghoṣaṇīya,,
ghoṣabuddha,,
ghoṣin,ī,
ghauṣaka,,
ghauṣasthalaka,,
ghrāṇaja,,
ghrāṇatarpaṇa,,
ghrāṇa,,
ghrāta,,
cakāsita,,
cakitacakita,,
cakitahṛdaya,,
cakita,,
cakkala,,
cakraka,,
cakracārin,ī,
cakradundubhya,,
cakradhara,,
cakrabhrama,,
cakramāsaja,,
cakramusala,,
cakramaulin,ī,
cakrala,,
cakravartin,ī,
cakravākamaya,,
cakravākin,ī,
cakravākopakūjita,,
cakravṛtta,,
cakrasaktha,,
cakrāṅkitapāda,,
cakrin,ī,
cakriya,,
cakruvṛtta,,
cakṣuḥśrotra,,
cakṣupīḍana,,
cakṣurapeta,,
cakṣurgocara,,
cakṣurnimita,,
cakṣurmantra,,
cakṣurmaya,,
cakṣurmukha,,
cakṣurloka,,
cakṣurvanya,,
cakṣuṣa,,
cakṣuṣkāma,,
cakṣuṣya,,
cakṣorākṣa,ī,
caṅkramaṇa,,
caṅkramamāṇa,,
caṅkramita,,
caṅga,,
cacara,,
cañcatka,,
cañcalatara,,
cañcalahṛdaya,,
cañcalita,,
cañcūryamāṇa,,
caṭacaṭāyita,,
caṭita,,
caṭukāra,,
caṭula,,
caṭulālasa,,
caṭulita,,
caṭullola,,
caṇa,,
caṇḍavikrama,,
caṇḍavega,,
caṇḍaśīla,,
caṇḍika,,
caṇḍīkṛta,,
catita,,
catin,ī,
catuḥśatatama,,
catuḥśapha,,
catuḥśarāva,,
catuḥśāla,,
catuḥśṛṅga,,
catuḥṣaṣṭa,,
catuḥṣaṣṭitama,,
catuḥṣaṣṭyaṅga,,
catuḥsaṃkara,,
catuḥsaṃstha,,
catuḥsana,,
catuḥsaptata,,
catuḥsaptatitama,,
catuḥsama,,
catuḥsamudra,ī,
catuḥsādhana,,
catuḥsāhasraka,ikā,
catuḥsīta,,
catuḥsuvarṇaka,,
catuḥsauvarṇaka,,
caturaka,ikā,
caturakṣara,,
caturakṣa,ī,
caturaga,,
caturaṅga,,
caturaṅgin,ī,
caturaṅgulaparyavanaddha,,
caturanīka,,
caturavattin,ī,
caturavarārdhya,,
caturaśīta,,
caturaśītitama,,
caturaśītisāhasra,,
caturaṣṭaka,,
caturasrayāna,,
caturasraśobhin,ī,
catura,,
caturāśramin,ī,
caturindriya,,
caturuttara,,
caturṛca,,
caturṛddhipādacaraṇatalasupratiṣṭhita,,
caturoghottīrṇa,,
caturgandha,,
caturgṛhītin,ī,
caturṇavata,,
caturthaka,,
caturthakāla,,
caturthakālika,,
caturthamandrātisvārya,,
caturtha,ī,
caturthāṃśa,,
caturthāṃśin,ī,
caturthodāttatama,,
caturdaṃṣṭra,,
caturdanta,,
caturdaśaka,,
caturdaśaguṇa,,
caturdaśama,,
caturdaśavidha,,
caturdaśasamadvandva,,
caturdaśa,ī,
caturdaśākṣara,,
caturdaiva,,
caturdvāramukha,ī,
caturdhāvihita,,
caturnavata,,
caturnavatitama,,
caturnidhana,,
caturbila,,
caturbhadratara,,
caturbhadra,,
caturbhūmika,,
caturmukha,,
caturyukta,,
caturlekha,,
caturvaya,,
caturvarṇamaya,,
caturviṃśaka,,
caturviṃśatika,,
caturviṃśatitama,,
caturviṃśatima,,
caturviṃśatisāhasra,ī,
caturviṃśatyakṣara,,
caturviṃśastoma,,
caturviṃśa,ī,
caturviṃśika,,
caturvidya,,
caturvidha,,
caturvidhāhāramaya,,
caturvibhakta,,
caturvīra,,
caturvṛṣa,,
caturveda,,
caturvedin,ī,
caturvaiśāradyaviśārada,,
caturvyaṅga,,
caturvyāpin,ī,
caturvyūha,,
caturhasta,,
caturhāyaṇa,ī,
caturhita,,
caturhrasva,,
catula,,
catuścatvāriṃśa,ī,
catuścatvāriṃśin,ī,
catuścaraṇa,,
catuścitya,,
catuṣkarṇa,,
catuṣkala,,
catuṣka,,
catuṣkārin,ī,
catuṣkin,ī,
catuṣkṛṣṇa,,
catuṣkoṇa,,
catuṣcatvāriṃśadakṣara,,
catuṣṭaya,ī,
catuṣṭoma,,
catuṣpañca,,
catuṣpañcāśattama,,
catuṣpañcāśadadhikaśata,,
catuṣpañcāśa,,
catuṣparyāya,,
catuṣpādaka,ikā,
catuṣpāda,ī,
catuṣpuṭa,,
catuṣputra,,
catuṣprasthānika,,
catustotra,,
catustriṃśa,ī,
catustridvyekabhāga,,
catusthāna,,
catta,,
catya,,
catvāriṃśanmāna,,
catvāriṃśa,ī,
canasita,,
canasitottara,,
caniṣṭha,,
canohita,,
candaka,,
candanagaura,,
candanamaya,,
candanin,ī,
candrakāntamaṇimaya,,
candrakāntamaya,,
candrakāntaratnamaya,,
candrakānta,,
candrakita,,
candradakṣiṇa,,
candranibha,,
candraprabhāva,,
candrapramāṇa,,
candrabimbamaya,,
candrabudhna,,
candramaya,ī,
candraratha,,
candralalāṭa,,
candravarṇa,,
candrasūryākṣa,,
candrābhavaktra,,
candrārdhakṛtaśekhara,,
candrin,ī,
capalaka,,
capalākṣa,ī,
capalātmaka,,
camatkārita,,
camatkārin,ī,
camatkṛta,,
camasin,ī,
campopalakṣita,,
camrīṣa,,
cayaka,,
cayanānta,,
cayanīya,,
caya,,
caraṇagata,,
caraṇapatita,,
caraṇalagna,,
caraṇasa,,
caraṇānamita,,
caraṇāyudha,,
caraṇila,,
caraṇopaga,,
caraṇya,,
caratha,,
caramabhavika,,
caramaśairṣika,ī,
caravya,,
cara,ī,
cara,,
carācara,,
caritapūrva,,
caritamaya,ī,
caritavya,,
caritavrata,,
carita,,
caritārthita,,
caritārthin,ī,
caritrapuṣpa,,
caritrāvaśeṣa,,
cariṣṇudhūma,,
carucelin,ī,
carkṛtya,,
carcara,,
carcarīka,,
carcita,,
cartavya,,
cartya,,
carpaṭa,,
carmakāṣṭhamaya,,
carmaja,,
carmatila,,
carmamaya,ī,
carmamaya,,
carma,,
carmācchādita,,
carmāmbara,,
carmāvanaddha,,
carmāvṛta,,
carmika,,
carmin,ī,
carya,,
carvaṇīya,,
carvita,,
carvya,,
calatsaṭa,,
calaniketa,,
calanīya,,
calācala,,
calitasthāna,,
calita,,
calendriya,,
caṣṭa,,
ca,,
cākragartaka,,
cākravāka,,
cākra,,
cākrika,,
cākṣuṣa,ī,
cākṣma,,
cāṭukāra,,
cāṭulola,,
cāṇakīna,,
cāṇakya,,
cāṇārarūpya,,
cāṇḍālaveśa,,
cātana,,
cātuḥṣaṣṭika,,
cātuḥsāgarika,ī,
cāturaka,,
cāturarthika,,
cātura,,
cāturāśramika,,
cāturthaka,,
cāturtha,,
cāturthāhnika,,
cāturthika,,
cāturdaśa,,
cāturdaśika,,
cāturdaiva,,
cāturdhākāraṇika,,
cāturbhautika,,
cāturmāsaka,,
cāturmāsa,,
cāturmāsika,,
cāturmāsin,ī,
cāturmāsyayājin,ī,
cāturmāsya,,
cāturviṃśika,,
cāturvidya,,
cāturvaidya,,
cāturhotṛka,ī,
cāturhotra,,
cāturhotriya,,
cātuścaraṇika,,
cātuṣkoṭika,,
cātuṣṭaya,,
cātuṣpatha,,
cātuṣprāśya,,
cātuṣprāharika,,
cātvāriṃśatka,,
cāndanagandhika,,
cāndana,ī,
cāndraka,,
cāndragupta,,
cāndramasa,ī,
cāndrama,,
cāndravratika,,
cāndra,ī,
cāndrāyaṇabhakta,,
cāndrāyaṇika,,
cāpadhara,,
cāpin,ī,
cāmara,,
cāmīkaraprakhya,,
cāmīkaramaya,ī,
cāmīkarīya,,
cāyaka,,
cāyanīya,,
cāraka,,
cārakīṇa,,
cāracaṇa,,
cāraṇa,,
cāraṇaikamaya,ī,
cāratha,,
cāramika,,
cārāyaṇaka,,
cārāyaṇīya,,
cārita,,
cāritrakavaca,,
cāritrin,ī,
cārin,ī,
cārukarṇa,,
cārughoṇa,,
cārutama,,
cārupattramaya,,
cārupratīka,,
cārumukha,,
cārurava,,
cārurūpa,,
cāruvaktra,,
cāruvaha,,
cāruvādin,ī,
cārusaṃkāśin,ī,
cārusarvāṅgadarśana,,
cārusarvāṅga,ī,
cāruhāsin,ī,
cārekṣaṇa,,
cārcika,,
cārmaṇa,,
cārma,,
cārmika,,
cārmīya,,
cārvadana,,
cārvāka,,
cārvāghāṭa,,
cārvāghāta,,
cārvāṭa,,
cālanīya,,
cālya,,
cāṣamaya,,
cāṣa,,
cikitāna,,
cikitsaka,,
cikitsanīya,,
cikitsita,,
cikitsya,,
cikina,,
cikīrṣaka,,
cikīrṣuka,,
cikīrṣya,,
cikura,,
cikurita,,
cikka,,
cikkiṇa,,
ciṅgaṭa,ī,
cita,,
citaidha,,
cittakalita,,
cittacārin,ī,
cittajña,,
cittadravībhāvamaya,,
cittapramāthin,ī,
cittapraśama,,
cittabhava,,
cittabhrama,,
cittarakṣin,ī,
cittavatkartṛka,,
cittavikārin,ī,
cittavināśana,,
cittasaṃkhya,,
cittastha,,
cittasthita,,
cittahārin,ī,
citta,,
cittākarṣin,ī,
cittānuvartin,ī,
cittāpahāraka,,
cittāpahārin,ī,
cittārpita,,
cittin,ī,
cittīkṛta,,
citya,,
citrakatha,,
citrakathālāpasukha,,
citrakṣatra,,
citragata,,
citrajña,,
citratala,,
citradṛśīka,,
citranyasta,,
citrapaṭṭagata,,
citrapada,,
citraputrikāyita,,
citrapṛṣṭha,,
citrapriyakatha,,
citrabarhin,ī,
citrabhūta,,
citrayāma,,
citrayodhin,ī,
citraratha,,
citrala,,
citralikhita,,
citravarṣin,ī,
citravāja,,
citravicitra,,
citraśravastama,,
citrasaṃstha,,
citrasena,,
citrastha,,
citrāṅgada,,
citrāṅga,,
citrārambha,,
citrārpita,,
citrārpitārambha,,
citrāsaṅga,,
citrita,,
citrin,ī,
citriya,,
citrīkṛta,,
citrya,,
cidacicchaktiyukta,,
cidacinmaya,,
cidātmaka,,
cidānandamaya,,
cidullāsa,,
cidrūpa,,
cintaka,,
cintanīya,,
cintayāna,,
cintayitavya,,
cintākārin,ī,
cintākula,,
cintāpara,,
cintāparīta,,
cintāmaya,,
cintāvaśa,,
cintāvidheya,,
cintāvivikta,,
cintita,,
cintitopanata,,
cintitopasthita,,
cintin,ī,
cintya,,
cinmaya,,
cinmātra,,
cipaṭa,,
cipiṭagrīva,,
cipiṭaghrāṇa,,
cipiṭanāsa,,
cipiṭaviṣāṇa,,
cipiṭāsya,,
cipiṭīkṛta,,
cirakāra,,
cirakārika,,
cirakārin,ī,
cirakālapālita,,
cirakāla,,
cirakālika,,
cirakālīna,,
cirakālopārjita,,
cirakṛta,,
cirakriya,,
ciragata,,
ciraceṣṭita,,
ciraja,,
cirajātatara,,
cirajāta,,
cirajīvin,ī,
ciratama,,
ciratara,,
ciratna,,
ciranirgata,,
ciraniviṣṭa,,
cirantana,,
ciraparicita,,
cirapraṇaṣṭa,,
cirapravāsin,ī,
cirapravṛtta,,
cirabhāvin,ī,
cirayāta,,
cirarātrepsita,,
cirarātroṣita,,
ciralabdha,,
ciralokaloka,,
ciraviproṣita,,
ciravṛtta,,
cirasaṃcita,,
cirasaṃvṛddha,,
cirasaṃsthita,,
cirasambhṛta,,
cirastha,,
cirasthāyin,ī,
cirasthita,,
cirasthitika,,
cira,,
cirābhilaṣita,,
cirāyita,,
cirāyuṣa,,
cirāyuṣya,,
cirāśrita,,
cirojjhita,,
cirottha,,
cirotsuka,,
ciroṣita,,
cilla,,
cihnakārin,ī,
cihnadhara,,
cihnabhūta,,
cihnayitavya,,
cihnita,,
cihnīkṛta,,
cīnapiṣṭamaya,,
cīravasana,,
cīrāmbara,,
cīrita,,
cīrin,ī,
cīrṇavrata,,
cīrṇa,,
cubukadaghna,,
cumbaka,,
cumbita,,
cumbin,ī,
culya,,
culla,,
cullākṣa,,
cūcuka,,
cūḍa,,
cūḍāra,,
cūḍālaveśa,,
cūḍāla,,
cūḍāvalambin,ī,
cūḍika,,
cūḍitika,,
cūḍin,ī,
cūḍīya,,
cūrṇa,,
cūrṇita,,
cūrṇin,ī,
cūrṇīkṛta,,
cūlaka,,
cūlin,ī,
cūṣaṇīya,,
cūṣita,,
cūṣya,,
cekitāna,,
cekriya,,
cetaka,,
cetana,ī,
cetaya,,
cetayāna,,
cetayitavya,,
cetavya,,
cetiṣṭha,,
cetomukha,,
cetovikārin,ī,
cetya,,
ceya,,
celakaṇṭhin,ī,
ceṣṭaka,,
ceṣṭāpṛthaktvanivartin,ī,
ceṣṭārha,,
ceṣṭita,,
caikita,,
caikitsita,,
caikīrṣata,,
caikīrṣita,,
caiṭayatavidha,,
caitanyayukta,,
caitasika,,
caitta,,
caittika,,
caitya,,
caitrabhānava,,
caitraratha,,
caitra,,
caitreya,,
caila,,
caileya,,
codaka,,
codana,,
codapravṛddha,,
codayitavya,,
coda,,
codita,,
codiṣṭha,,
codya,,
copana,,
corāyita,,
corita,,
coṣkūyamaṇa,,
coṣya,,
caukṣa,,
caukṣya,,
cauḍa,,
cauḍārya,,
cauṇṭya,,
cauṇḍa,,
cauṇḍya,,
cautapallava,ī,
caupayatavidha,,
cauragata,,
caurarūpin,ī,
caurahṛta,,
caura,,
caurādika,,
caurāpahṛta,,
caurībhūta,,
cauryārjita,,
caula,,
cyavanadharma,,
cyavanadharmin,ī,
cyavana,,
cyava,,
cyavāna,,
cyāvana,,
cyāvita,,
cyutasaṃskāra,,
cyuta,,
cyutācāra,,
cyutādhikāra,,
cyutotsāha,,
cyautna,,
chattradhārin,ī,
chattrin,ī,
chada,,
chadiḥsammita,,
chadin,ī,
chadmaghātin,ī,
chadmarūpin,ī,
chadmaveṣin,ī,
chadmasthita,,
chadmin,ī,
chandaḥpratiṣṭhāna,,
chandaka,,
chandacārin,ī,
chandaja,,
chandana,,
chandaskṛta,,
chandasya,,
chanda,,
chandānugāmin,ī,
chandānuvartin,ī,
chandita,,
chandonāma,,
chandobaddha,,
chandomaya,,
chandya,,
channa,,
chambaṭkara,ī,
chardana,,
chardanīya,,
chardayitavya,,
chardita,,
chalaka,,
chalakāraka,,
chalakārin,ī,
chalanāpara,,
chalita,,
cha,,
chāgamaya,,
chāgaromamaya,,
chāgala,,
chāgaleya,,
chāga,,
chāta,,
chāttragomin,ī,
chāttrapriya,,
chādaka,,
chādita,,
chādin,ī,
chādiṣeya,,
chādmika,,
chādya,,
chāndasa,ī,
chāndoga,,
chāndobhāṣa,,
chāndoma,,
chāndomāna,,
chāndomika,,
chāndovicita,,
chāyaka,,
chāyāgrāha,ī,
chāyādvitīya,,
chāyābhinna,,
chāyāmaya,,
chikkākāraka,,
chikkika,,
chita,,
chittvara,,
chida,,
chiduretara,,
chidrakarṇa,,
chidradarśana,,
chidradarśin,ī,
chidrānusaṃdhānin,ī,
chidrānusārin,ī,
chidrānvita,,
chidrita,,
chidrin,ī,
chidrodarin,ī,
chidvara,,
chinnakatara,,
chinnakarṇa,ī,
chinnakarṇa,,
chinnaka,,
chinnakeśa,,
chinnataraka,,
chinnadvaidha,,
chinnanāsya,,
chinnapakṣa,,
chinnabandhana,,
chinnabhakta,,
chinnabhinna,,
chinnabhūyiṣṭhadhūma,,
chinnamūla,,
chinnaśāsa,,
chinnasaṃśaya,,
chinnasthūṇa,,
chinnahasta,,
chinna,,
chinnāntra,,
churita,,
chekala,,
chekāla,,
chekila,,
chettavya,,
chedakara,,
chedaka,,
chedana,,
chedanīya,,
cheda,,
cheditavya,,
chedita,,
chedin,ī,
chedya,,
chaidika,,
choṭita,,
chorita,,
jakṣita,,
jagatparāyaṇa,,
jagatprakāśa,,
jagatprasiddha,,
jagadantakāntaka,,
jagadātmaka,,
jagadānanda,,
jagadekapāvana,,
jagadghātin,ī,
jagadvandya,,
jaganmaya,,
jaganmukha,,
jagala,,
jagdhatṛṇa,,
jagdhasāraṃga,,
jagdha,,
jagdhārdha,,
jagmāna,,
jaghanin,ī,
jaghanyakārin,ī,
jaghanyaja,,
jaghanyatara,,
jaghanyaprabhava,,
jaghanyaśāyin,ī,
jaghanyasaṃveśin,ī,
jaṅgametara,,
jaṅgala,,
jaṅghākara,,
jaṅghākarika,,
jaṅghākārika,,
jaṅghājaghanya,,
jaṅghāmātra,ī,
jaṅghila,,
jajja,,
jajñana,,
jañjapūka,,
jaṭa,,
jaṭākara,,
jaṭājinin,ī,
jaṭādhara,,
jaṭādhārin,ī,
jaṭālaka,,
jaṭāla,,
jaṭāvalkalin,ī,
jaṭin,ī,
jaṭharastha,,
jaṭharasthāyin,ī,
jaṭharasthita,,
jaṭharin,ī,
jaṭharīkṛta,,
jaḍakriya,,
jaḍātmaka,,
jaḍāśaya,,
jaḍita,,
jaḍīkṛta,,
jaḍībhūta,,
jatumaya,,
janaṃsaha,,
janaka,,
janakīya,,
janana,ī,
jananīya,,
janapadāyuta,,
janapadoddhvaṃsanīya,,
janapāna,,
janabhakṣa,,
janamāna,,
janayanta,,
janayitavya,,
janayopana,,
janarañjana,,
janasambādha,,
janastha,,
janasthānaruha,,
jana,ī,
janākīrṇa,,
janātiga,,
janāyana,,
janika,,
janikāma,,
janitavya,,
janitasvana,,
janita,,
janitodyama,,
janitva,,
janiṣṭha,,
janiṣya,,
janīna,,
janīya,,
januṣāndha,,
jantughna,,
jantujātamaya,,
jantva,,
janmakara,,
janmakṛta,,
janmajyeṣṭha,,
janmada,,
janmaprada,,
janmabhūmibhūta,,
janmarogin,ī,
janmāntaragata,,
janmāntarita,,
janmāntarīṇa,,
janmāntarīya,,
janmāndha,,
janya,,
janyīya,,
japanīya,,
japaparāyaṇa,,
japa,,
japita,,
japin,ī,
japtavya,,
japta,,
japya,,
jabdha,,
jamaja,,
jamadagnidatta,,
jambhaka,,
jambhana,ī,
jambhasuta,,
jayaka,,
jayakāṅkṣin,ī,
jayakārin,ī,
jayagata,,
jayada,,
jayana,ī,
jayanta,ī,
jayavaha,,
jayasīla,,
jaya,,
jayāyya,,
jayāvaha,,
jayin,ī,
jayottara,,
jayoddhura,,
jayya,,
jaraṭha,,
jaraṭhita,,
jaraṇa,,
jaraṇḍa,,
jara,,
jarātura,,
jarānvita,,
jarāpariṇata,,
jarābodha,,
jarābhibhūta,,
jarāyuja,,
jarāyudha,,
jarita,,
jarin,ī,
jarjara,,
jarjarita,,
jarjarīka,,
jarjarīkṛta,,
jarjarībhūta,,
jarṇa,,
jalakara,,
jalagarbha,,
jalacārin,ī,
jalaja,,
jalajīvin,ī,
jalatrāsin,ī,
jaladābha,,
jaladhiraśana,,
jaladhisambhava,,
jalapūrṇa,,
jalapṛkta,,
jalapradānika,,
jalaprāya,,
jalabhauta,,
jalamagna,,
jalamaya,ī,
jalaruhekṣaṇa,,
jalavāsa,,
jalavāsin,ī,
jalavāha,,
jalaśāyin,ī,
jalasikta,,
jalastha,,
jalahīna,,
jala,,
jalāḍhya,,
jalāntaka,,
jalārthin,ī,
jalārdra,,
jalāvila,,
jalāśaya,,
jalāṣabheṣaja,,
jalāṣa,,
jalāsāha,,
jalecara,ī,
jaleśaya,,
jalodbhava,,
jalodbhūta,,
jalaukāvacāraṇīya,,
jalpaka,,
jalpana,,
jalpāka,,
jalpita,,
jalpin,ī,
javana,ī,
javayukta,,
java,,
javina,,
javin,ī,
javiṣṭha,,
jahaka,,
jaha,,
jahāka,,
jahijoḍa,,
jahita,,
jahistambha,,
ja,,
jāṃdhita,,
jāgata,,
jāgaraṇa,,
jāgara,,
jāgaritasthāna,,
jāgarita,,
jāgarin,ī,
jāgratsvapna,,
jāgranmiśra,,
jāṅgalapathika,,
jāṅgala,,
jāṅghāprahatika,,
jāṅghāprahṛtika,,
jāṅghika,,
jāṭya,,
jāṭhara,ī,
jātakalāpa,,
jātaka,,
jātakāma,,
jātakopa,,
jātakautuka,,
jātakautūhala,,
jātakrodha,,
jātakṣobha,,
jātatarṣa,,
jātadanta,,
jātadoṣa,,
jātanaṣṭa,,
jātapakṣa,,
jātapāśa,,
jātaputra,,
jātapūrva,,
jātapratyaya,,
jātaprāya,,
jātabala,,
jātabrāhmaṇaśabda,,
jātabhāva,,
jātamanmatha,,
jātamṛta,,
jātarasa,,
jātarāga,,
jātarūpapariṣkṛta,,
jātarūpaprabha,,
jātarūpamaya,ī,
jātarūpa,,
jātaroma,,
jātaroṣa,,
jātavinaṣṭa,,
jātavibhrama,,
jātaviśvāsa,,
jātavedasa,,
jātavedasya,,
jātaveda,,
jātaśṛṅga,,
jātaśrama,,
jātasaṃkalpa,,
jātasaṃvṛddha,,
jātasasneha,,
jātasādhvasa,,
jātasneha,,
jātaspṛha,,
jātaharṣa,,
jātahārda,,
jāta,,
jātānukampa,,
jātāparādha,,
jātābhiṣaṅga,,
jātāmarṣa,,
jātāstha,,
jātijānapada,,
jātibhraṃśakara,,
jātibhraṣṭa,,
jātimātrajīvin,ī,
jātimātropajīvin,ī,
jātivācaka,,
jātisampanna,,
jātihīna,,
jātīya,,
jātuṣa,ī,
jātūkarṇa,ī,
jātūṣṭhira,,
jātodaka,,
jātyantarīyaka,,
jātyandhabadhira,,
jātyandha,,
jātyapahārin,ī,
jātyaratnamaya,,
jātya,,
jānapada,,
jānapadika,,
jānavādika,,
jānāna,,
jānuka,,
jānudaghna,ī,
jānuprahṛtika,,
jānumātra,,
jānvakna,,
jānvākna,,
jāpaka,,
jāpin,ī,
jāpya,,
jāmadagna,ī,
jāmadagnya,,
jāmarya,,
jāmuna,,
jāmbava,,
jāmbuka,,
jāmbudvīpaka,,
jāmbūnadaprabha,,
jāmbūnadamaya,ī,
jāmbūnada,ī,
jāmbūnada,,
jāyadratha,,
jāyamāna,,
jāyāghna,,
jāyājīva,,
jāyin,ī,
jāyuka,,
jāraka,,
jārajātaka,,
jāradgava,ī,
jāradvṛkṣa,,
jārayanmakha,,
jāra,,
jāruja,,
jārūthya,,
jālaṃdharāyaṇaka,,
jālakamālin,ī,
jālakita,,
jālakīṭa,,
jālapada,,
jālapādabhuja,,
jālabaddha,,
jāla,,
jālāṅgulika,,
jālāvanaddha,,
jālika,ī,
jālin,ī,
jālūka,,
jālmaka,,
jālma,ī,
jālya,,
jāhnavīya,,
jigīṣita,,
jighāṃsaka,,
jighāṃsin,ī,
jighra,,
jijñāsaka,,
jijñāsanīya,,
jijñāsitavya,,
jijñāsita,,
jijñāsya,,
jijyūṣita,,
jitakāśin,ī,
jitakopa,,
jitakrodha,,
jitaklama,,
jitatara,,
jitaloka,,
jitaśiśnodara,,
jitaśrama,,
jitaśvāsa,,
jitasaṅga,,
jitasvarga,,
jitahasta,,
jita,,
jitākṣara,,
jitākṣa,,
jitāmitra,,
jitāsana,,
jitāhava,,
jitāhāra,,
jitendriya,,
jittama,,
jitya,,
jinakalpika,,
jina,,
jinva,,
jihāna,,
jihmakārin,ī,
jihmaga,,
jihmaprekṣin,ī,
jihmabāra,,
jihmamīna,,
jihmayodhin,ī,
jihmākṣa,,
jihmita,,
jihmīkaraṇa,,
jihmīkara,,
jihmīkṛta,,
jihmetara,,
jihvaka,ikā,
jihvala,,
jihva,,
jihvāmūlīya,,
jīta,,
jīna,,
jīmūtavarṣin,ī,
jīrādhvara,,
jīrāśva,,
jīrṇaka,,
jīrṇajvarin,ī,
jīrṇavastra,,
jīrṇa,,
jīrṇoddhṛta,,
jīvaka,,
jīvaghātin,ī,
jīvaghātya,,
jīvaja,,
jīvataṇḍula,,
jīvatpitṛka,,
jīvatha,,
jīvadāyaka,,
jīvana,ī,
jīvanīya,,
jīvanta,,
jīvanmukta,,
jīvanmṛta,,
jīvanmriyamāṇa,,
jīvanvimukta,,
jīvapitṛka,,
jīvapītasarga,,
jīvabhūta,,
jīvabhojana,,
jīvamaya,,
jīvarahita,,
jīvalaukika,,
jīvaśaṃsa,,
jīvaśeṣa,,
jīvasākṣin,ī,
jīvāpita,,
jīvāśaṅkin,ī,
jīvikāpanna,,
jīvikāprāpta,,
jīvitada,,
jīvitapradāyin,ī,
jīvitapriya,,
jīvitabhūta,,
jīvitayopana,,
jīvitasama,,
jīvitahārin,ī,
jīvita,,
jīvitākāṅkṣin,ī,
jīvitāntakara,,
jīvitāntaka,,
jīvitāntaga,,
jīvitukāma,,
jīvin,ī,
jugupsana,,
jugupsanīya,,
jugupsitatama,,
jugupsita,,
jugupsya,,
juṅgita,,
juṣa,,
juṣṭatama,,
juṣṭatara,,
juṣṭa,,
juṣya,,
juhurāṇa,,
juhoticodana,,
juhvāna,,
juhvāsya,,
jūjuvāna,,
jūta,,
jūrṇa,,
jūrṇin,ī,
jūrya,,
jṛmbhaṇa,,
jṛmbhita,,
jṛmbhin,ī,
jetavya,,
jetasāhvaya,,
jetukāma,,
jetva,,
jenya,,
jeya,,
jaitra,ī,
jaitva,,
jaina,ī,
jainya,,
jaiminīya,,
jaimūta,,
jaiva,ī,
jaivātṛka,,
jaiṣṇava,,
jaihva,,
jaihvākāta,,
joṣayitavya,,
joṣya,,
johūtra,,
jaulāyanabhakta,,
jauhava,,
jauhotyādika,,
jñaṃmanya,,
jñata,,
jñapita,,
jñapta,,
jñapticaturtha,,
jñātaka,,
jñātakulīna,,
jñātavya,,
jñātasarvasva,,
jñātasiddhānta,,
jñāta,,
jñātiprāya,,
jñātimukha,,
jñānagamya,,
jñānadīrgha,,
jñānadurbala,,
jñānaniṣṭha,,
jñānapata,ī,
jñānapara,,
jñānapūrvakṛta,,
jñānapūrva,,
jñānamaya,,
jñānamudra,,
jñānavṛddha,,
jñānaśreṣṭha,,
jñānājñānakṛta,,
jñānāvaraṇīya,,
jñānāvasthita,,
jñānin,ī,
jñānotkṛṣṭa,,
jñāpaka,ikā,
jñāpanīya,,
jñāpita,,
jñāpya,,
jñīpsyamāna,,
jñeya,,
jya,,
jyāyamāna,,
jyāyasa,,
jyāyiṣṭha,,
jyāvāja,,
jyeya,,
jyeṣṭhajaghanya,,
jyeṣṭhatama,,
jyeṣṭhatara,,
jyeṣṭhaprathama,,
jyeṣṭhabrāhmaṇa,,
jyeṣṭhasāmaga,,
jyeṣṭha,,
jyeṣṭhāśrama,,
jyeṣṭhāśramin,ī,
jyaiṣṭhasāmika,,
jyogaparuddha,,
jyogāmayāvin,ī,
jyotita,,
jyotiranīka,,
jyotirbhāga,,
jyotirbhāsin,ī,
jyotirmaya,,
jyotirlekhāvalayin,ī,
jyotiṣkalpa,,
jyotiṣṭomika,,
jyotiṣprahīṇa,,
jyotiṣya,,
jyotīratha,,
jyotīrasa,,
jyotsnāḍhya,,
jyotsnāmaya,,
jrayasāna,,
jvaraghna,,
jvaranāśaka,,
jvarahara,,
jvarāpaha,,
jvarita,,
jvarin,ī,
jvalaccharīra,,
jvalana,,
jvalanīya,,
jvalānana,,
jvalitanayana,,
jvalitanetra,,
jvalita,,
jvalitānana,,
jvālamālākula,,
jvāla,,
jvālānala,,
jvālāmālin,ī,
jvālin,ī,
jhaṅkārin,ī,
jhaṇajjhaṇatkārin,ī,
jhaṇajjhaṇita,,
jhaṇajhaṇāyita,,
jhaṇajhaṇībhūta,,
jharjharita,,
jharjharin,ī,
jha,,
jhāṃkārin,ī,
jhāṭkārin,ī,
jhombaka,,
ṭagara,,
ṭavargīya,,
ṭāla,,
ṭuṇṭuka,,
ṭeraka,,
ṭera,,
ṭerākṣa,,
ḍāmarava,,
ḍāmara,,
ḍiṇḍima,,
ḍimbhaka,ikā,
ḍīna,,
ḍauṇḍubha,,
ḍhakkadeśīya,,
ḍha,,
ḍhālin,ī,
ḍhuṇḍhita,,
ḍhaukita,,
takavāna,,
takila,,
takta,,
takmanāśana,,
takya,,
takva,,
takṣa,,
takṣya,,
tacchīla,,
tajja,,
tajjātīyaka,,
tajjātīya,,
tajjña,,
taṭataṭasvana,,
taṭastha,,
taṭasthita,,
taṭya,,
taḍatkārin,ī,
taḍāgada,,
taḍāgabhedaka,,
taḍinmaya,,
taḍinmālāvalambin,ī,
taṇḍulika,,
taṇḍulin,ī,
tatacihna,,
tatama,,
tatara,,
tata,,
tatitha,ī,
tatonidāna,,
tatobṛhatīka,,
tatkartavya,,
tatkarmakārin,ī,
tatkārin,ī,
tatkāla,,
tatkālīna,,
tatkulīna,,
tatkriya,,
tattaddeśīya,,
tattulya,,
tattṛtīya,,
tattribhāgaka,ikā,
tattvajña,,
tattvajñānin,ī,
tattvatrayamaya,,
tattvadarśin,ī,
tattvabhūta,,
tattvādhigata,,
tatparāyaṇa,,
tatpūrvasaṅga,,
tatpūrva,,
tatpṛṣṭha,,
tatprakāra,,
tatprakṛta,,
tatprathama,,
tatpradhāna,,
tatphala,,
tatratya,,
tatrabhava,,
tatravāsin,ī,
tatrastha,,
tatsaṃkhyāka,,
tatsadṛśa,,
tatsama,,
tatsādhukārin,ī,
tatsina,,
tatstha,,
tatsthāna,,
tatspṛṣṭin,ī,
tathākṛta,,
tathāgata,,
tathājātīyaka,,
tathājātīya,,
tathāprabhāva,,
tathābhāvin,ī,
tathābhūta,,
tathāmukha,,
tathārūpin,ī,
tathārtha,,
tathāvādin,ī,
tathāvidhāna,,
tathāvīrya,,
tathāvrata,,
tathāśīlasamācāra,,
tathāśīla,,
tathāsvara,,
tathotsāha,,
tathopama,,
tathyavādin,ī,
tathya,,
tadatipāta,,
tadanta,,
tadanna,,
tadanya,,
tadanvaya,,
tadapatyamaya,,
tadapatya,,
tadapekṣa,,
tadarthaka,ikā,
tadartha,,
tadarthīya,,
tadardhika,,
tadarha,,
tadavastha,,
tadākāra,,
tadātmaka,,
tadānīṃtana,,
tadānīṃdugdha,,
tadidartha,,
tadīya,,
tadekacitta,,
tadgata,,
tadguṇa,,
taddevata,,
taddevatāka,,
taddevatya,,
taddeśya,,
taddaivata,,
taddvitīya,,
taddhana,,
taddharma,,
taddharmin,ī,
taddharmya,,
tadbahulavihārin,ī,
tadbhava,,
tadbhāva,,
tadbhinna,,
tadbhūta,,
tadvacaḥpratīta,,
tadvaśa,,
tadvācaka,,
tadvidya,,
tadviṣayaka,,
tadvrata,,
tanaya,,
tanayīkṛta,,
taniṣṭha,,
tanuka,,
tanukeśa,ī,
tanutara,,
tanutyāga,,
tanutrin,ī,
tanutvakka,,
tanudagdha,,
tanudīrghaghoṇa,,
tanula,,
tanuśarīra,,
tanūkṛta,,
tanūja,,
tanūdara,ī,
tanūpāna,ī,
tanūbhūta,,
tanūvaśin,ī,
tanūśubhra,,
tanticara,,
tantubhūta,,
tantula,,
tantusaṃtata,,
tantraka,,
tantrāyin,ī,
tantrita,,
tantrin,ī,
tantrila,,
tantvagrīya,,
tandrāvin,ī,
tandrita,,
tandrin,ī,
tannāmika,,
tanmadhyastha,,
tanmaya,,
tanmātraka,,
tanmātra,,
tanmātrika,,
tanmānin,ī,
tanmūla,,
tapaḥkṛśa,,
tapaḥkleśasaha,,
tapaḥparārdha,,
tapaḥpradhāna,,
tapaḥśīla,,
tapaḥsādhya,,
tapaḥsiddha,,
tapana,,
tapanīyamaya,ī,
tapanīya,,
tapara,,
tapasvin,ī,
tapa,,
tapita,,
tapiṣṭha,,
tapurjambha,,
tapurvadha,,
taponitya,,
taponiṣṭha,,
taponta,,
tapomaya,ī,
tapomūla,,
tapoyajña,,
tapoyukta,,
taporata,,
taporthīya,,
tapovariṣṭha,,
tapovṛddha,,
taptajāmbūnadamaya,ī,
taptatapta,,
taptavāluka,,
taptavya,,
taptavrata,,
taptahemamaya,,
tapta,,
taptāyana,ī,
tapya,,
tamaḥpracchādaka,,
tamata,,
tamasa,,
tamasākṛta,,
tamaskalpa,,
tama,,
tamin,ī,
tamoguṇin,ī,
tamoniṣṭha,,
tamopaha,,
tamobhāga,,
tamobhūta,,
tamomaya,ī,
tamorūpin,ī,
tamoviśāla,,
tamovṛta,,
taraṃgāpatrasta,,
taraṃgita,,
taraṃgin,ī,
taraṇīya,,
taralāyita,,
taralita,,
tarasapuroḍāśa,,
tarasamaya,,
tarasvin,ī,
tara,,
tarin,ī,
taruja,,
taruṇa,ī,
taruṇībhūta,,
tarutra,,
taruśa,,
tarusāramaya,,
tarkaṇīya,,
tarkayukta,,
tarkita,,
tarkin,ī,
tarkya,,
tarjaka,,
tarjanīya,,
tarjita,,
tartarīka,,
tartavya,,
tardmasamuta,,
tarpaka,,
tarpaṇa,ī,
tarpaṇīya,,
tarpayitavya,,
tarpita,,
tarpin,ī,
tarṣita,,
tarṣuka,,
tarṣula,,
tarhaṇa,ī,
talagata,,
talabaddha,,
talayukta,,
talastha,,
talasthita,,
talita,,
talin,ī,
taluna,,
talpaga,,
talpaja,,
talpīkṛta,,
talpya,,
tavargīya,,
taviṣa,,
tavya,,
taṣṭa,,
tasthāna,,
tasyāśitīya,,
tākṣaka,,
tākṣaśila,ī,
tākṣṇa,ī,
tācchīlika,,
tāṭaṅkin,ī,
tāḍaghāta,,
tāḍana,,
tāḍanīya,,
tāḍa,,
tāḍāga,,
tāḍita,,
tāḍula,,
tāḍya,,
tāṇḍavita,,
tātatulya,,
tātala,,
tāttvika,,
tātparyaka,,
tāthābhāvya,,
tādarthika,,
tādātmaka,ikā,
tādṛkṣa,,
tādṛgvidha,,
tādṛśa,ī,
tāddhita,,
tānasvara,,
tānūnapāta,ī,
tāntava,ī,
tānta,,
tāntra,ī,
tāpaka,,
tāpatya,,
tāpada,,
tāpana,ī,
tāpaścita,,
tāpasa,,
tāpasādhyuṣita,,
tāpita,,
tāpin,ī,
tāpīja,,
tāmala,ī,
tāmasa,ī,
tāmasika,,
tāmāleya,,
tāmisra,,
tāmbala,ī,
tāmbūlaja,,
tāmbūlākta,,
tāmbūlin,ī,
tāmracūḍa,,
tāmradvīpaka,,
tāmranakha,ī,
tāmranetra,,
tāmrapātramaya,,
tāmrapuṣpa,,
tāmramaya,ī,
tāmramukha,,
tāmramṛṣṭānulepin,ī,
tāmraratha,,
tāmravarṇa,,
tāmra,ī,
tāmrākṣa,ī,
tāmrākhya,,
tāmrādharoṣṭha,,
tāmrāśva,,
tāmrika,,
tāmroṣṭha,,
tāyādara,,
tāraka,ikā,
tārakākṣa,,
tārakāmaya,,
tārakita,,
tāraja,,
tāraṇa,ī,
tāratama,,
tāradīrgha,,
tārala,,
tārava,ī,
tārasvara,,
tāra,,
tārācchāya,,
tārāmaya,ī,
tārārūpa,,
tārita,,
tārin,ī,
tāruṇa,,
tārkava,,
tārkika,,
tārkṣyaratnamaya,,
tārkṣyāyaṇabhakta,,
tārṇaka,,
tārṇabindavīya,,
tārṇa,ī,
tārṇa,,
tārtīyaka,,
tārtīyasavana,,
tārtīyasavanika,ī,
tārtīya,,
tārtīyāhnika,,
tārtīyīka,,
tārya,,
tārṣṭāgha,ī,
tālakābha,,
tālajaṅgha,,
tālaja,,
tālajña,,
tālapramāṇa,,
tālabaddha,,
tālamaya,,
tālamātra,,
tālavya,,
tālaśīla,,
tālaśuddha,,
tāla,ī,
tālin,ī,
tāluja,,
tāluna,,
tālusthāna,,
tālpa,,
tāvaka,ī,
tāvakīna,,
tāvacchata,ī,
tāvatika,,
tāvatitha,,
tāvatka,,
tāvatpriya,,
tāvatphala,,
tāvadguṇa,,
tāvadguṇita,,
tāvaddvayasa,,
tāvadvarṣa,,
tāvadvidha,,
tāvanmātra,ī,
tāvanmāna,,
tāsūna,ī,
tikīya,,
tiktaka,,
tikta,,
tiktāyana,ī,
tiktāsya,,
tigita,,
tigmaga,,
tigmajambha,,
tigmatejana,,
tigmadhāra,,
tigmayātana,,
tigmaśṛṅga,,
tigma,,
tigmānīka,,
tigmāyudha,,
titikṣita,,
tittiraja,,
tintiḍa,ī,
timija,,
timita,,
timiranayana,,
timiramaya,,
timirākula,,
timirāpaha,,
tiraskara,ī,
tiraskārin,ī,
tiraskuḍya,,
tiraskṛtasambhāṣa,,
tiraskṛta,,
tirasprākāra,,
tirīcīna,,
tirīṭin,ī,
tiroahniya,,
tiroahnya,,
tirogata,,
tirodhātavya,,
tirovarṣa,,
tirohita,,
tirohnya,,
tiryakkṣipta,,
tiryakpātin,ī,
tiryakpratimukhāgata,,
tiryakprekṣaṇa,,
tiryakprekṣin,ī,
tiryagapāṅga,,
tiryaga,,
tiryagāgata,,
tiryagāyata,,
tiryagīkṣa,,
tiryaggata,,
tiryaggama,,
tiryagghātin,ī,
tiryagja,,
tiryagdhāra,,
tiryagbila,,
tiryagyāta,,
tiryagyoninyanvaya,,
tiryagviddha,,
tiryagvisaṃsarpin,ī,
tirya,,
tilakārṣika,,
tilakālaka,,
tilakāvala,,
tilakita,,
tilakin,ī,
tiladroṇamaya,,
tilamaya,ī,
tilamiśla,,
tilavratin,ī,
tilaśama,,
tilasambaddha,,
tilasnāyin,ī,
tilahomin,ī,
tilodakin,ī,
tilya,,
tiṣṭhaddhoma,,
tiṣyapunarvasavīya,,
tiṣya,,
tīkṣṇatara,,
tīkṣṇadaṃṣṭra,,
tīkṣṇadaṇḍa,,
tīkṣṇadhāra,,
tīkṣṇanāsika,,
tīkṣṇarūpin,ī,
tīkṣṇalavaṇa,,
tīkṣṇavaktra,,
tīkṣṇavipāka,,
tīkṣṇaviṣa,,
tīkṣṇaśṛṅga,,
tīkṣṇāgra,,
tīkṣṇāmla,,
tīraja,,
tīrabhuktīya,,
tīraruha,,
tīravilagna,,
tīrastha,,
tīrita,,
tīrṇapratijña,,
tīrṇa,,
tīrthakara,,
tīrthaka,,
tīrthadevamaya,ī,
tīrthapada,,
tīrthapāda,,
tīrthabhūta,,
tīrthayātrin,ī,
tīrthavāsin,ī,
tīrthīkaraṇa,,
tīrthīkṛta,,
tīrthībhūta,,
tīrthya,,
tīvramada,,
tīvraruja,,
tīvraroṣasamāviṣṭa,,
tīvraśokasamāviṣṭa,,
tīvraśokārta,,
tīvrātitīvra,,
tīvrānta,,
tuṅgin,ī,
tucchaka,,
tucchadaya,,
tucchaprāya,,
tuccha,,
tucchīkṛta,,
tucchya,,
tujya,,
tuṇḍadevabhakta,,
tuṇḍika,,
tuṇḍibha,,
tuṇḍila,,
tuda,,
tundaparimārjaka,,
tundaparimārja,,
tundaparimṛja,,
tunda,,
tundika,,
tundita,,
tundin,ī,
tundibha,,
tundila,,
tundilita,,
tunna,,
tubara,,
tumbukin,ī,
tumbura,ī,
tumra,,
turaṃgayāyin,ī,
turakin,ī,
tura,,
turīpa,,
turīyaka,,
turīya,,
turuṣkakarpūra,,
turya,,
turyāśra,,
tulādhāra,,
tulādhirohaṇa,,
tulāvarārdha,,
tulāvarārdhya,,
tulita,,
tulima,,
tulyakakṣa,,
tulyakarmaka,,
tulyakāla,,
tulyakālīya,,
tulyakrama,,
tulyaguṇa,,
tulyajātīya,,
tulyadarśana,,
tulyanaktaṃdina,,
tulyabala,,
tulyamūlya,,
tulyarūpa,,
tulyavaṃśa,,
tulyavikrama,,
tulyavīrya,,
tulyātulya,,
tulyābhidhāna,,
tulyārtha,,
tulyāvastha,,
tulyodyoga,,
tuvikūrmin,ī,
tuvikṣa,,
tuvigra,,
tuvigrābha,,
tuvigrīva,,
tuvijāta,,
tuvideṣṇa,,
tuvidyumna,,
tuvinṛmṇa,,
tuvibādha,,
tuvimagha,,
tuvimātra,,
tuvimrakṣa,,
tuviśagma,,
tuviśuṣma,,
tuviṣṭama,,
tuvīrava,,
tuṣaja,,
tuṣāravarṣin,ī,
tuṣitakāyika,,
tuṣṭa,,
tuṣṭikara,,
tuṣṭijanana,,
tuṣṭida,,
tuṣya,,
tuhinagirimaya,,
tūṇava,,
tūṇin,ī,
tūṇīrāyamāṇa,,
tūṇīśaya,,
tūtujāna,,
tūtuma,,
tūbara,,
tūya,,
tūrṇaga,,
tūrṇa,,
tūrṇodita,,
tūrta,,
tūryamaya,,
tūrya,,
tūrvayāṇa,,
tūlapūrṇa,,
tūṣṇīṃbhūta,,
tūṣṇīṃśīla,,
tūṣṇīṃsāra,,
tūṣṇīka,,
tṛcakḷpta,,
tṛcin,ī,
tṛḍha,,
tṛṇacchedin,ī,
tṛṇaprāya,,
tṛṇabhūta,,
tṛṇamaya,,
tṛṇaśūnya,,
tṛṇasaṃvāha,,
tṛṇasa,,
tṛṇasāra,,
tṛṇasārīkṛta,,
tṛṇāda,,
tṛṇāśana,,
tṛṇāśa,,
tṛṇāśin,ī,
tṛta,,
tṛtīyaka,,
tṛtīyasavanīya,,
tṛtīya,,
tṛtīyāṃśa,,
tṛtīyika,,
tṛtīyin,ī,
tṛdila,,
tṛpala,,
tṛpa,,
tṛpita,,
tṛpta,,
tṛptikara,,
tṛptikāraka,,
tṛptighna,,
tṛptida,,
tṛpradaṃśin,ī,
tṛprin,ī,
tṛmpaṇīya,,
tṛṣārta,,
tṛṣita,,
tṛṣṭajambha,,
tṛṣṭadhūma,,
tṛṣṇaka,,
tṛṣṇāghna,,
tṛṣṇārta,,
tejanin,ī,
tejaskara,,
tejaskāma,,
tejaskāya,,
tejasya,,
tejasvin,ī,
tejita,,
tejobalasamāyukta,,
tejomaya,ī,
tejomṛtamaya,,
tejorūpa,,
tejohara,,
taijana,,
taijasa,ī,
taitikṣa,,
taittiḍīka,ī,
taittira,ī,
taittirīyaka,,
taittirīyaśākhin,ī,
taittirya,,
tainduka,ī,
taimira,,
taimirika,,
tairaṇa,ī,
tairabhukta,,
tairohnya,,
tairthaka,,
tairtha,ī,
tairthika,,
tairyagayanika,,
tairyagyona,,
tairyagyonya,,
tailaṅga,,
tailapīta,,
tailavaka,,
tailīna,,
tailvaka,,
taivraka,,
taivradārava,,
taiṣa,ī,
taisṛka,,
toṭaka,,
tottraprajita,,
todita,,
toyacara,,
toyaja,,
toyadhara,,
toyamaya,ī,
tola,,
tolya,,
tośa,,
toṣaka,,
toṣaṇa,ī,
toṣaṇīya,,
toṣayitavya,,
toṣita,,
toṣin,ī,
toṣya,,
tautātita,,
taudādika,,
taudeya,,
taubaraka,,
taurayāṇa,,
taurāyaṇika,,
tauruṣkika,,
taurya,,
tauṣāra,,
tta,,
tyaktajīvita,,
tyaktaprāṇa,,
tyaktalajja,,
tyaktavya,,
tyakta,,
tyaktukāma,,
tyajanīya,,
tyajita,,
tyatratya,,
tyāgayuta,,
tyāgaśīla,,
tyāgin,ī,
tyāgima,,
tyājaka,,
tyājita,,
tyājya,,
tyādṛśa,,
trapānvita,,
trapāyukta,,
trapāhīna,,
trapiṣṭha,,
trayayāyya,,
trayaścatvāriṃśa,,
trayastriṃśastoma,,
trayastriṃśa,ī,
trayastriṃśin,ī,
traya,ī,
trayīmaya,ī,
trayīvida,,
trayodaśamāsa,,
trayodaśamāsika,,
trayodaśarca,,
trayodaśavārṣika,,
trayodaśavidha,,
trayodaśa,ī,
trayodaśa,,
trayodaśākṣara,,
trayodaśika,,
trayodaśin,ī,
trayoviṃśatika,,
trayoviṃśatitama,,
trayoviṃśa,ī,
trasa,,
trasura,,
trasta,,
trāṇasārin,ī,
trāṇa,,
trātavya,,
trāta,,
trātra,,
trāpuṣa,,
trāpusa,ī,
trāpya,,
trāyamāṇa,,
trāyodaśa,,
trāsakara,,
trāsadāyin,ī,
trāsana,ī,
trāsanīya,,
trāsin,ī,
triṃśaka,,
triṃśattama,ī,
triṃśadaṅga,,
triṃśadara,,
triṃśadvarṣa,,
triṃśadviṃśa,,
triṃśa,ī,
triṃśa,,
triṃśin,ī,
triḥprakāra,,
triḥprasrutamada,,
triḥśukla,,
triḥṣamṛddha,,
triḥsapta,,
trikakuda,,
trikadruka,,
trikadrukīya,,
trikapardin,ī,
trikapāla,,
trikarṇa,ī,
trikaśa,,
trika,,
trikālajña,,
trikāladarśin,ī,
trikālarūpa,,
trikāla,,
trikumārīka,,
trikūṭa,,
trikhaṇḍa,,
triguṇākarṇa,,
triguṇākṛta,,
triguṇākhya,,
triguṇātmaka,,
trigrāhin,ī,
tricakra,,
tricatura,,
tricaturdaśa,,
tricatvāriṃśa,ī,
tricitīka,,
triṇata,,
triṇavarātra,,
triṇavasāhasra,ī,
triṇava,,
triṇavātmaka,,
triṇāciketa,,
tritāmra,,
tritrika,,
tridanta,,
tridaśaśreṣṭha,,
tridaśa,,
tridaśāyana,,
tridaśībhūta,,
tridivagata,,
tridivasa,,
tridoṣaghna,,
tridoṣaja,,
tridoṣaśamana,,
tridoṣahārin,ī,
tridoṣa,,
tridvyekabhojana,,
tridhātuka,,
tridhātuśṛṅga,,
trinavata,,
trinavatitama,,
trinābha,,
trinivitka,,
triniṣka,,
trinaiṣkika,,
tripañcaka,,
tripañcāśattama,,
tripañcāśa,ī,
tripatāka,,
tripada,,
triparikrānta,,
triparivarta,,
triparyāya,,
triparva,,
tripastya,,
tripājasya,,
tripāṇa,,
tripādaka,ikā,
tripādavigraha,,
tripiṭaka,,
tripiṭa,,
tripiṇḍaka,,
tripiba,,
tripuṭaka,,
tripuṭa,,
tripuṇḍrin,ī,
triputra,,
tripurāṇaka,ikā,
tripurāṇīya,,
tripuruṣa,,
tripuṣkara,,
tripṛṣṭha,,
tripauruṣa,ī,
triprakāra,,
tripratiṣṭhita,,
tripralamba,,
tripralambin,ī,
triprasruta,,
triprātihāryasampanna,,
triphala,,
tribhava,,
tribha,,
tribhuja,,
tribhūma,,
tribhauma,,
trimaṇḍalapariśuddha,,
trimala,,
trimātrākāla,,
trimārga,,
trimūrdha,,
triyavastha,,
triyava,,
triyukta,,
triyuga,,
triyugma,,
triyūpa,,
trirakṣara,,
trirātra,,
trirāśipa,,
trirunnata,,
trirūpa,,
trirvyūha,,
triliṅgaka,,
triliṅga,,
trilokarakṣin,ī,
trilocana,,
triloha,ī,
trivandhura,,
trivarūtha,,
trivargapārīṇa,,
trivarṇa,,
trivarṣaka,ikā,
trivarṣapūrva,,
trivarṣa,,
trivarṣīya,,
trivalīka,,
trivācika,,
trivārṣika,,
trivikrama,,
trivitasta,,
trividya,,
trividha,,
trivinata,,
triviṣūka,,
trivista,,
trivṛtprāya,,
trivṛtstoma,,
trivṛṣa,,
triveda,,
trivedin,ī,
trivaistika,,
trivrata,,
triśataka,ikā,
triśatatama,,
triśata,,
triśarīrin,ī,
triśala,,
triśalya,,
triśāṇa,,
triśāṇya,,
triśira,,
triśīrṣa,,
triśukra,,
triśukriya,,
triśūlavarapāṇin,ī,
triśūlahasta,,
triśoka,,
triṣaṃyukta,,
triṣaṃvatsara,,
triṣatya,,
triṣama,,
triṣavaṇasnāyin,ī,
triṣavaṇa,,
triṣaṣṭa,ī,
triṣaṣṭitama,,
triṣāhasra,,
triṣṭuṇmukha,,
triṣṭoma,,
triṣṭha,,
triṣṭhin,ī,
triṣprakāra,,
trisaṃdhika,,
trisaptata,,
trisaptatitama,,
trisapta,,
trisama,,
trisamṛddha,,
trisāṃvatsara,,
trisāhasramahāsāhasrika,,
trisāhasra,ī,
trisītya,,
trisuparṇa,,
trisūtra,,
trisauparṇa,,
tristana,,
tristhāna,,
tristhūṇa,,
trihalya,,
trihāyaṇa,ī,
trīndriya,,
trīrāvatīka,,
trīṣuka,,
trīṣṭaka,,
truṭita,,
tredhāvihita,,
tredhāsaṃnaddha,,
tredhāsthita,,
traikakakubha,,
traikakuda,,
traikaṇṭaka,,
traikālika,ī,
traigartaka,,
traigarta,,
traigartāyana,,
traiguṇika,,
traiguṇya,,
traicīvarika,,
traidaśika,,
traidha,,
trainiṣkika,,
traipakṣika,,
traipārāyaṇika,,
traipura,,
traipuruṣa,,
traiphala,,
traimātura,,
traimāsika,,
traiyakṣa,,
traiyambaka,,
traiyalinda,,
traiyāhāvaka,,
trairātrika,,
trairāśika,,
trailiṅga,,
trailokyabhayakāraka,,
traivargika,ī,
traivargya,,
traivarṣika,,
traivārṣika,,
traivikrama,,
traividyaka,,
traividya,,
traividhya,,
traivṛta,,
traivedika,ī,
traiśaṅkava,,
traiśāṇa,ī,
traiṣṭubha,ī,
traisamika,,
traisrotasa,,
troṭaka,,
troṭita,,
tryaṃśa,,
tryakṣara,,
tryakṣa,ī,
tryaṅgula,,
tryaṅgya,,
tryadhiṣṭhāna,,
tryanīka,,
tryabdapūrva,,
tryambaka,,
tryara,,
tryaruṣa,ī,
tryartha,,
tryavara,,
tryaśīta,ī,
tryaśītitama,,
tryaśra,,
tryaṣṭaka,,
tryaṣṭavarṣa,,
tryahavṛtta,,
tryaha,,
tryahīna,,
tryahaihika,,
tryahna,,
tryārṣeya,,
tryālikhita,,
tryāhāva,,
tryāhika,,
tryunnata,,
tryupasatka,,
tvakatpitṛka,,
tvaksāra,,
tvagasthibhūta,,
tvagasthiśeṣa,,
tvagdoṣin,ī,
tvaṅmaya,,
tvaṅmāṃsāsthimaya,,
tvacasya,,
tvacita,,
tvaciṣṭha,,
tvacya,,
tvatkṛta,,
tvattara,,
tvatpratīkṣin,ī,
tvatprasūta,,
tvadanya,,
tvadīya,,
tvaddevatya,,
tvaddhita,,
tvadvidha,,
tvadvivācana,,
tvanmanya,,
tvanmaya,,
tvayata,,
tvaraṇīya,,
tvarāyukta,,
tvaritata,,
tvaritavikrama,,
tvarita,,
tvaritodita,,
tvaṣṭa,,
tvaṣṭṛdevatya,,
tva,,
tvāṃkāma,,
tvāca,,
tvādatta,,
tvādāta,,
tvādūta,,
tvādṛśaka,,
tvādṛśa,ī,
tvāṣṭra,,
tviṣita,,
tveṣadyumna,,
tveṣanṛmṇa,,
tveṣayāma,,
tveṣaratha,,
tveṣita,,
tveṣin,ī,
tveṣya,,
tvota,,
tsaruka,,
tsārin,ī,
tsāruka,,
thutthukāraka,,
daṃśaka,,
daṃśa,,
daṃśita,,
daṃśin,ī,
daṃśuka,,
daṃṣṭrākarāla,,
daṃṣṭrāyudha,,
daṃṣṭrāla,,
daṃṣṭrāviṣa,,
daṃṣṭrika,,
daṃṣṭrin,ī,
daṃsiṣṭha,,
daṃsujūta,,
dakalāvaṇika,,
dakṣasādhana,,
dakṣāyya,,
dakṣiṇajānvakna,,
dakṣiṇataskaparda,,
dakṣiṇatonyāya,,
dakṣiṇataüpacāra,,
dakṣiṇataüpavītin,ī,
dakṣiṇadvārika,,
dakṣiṇadhurīṇa,,
dakṣiṇapañcāla,,
dakṣiṇapāñcālaka,,
dakṣiṇapūrvaka,,
dakṣiṇaprākpravaṇa,,
dakṣiṇasavya,,
dakṣiṇāgra,,
dakṣiṇācāra,,
dakṣiṇācārin,ī,
dakṣiṇādvāra,,
dakṣiṇānyāya,,
dakṣiṇāpathika,,
dakṣiṇāpada,ī,
dakṣiṇāparābhimukha,,
dakṣiṇāpavarga,,
dakṣiṇāpratyakpravaṇa,,
dakṣiṇāpratyagapavarga,,
dakṣiṇāpravaṇa,,
dakṣiṇāpraharaṇa,,
dakṣiṇāprāgagra,,
dakṣiṇābhimukhasthita,,
dakṣiṇāmukha,ī,
dakṣiṇāyana,,
dakṣiṇārdhyapūrvārdhya,,
dakṣiṇārdhya,,
dakṣiṇārha,,
dakṣiṇāvacara,,
dakṣiṇāvartaka,ikā,
dakṣiṇāvarta,,
dakṣiṇāvṛtta,,
dakṣiṇīya,,
dakṣiṇetara,,
dakṣiṇerma,,
dakṣiṇottarāyāma,,
dakṣiṇottarin,ī,
dakṣiṇottāna,,
dakṣiṇopakrama,,
dakṣiṇya,,
dagdhakilbiṣa,,
dagdhamandirasāra,,
dagdhavya,,
dagdha,,
daṇḍakapālin,ī,
daṇḍaghna,,
daṇḍajita,,
daṇḍadhara,,
daṇḍadhāraka,,
daṇḍadhāra,,
daṇḍadhārin,ī,
daṇḍanīya,,
daṇḍaparāyaṇa,,
daṇḍapātin,ī,
daṇḍaprajita,,
daṇḍavācika,,
daṇḍavādin,ī,
daṇḍavārita,,
daṇḍavratadhara,,
daṇḍahasta,,
daṇḍākhya,,
daṇḍāpūpāyita,,
daṇḍika,,
daṇḍita,,
daṇḍin,ī,
daṇḍotpala,,
daṇḍya,,
dattakarṇa,,
dattaka,,
dattakṣaṇa,,
dattanṛtyopahāra,,
dattaprāṇa,,
dattamārga,,
dattavara,,
dattahasta,,
datta,,
dattākṣa,ī,
dattātaṅka,,
dattādatta,,
dattādara,,
dattāpahṛta,,
dattāpradānika,,
dattārdhacandraka,,
dattāvadhāna,,
dattāsana,,
dattottara,,
dattrima,,
dadāyudha,,
dadruṇa,,
dadrurogin,ī,
dadrūghna,,
dadrūṇa,,
dadrūrogin,ī,
dadha,,
dadhija,,
dadhibhakṣa,,
dadhimaṇḍodaka,,
dadhimaṇḍoda,,
dadhisambhava,,
dadhṛṣa,,
dadhyuda,,
danīdhvaṃsa,,
dantaka,,
dantaniṣkāśita,,
dantamaya,,
dantamūlīya,,
dantarogin,ī,
dantalīna,,
dantavarṇa,,
dantaśaṭha,,
dantaśliṣṭa,,
dantahastin,ī,
dantahīna,,
dantāgrīya,,
dantāda,,
dantāntaragata,,
dantāntaradhiṣṭhita,,
dantāśliṣṭa,,
dantidantamaya,,
dantin,ī,
dantistha,,
danturaka,,
danturita,,
dantūla,,
dantolūkhalika,,
dantolūkhalin,ī,
dantauṣṭhaka,,
dantyoṣṭhya,,
dantyauṣṭhya,,
dandaśūka,,
dandramaṇa,,
dabha,,
dabhya,,
damaka,,
damana,ī,
damanīya,,
damamaya,,
damaśarīrin,ī,
dama,,
damita,,
damin,ī,
damopeta,,
dambhaka,,
dambhana,,
dambhin,ī,
damya,,
dayākara,,
dayānvita,,
dayāyukta,,
dayālasa,,
dayāluka,,
dayāśīla,,
dayita,,
dayitādhīna,,
dayitāmaya,,
dayitāyamāna,,
daraka,,
daraṇīya,,
daramanthara,,
daramukulita,,
daravidalita,,
daraślatha,,
dara,,
darāyya,,
darita,,
daridrāyaka,,
daridrita,,
daridrin,ī,
daridrībhūta,,
darin,ī,
dardara,,
darpaka,,
darpaṇamaya,,
darpadhmāta,,
darpapūrṇa,,
darpahara,,
darpaha,,
darpita,,
darpin,ī,
darbhamaya,ī,
darya,,
darvihomin,ī,
darśaka,,
darśanakāṅkṣin,ī,
darśanalālasa,,
darśanaviṣaya,,
darśana,ī,
darśanāntaragata,,
darśanārtha,,
darśanāvaraṇīya,,
darśanīyaṃmanya,,
darśanīyamānin,ī,
darśanīya,,
darśanīyāsama,,
darśanotsuka,,
darśapūrṇamāsayājin,ī,
darśapūrṇamāsin,ī,
darśapaurṇamāsa,,
darśayitavya,,
darśayitukāma,,
darśa,,
darśāpita,,
darśita,,
darśin,ī,
darśya,,
dalaja,,
daladdhṛdaya,,
dalana,ī,
dalita,,
dalin,ī,
dalīkṛta,,
dalodbhava,,
dalya,,
daviṣṭha,,
daśaṃdaśin,ī,
daśakakṣya,,
daśakamāsika,,
daśaka,,
daśakṣīra,,
daśagārgya,,
daśaguṇa,,
daśaguṇita,,
daśagrāmika,,
daśagvin,ī,
daśacandra,,
daśacchadin,ī,
daśataya,ī,
daśadaśāvayava,,
daśadaśin,ī,
daśadharmagata,,
daśanakha,,
daśapadma,,
daśaputra,,
daśapūruṣa,,
daśabaddha,,
daśabalabalin,ī,
daśama,ī,
daśamāya,,
daśamāsya,,
daśamin,ī,
daśamīstha,,
daśayantra,,
daśayoktra,,
daśayojana,,
daśaratha,,
daśarātraparyuṣita,,
daśarātra,,
daśarūpa,,
daśalakṣaṇaka,,
daśalakṣaṇa,,
daśavarga,,
daśavarṣa,,
daśavarṣin,ī,
daśavarṣīya,,
daśavāra,,
daśavārṣika,ī,
daśavidha,,
daśavīra,,
daśavṛṣa,,
daśaśatakaradhārin,ī,
daśaśatatama,,
daśaśata,,
daśaśatākṣa,,
daśaśākha,,
daśaśīrṣa,,
daśasahaika,,
daśasāhasra,,
daśasāhasrika,,
daśa,,
daśāṅgula,,
daśāpanna,,
daśābdākhya,,
daśāritra,,
daśārṇa,,
daśārdha,,
daśāvara,,
daśāvarta,,
daśāsya,,
daśin,ī,
daśendra,,
daśera,,
daśaikādaśika,ī,
daṣṭamātra,,
daṣṭa,,
dasta,,
dasmatama,,
dasma,,
dasmya,,
dasyujīvin,ī,
dasyujūta,,
dasyutarhaṇa,,
dasyuhantama,,
dasra,,
dahana,ī,
dahanīya,,
daharaka,,
dahara,,
dahra,,
da,,
dākṣaka,,
dākṣa,ī,
dākṣāyaṇayajñika,ī,
dākṣāyaṇayajñin,ī,
dākṣāyaṇahasta,,
dākṣāyaṇa,ī,
dākṣāyaṇin,ī,
dākṣikanthiya,,
dākṣikarṣuka,,
dākṣigrāmīya,,
dākṣiṇaśāla,,
dākṣiṇa,ī,
dākṣiṇāgnika,ī,
dākṣiṇāpathaka,ī,
dākṣiṇārdhika,ī,
dākṣiṇika,ī,
dākṣiṇīya,,
dākṣiṇeya,,
dākṣiṇyavaddara,,
dākṣiṇyasampanna,,
dākṣiṇya,,
dākṣinagarīya,,
dāḍima,ī,
dāḍima,,
dāṇḍamāthika,ī,
dāṇḍa,ī,
dāṇḍājinika,ī,
dāṇḍāyanasthalaka,ī,
dāṇḍika,ī,
dātavya,,
dāta,,
dātivāra,,
dāttāmitrīya,,
dātrākarṇa,ī,
dādada,,
dādin,ī,
dādhika,ī,
dādhikra,ī,
dādhittha,ī,
dādhīca,ī,
dānakāma,,
dānapara,,
dānabhinna,,
dānamaya,ī,
dānayogya,,
dānavapūjita,,
dānava,ī,
dānavrata,,
dānaśālin,ī,
dānaśīla,,
dānaśauṇḍa,,
dānahīna,,
dānika,,
dānin,ī,
dānīya,,
dānucitra,,
dānuda,,
dānupinva,,
dāntaka,ī,
dānta,ī,
dānta,,
dāntika,ī,
dāpanīya,,
dāpayitavya,,
dāpita,,
dāpya,,
dābha,ī,
dābhya,,
dāmatūṣa,,
dāmadaśa,,
dāmana,ī,
dāmodarīya,,
dāmbha,ī,
dāmbhika,ī,
dāyaka,ikā,
dāya,,
dāyārha,,
dāyin,ī,
dāraka,ikā,
dāraṇa,ī,
dārada,ī,
dārarakṣitaka,,
dārava,ī,
dāravīya,,
dāra,ī,
dārādhīna,,
dārita,,
dārin,ī,
dārukacchaka,,
dāruja,,
dārumaya,ī,
dāruvaha,,
dāruśailamaya,ī,
dārodara,ī,
dārghasattra,ī,
dārduraka,ikā,
dārdura,ī,
dārbha,ī,
dārvaka,ikā,
dārva,ī,
dārvihomika,,
dārvīhaumika,ī,
dārśanika,ī,
dārśapaurṇamāsika,ī,
dārśa,ī,
dārśika,ī,
dārśya,ī,
dārṣada,ī,
dārṣṭānta,ī,
dārṣṭāntika,ī,
dārṣṭiviṣayika,ī,
dālbha,ī,
dāvaparīta,,
dāvavivarjita,,
dāvika,,
dāvikākūla,,
dāśakaṇṭha,ī,
dāśagrāmika,ī,
dāśataya,ī,
dāśapura,ī,
dāśamūlika,ī,
dāśaratha,ī,
dāśarātrika,ī,
dāśarūpyaka,,
dāśārṇaka,ikā,
dāśārṇa,ī,
dāśārha,ī,
dāśaudanika,ī,
dāśvadhvara,,
dāśva,,
dāsajīvana,,
dāsapravarga,,
dāsa,ī,
dāsa,,
dāsra,ī,
dāhaka,ī,
dāhamaya,ī,
dāhavadānya,,
dāhātmaka,ikā,
dāhin,ī,
dāhuka,,
dikkara,ī,
dikkarika,,
diktulya,,
diksama,,
diganta,,
digambara,,
digāgata,,
digdarśin,ī,
digdhaviddha,,
digdhasahaśaya,,
digdhahata,,
digdhahasta,,
digdha,,
digdhāṅga,ī,
digvakrasaṃstha,,
digvastra,,
digvidikstha,,
digvibhāvita,,
digvyāpin,ī,
diṅmukha,ī,
diṅmūḍha,,
dita,,
ditsita,,
ditsya,,
didṛkṣita,,
didṛkṣeṇya,,
didṛkṣeya,,
didhiṣāyya,,
dinakara,ī,
dinaduḥkhita,,
dinapākin,ī,
dina,,
dinopavāsin,ī,
diya,,
divaṃgama,,
divasakṣaya,,
divasacara,,
divasāntara,,
divastambhana,ī,
divākīrtya,,
divākṛta,,
divācara,,
divācārin,ī,
divātana,ī,
divātana,,
divātara,,
divāndha,,
divābhīta,,
divābhūta,,
divāmanya,,
divāmaithunin,ī,
divāśaya,,
divāsaṃcara,,
divāsupta,,
divāsthāna,,
divāsvāpa,,
divikṣaya,,
divigata,,
divicara,,
divicārin,ī,
divija,,
divijāta,,
diviṣṭambha,,
diviṣṭha,,
divodbhava,,
divyakānanadarśana,,
divyakārin,ī,
divyajñāna,,
divyadarśana,,
divyadarśin,ī,
divyadohada,,
divyadharmin,ī,
divyaprajñānaśālin,ī,
divyaprabhāva,,
divyarūpa,,
divyarūpin,ī,
divyasaṃkāśa,,
divyasraganulepin,ī,
divya,,
divyādivya,,
divyopapāduka,ī,
diśoyāyin,ī,
diśya,,
diṣṭakārin,ī,
diṣṭapara,,
diṣṭa,,
dīkṣaṇīya,,
dīkṣākārin,ī,
dīkṣāmaya,ī,
dīkṣita,ī,
dīkṣitīya,,
dīkṣin,ī,
dīda,,
dīnaka,,
dīnacitta,,
dīnacetana,,
dīnadakṣa,,
dīnadīna,,
dīnamānasa,,
dīnamukha,ī,
dīnarūpa,,
dīnavatsala,,
dīnavadana,,
dīnavarṇa,,
dīnasattva,,
dīna,,
dīnānukampana,,
dīnāsya,,
dīpaka,,
dīpada,,
dīpana,ī,
dīpanīya,,
dīpita,,
dīpin,ī,
dīptakiraṇa,,
dīptavarṇa,,
dīptavīrya,,
dīptaśikha,,
dīpta,,
dīptākṣa,ī,
dīptāgra,,
dīptāsya,,
dīptika,,
dīpya,,
dīpra,,
dīrghakāya,,
dīrghakālajīvin,ī,
dīrghakūrca,,
dīrghakeśa,ī,
dīrghagāmin,ī,
dīrghagrīva,,
dīrghacaturaśra,,
dīrghacchada,,
dīrghajihva,,
dīrghajihvya,,
dīrghajīvin,ī,
dīrghatama,,
dīrghatara,,
dīrghatīkṣṇamukha,ī,
dīrghatuṇḍa,ī,
dīrghadaṇḍa,ī,
dīrghadanta,ī,
dīrghadarśana,,
dīrghadarśin,ī,
dīrghadveṣin,ī,
dīrghanakha,ī,
dīrghanāda,,
dīrghapattra,,
dīrghaparṇa,,
dīrghapavana,,
dīrghapṛṣṭha,,
dīrghaprajña,,
dīrghaprāṇa,,
dīrghaprekṣin,ī,
dīrghaphala,,
dīrghabhuja,,
dīrghamukha,ī,
dīrghayāma,,
dīrgharātrika,,
dīrgharūpa,,
dīrgharogin,ī,
dīrgharoṣaṇa,,
dīrgharoṣa,,
dīrghalocana,,
dīrghavaṃśa,,
dīrghaśākha,,
dīrghaśṛṅga,,
dīrghasaṃdhya,,
dīrghasaktha,ī,
dīrghasattra,,
dīrghasūtra,,
dīrghasūtrin,ī,
dīrghākāra,,
dīrghākṣa,ī,
dīrghādhvaga,,
dīrghānuparivartin,ī,
dīrghāpāṅga,,
dīrghāpekṣin,ī,
dīrghābhiniṣṭhānānta,,
dīrghāmaya,,
dīrghāyudha,,
dīrghāyuṣka,,
dīrghāsya,,
dīrṇa,,
duḥkhakara,ī,
duḥkhakārin,ī,
duḥkhagraha,,
duḥkhacārin,ī,
duḥkhacchinna,,
duḥkhacchedya,,
duḥkhajāta,,
duḥkhajīvin,ī,
duḥkhadagdha,,
duḥkhaduḥkhin,ī,
duḥkhanivaha,,
duḥkhaparītāṅga,,
duḥkhaprāya,,
duḥkhabahula,,
duḥkhabodha,,
duḥkhabhāgin,ī,
duḥkhabheṣaja,ī,
duḥkhamaya,ī,
duḥkhamaraṇa,,
duḥkhalavya,,
duḥkhavyābhāṣita,,
duḥkhaśīla,,
duḥkhaśokasamanvita,,
duḥkhasaṃcāra,,
duḥkhasaṃvardhita,,
duḥkhasaṃsparśa,,
duḥkhasamāyukta,,
duḥkhasparśa,,
duḥkha,,
duḥkhākula,,
duḥkhācāra,,
duḥkhātīta,,
duḥkhātmaka,,
duḥkhānarha,,
duḥkhānvita,,
duḥkhābhijña,,
duḥkhārta,,
duḥkhālīḍha,,
duḥkhitacitta,,
duḥkhita,,
duḥkhin,ī,
duḥkheta,,
duḥkhocchedya,,
duḥkhottara,,
duḥkhodarka,,
duḥkhopacarya,,
duḥkhopeta,,
duḥśaṃsa,,
duḥśaka,,
duḥśakta,,
duḥśasta,,
duḥśāsana,,
duḥśāsa,,
duḥśikṣita,,
duḥśīma,,
duḥśīlacitta,,
duḥśīla,,
duḥśṛta,,
duḥśeva,,
duḥśodha,,
duḥśoṣa,,
duḥśrava,,
duḥśruta,,
duḥṣaha,,
duḥṣupta,,
duḥsaṃcāra,,
duḥsaṃcintya,,
duḥsaṃdhāna,,
duḥsaṃdheya,,
duḥsaṃrakṣya,,
duḥsaṃlakṣya,,
duḥsaṃsthita,,
duḥsaktha,,
duḥsamatikrama,,
duḥsamartha,,
duḥsama,,
duḥsamīkṣya,,
duḥsampāda,,
duḥsampādya,,
duḥsaha,,
duḥsahāya,,
duḥsādhya,,
duḥsevya,,
duḥstha,,
duḥsthita,,
duḥstheya,,
duḥsparśa,,
duḥspṛśa,,
duḥsmara,,
duḥsvana,,
duḥsvapnanāśana,,
duḥsvapnanāśa,,
duḥsvapnanāśin,ī,
duḥsvapnapratibodhana,,
dugdhada,,
dugdhadoha,,
dugdhapāyin,ī,
dugdhamukha,,
dugdha,,
dugdhin,ī,
dugha,,
duṇḍuka,,
duta,,
dudda,,
duddādin,ī,
dudhita,,
dudhra,,
dundubhigrīva,,
dundubhivimocanīya,,
dundubhya,,
durakṣa,ī,
duratikramaṇīya,,
duratikrama,,
duratyaya,,
duratyayānukramaṇa,,
duradabhna,,
duradhigama,,
duradhiga,,
duradhiṣṭhita,,
duradhīta,,
duradhīyāna,,
duradhyayayana,,
duradhyaya,,
duradhyeya,,
duranuga,,
duranujñāta,,
duranuneya,,
duranupālana,,
duranubodha,,
duranuvartya,,
duranuṣṭhita,,
duranuṣṭheya,,
duranusamprāpya,,
duranūcāna,,
durantaka,,
durantaparyanta,,
durantabhāva,,
durantamoha,,
durantavīrya,,
duranta,,
duranvaya,,
duranveṣya,,
durapacāra,,
durapāsa,,
durabhigraha,,
durabhiprāya,,
durabhibhava,,
durabhimānin,ī,
durabhirakṣa,,
durabhisambhava,,
duravagama,,
duravagāha,,
duravagrahagrāha,,
duravagrahagrāhya,,
duravagraha,,
duravacchada,,
duravatāra,,
duravadhāraka,,
duravadhāraṇa,,
duravadhārya,,
duravabodha,,
duravaroha,,
duravasita,,
duravastha,,
duravasthita,,
duravāpa,,
durākranda,,
durākrama,,
durākrānta,,
durākrāma,,
durācara,,
durācāra,,
durācārin,ī,
durāḍhyaṃkara,,
durāḍhyambhava,,
durāḍhya,,
durādāna,,
durādeya,,
durādhara,,
durādharṣa,,
durādhāra,,
durānama,,
durāneya,,
durāpana,,
durāpa,,
durāpādana,,
durāpūra,,
durābādha,,
durāmnāya,,
durārakṣa,,
durārakṣya,,
durārādha,,
durārādhya,,
durāruha,,
durārūḍha,,
durāropa,,
durārohaṇīya,,
durāroha,,
durālakṣya,,
durālabha,,
durālamba,,
durālambha,,
durāloka,,
durāvarta,,
durāvaha,,
durāvāra,,
durāvāsin,ī,
durāśaṃsin,ī,
durāśaya,,
durāśa,,
durāśraya,,
durāsada,,
durāsaha,,
durāsa,,
durāseva,,
durāhara,,
durita,,
duriṣṭa,,
durīkṣa,,
durīha,,
durukta,,
duruktokta,,
duruccheda,,
durucchedya,,
duruta,,
duruttara,,
durutsaha,,
durutsāha,,
durudaya,,
durudarka,,
durudāhara,,
durudvaha,,
durupakrama,,
durupacāra,,
durupadiṣṭa,,
durupapāda,,
durupayukta,,
durupalakṣa,,
durupasada,,
durupasarpin,ī,
durupasthāna,,
durupāpa,,
durūha,,
dureva,,
duroṣa,,
durgaghna,,
durgata,,
durganivāsin,ī,
durgandharasa,,
durgandha,,
durgamanīya,,
durgamamārganirgama,,
durgama,,
durgamya,,
durgasaha,,
durga,,
durgāḍha,,
durgādha,,
durgārohaṇa,,
durgāhya,,
durgraha,,
durgrāhyahṛdaya,,
durgrāhya,,
durghaṭa,,
durjana,,
durjaya,,
durjara,,
durjāta,,
durjātīya,,
durjīva,,
durjeya,,
durjñāna,,
durjñeya,,
durṇaśa,,
durṇaṣṭa,,
durṇāmacātana,,
durṇihitaiṣin,ī,
durdagdha,,
durdatta,,
durdamana,,
durdama,,
durdamya,,
durdara,,
durdarśana,,
durdarśa,,
durdānta,,
durdinagrastabhāskara,,
durdina,,
durdūrānta,,
durdṛśa,,
durdṛśīka,,
durdṛṣṭa,,
durdeśaja,,
durdyūtadevin,ī,
durdhara,,
durdharma,,
durdharṣaṇa,,
durdharṣa,,
durdhārya,,
durdhāva,,
durnigraha,,
durnimita,,
durnirīkṣaṇa,,
durnirīkṣa,,
durnirīkṣya,,
durnivartya,,
durnivāra,,
durnivārya,,
durnivṛtta,,
durnivedya,,
durniṣedha,,
durnīta,,
durnyasta,,
durpaddhita,,
durbaddha,,
durbandha,,
durbala,,
durbalāyāsa,,
durbalita,,
durbalendriya,,
durbīriṇa,,
durbudha,,
durbodha,,
durbodhya,,
durbhakṣa,,
durbhakṣya,,
durbhaga,,
durbhagna,,
durbhaṅga,,
durbhaṇa,,
durbhara,,
durbhāgya,,
durbhāvya,,
durbhāṣa,,
durbhāṣita,,
durbhāṣin,ī,
durbhikṣavyasanin,ī,
durbhida,,
durbheda,,
durbhedya,,
durmatīkṛta,,
durmadavīramānin,ī,
durmada,,
durmadāndha,,
durmanaska,,
durmantrita,,
durmantrin,ī,
durmara,,
durmaryāda,,
durmarṣaṇa,,
durmarṣa,,
durmarṣita,,
durmāyin,ī,
durmitra,,
durmitriya,,
durmukha,ī,
durmūlya,,
durmedha,,
durmedhāvin,ī,
durmaitra,,
durmocahastagrāha,,
durmoca,,
durya,,
duryodhana,,
duryodha,,
durlakṣaṇa,,
durlakṣya,,
durlaṅghana,,
durlaṅghya,,
durlabhadarśana,,
durlabha,,
durlalita,,
durlābha,,
durlikhita,,
durvacaka,,
durvaca,,
durvañca,,
durvadaka,,
durvarṇa,,
durvasa,,
durvaha,,
durvācya,,
durvāda,,
durvānta,,
durvāraṇa,,
durvāraṇīya,,
durvāra,,
durvārita,,
durvārya,,
durvāla,,
durvikatthana,,
durvikalpa,,
durvigāha,,
durvicāra,,
durvicintita,,
durvicintya,,
durviceṣṭa,,
durvijñāna,,
durvijñeya,,
durvitarka,,
durvitarkya,,
durvidagdha,,
durvidatra,,
durvida,,
durvidya,,
durvidha,,
durvinīta,,
durvipāka,,
durvibhāvana,,
durvibhāva,,
durvibhāvya,,
durvibhāṣa,,
durvimarśa,,
durvirecya,,
durvivecana,,
durviśa,,
durviṣaha,,
durvṛtta,,
durveda,,
durvaira,,
durvyavasthāpaka,,
durvyāhṛta,,
durvrata,,
durhala,,
durhita,,
durhuta,,
durhṛta,,
durhṛdaya,,
durhṛṣīka,,
duvasana,,
duścaracārin,ī,
duścara,,
duścarita,,
duścāritra,,
duścārin,ī,
duścikitsa,,
duścikitsita,,
duścikitsya,,
duścitta,,
duścintin,ī,
duścintya,,
duśceṣṭita,,
duścyavana,,
duścyāvana,,
duścyāva,,
duśchada,,
duśchāya,,
duśchinna,,
duṣkarakārin,ī,
duṣkara,,
duṣkarmasūdana,ī,
duṣkula,,
duṣkulīna,,
duṣkuhaka,,
duṣkuha,,
duṣkṛtabahiṣkṛta,,
duṣkṛta,,
duṣkṛtin,ī,
duṣkṛṣṭa,,
duṣkrama,,
duṣṭacaritra,,
duṣṭacārin,ī,
duṣṭabhāva,,
duṣṭamānasa,ī,
duṣṭara,,
duṣṭahṛdaya,,
duṣṭa,,
duṣṭātura,,
duṣṭānvita,,
duṣpaca,,
duṣpada,,
duṣparigraha,,
duṣpariṇāma,,
duṣparimṛṣṭa,,
duṣparīkṣya,,
duṣpāna,,
duṣpāra,,
duṣpārṣṇigraha,,
duṣpārṣṇigrāha,,
duṣpīta,,
duṣpūra,,
duṣpeṣaṇa,,
duṣpoṣa,,
duṣprakampa,,
duṣprakampya,,
duṣprakāśa,,
duṣpraja,,
duṣprajña,,
duṣprajñāna,,
duṣpraṇīta,,
duṣpratara,,
duṣpratigraha,,
duṣprativāraṇa,,
duṣprativīkṣaṇīya,,
duṣprativīkṣya,,
duṣpratītikara,,
duṣpratyabhijña,,
duṣprada,,
duṣpradharṣaṇa,ī,
duṣpradharṣa,,
duṣpradhṛṣya,,
duṣprapadana,,
duṣprabodha,,
duṣpramaya,,
duṣprayukta,,
duṣpralambha,,
duṣpraveśa,,
duṣprasaha,,
duṣprasādana,,
duṣprasāda,,
duṣprasādhana,,
duṣprasādhya,,
duṣprāpaṇa,,
duṣprāpa,,
duṣprāpya,,
duṣprekṣaṇīya,,
duṣprekṣa,,
duṣprekṣita,,
duṣprekṣya,,
dustapa,,
dustaraṇa,ī,
dustara,,
dustarkamūla,,
dustarkya,,
dustāra,,
dustīrṇa,,
dustīrtha,,
dustoṣa,,
dustyajya,,
dustyājya,,
duha,,
duhya,,
dūḍabha,,
dūḍāśa,,
dūḍhya,,
dūṇaśa,,
dūṇāśa,,
dūtamukha,ī,
dūda,,
dūna,,
dūpra,,
dūraṃkaraṇa,ī,
dūraṃgata,,
dūraṃgama,,
dūrakārya,,
dūrakta,,
dūrakṣya,,
dūrakhātodaka,,
dūragata,,
dūraga,,
dūragāmin,ī,
dūragṛha,,
dūracara,,
dūraja,,
dūradarśana,,
dūradarśin,ī,
dūrada,,
dūrapāta,,
dūrapātin,ī,
dūrapātra,,
dūrapāra,,
dūraprasārin,ī,
dūrabhinna,,
dūrambhāvuka,,
dūrayāyin,ī,
dūravartin,ī,
dūravastraka,,
dūravāsin,ī,
dūravidāritānana,,
dūravibhinna,,
dūravilambin,ī,
dūravedhin,ī,
dūraśūnya,,
dūrasaṃstha,,
dūrasūrya,,
dūrastha,,
dūrasthāyin,ī,
dūrasthita,,
dūrasvarga,,
dūrāgata,,
dūrādha,,
dūrāntarita,,
dūrāpaṇika,,
dūrāpeta,,
dūrāplāva,,
dūrārūḍha,,
dūrārohin,ī,
dūrāvasthita,,
dūrīkṛta,,
dūrībhūta,,
dūrūḍha,,
dūrūpa,,
dūreanta,,
dūreamitra,,
dūreartha,,
dūrecara,,
dūrejanāntanilaya,,
dūretya,,
dūredevata,,
dūrepānīyagocara,,
dūreyama,,
dūreritekṣaṇa,,
dūrevadha,,
dūreṣupātin,ī,
dūrotsārita,,
dūronnamita,,
dūrohaṇa,,
dūrohaṇīya,,
dūroha,,
dūṣaka,ikā,
dūṣaṇa,ī,
dūṣaṇāvaha,,
dūṣaṇīya,,
dūṣayāṇa,,
dūṣa,,
dūṣita,,
dūṣin,ī,
dūṣīviṣa,,
dūṣyayukta,,
dūṣya,,
dūṣyudarin,ī,
dūłabha,,
dṛṃhita,,
dṛktulya,,
dṛkṣa,ī,
dṛgviṣa,,
dṛgvihīna,,
dṛṅnīraja,,
dṛḍhakārin,ī,
dṛḍhakrodha,,
dṛḍhagrāhin,ī,
dṛḍhatara,,
dṛḍhatoraṇārgala,,
dṛḍhadvāra,,
dṛḍhadhanvin,ī,
dṛḍhaniścaya,,
dṛḍhapratijña,,
dṛḍhaprahārin,ī,
dṛḍhabaddha,,
dṛḍhabandhanabaddha,,
dṛḍhabhaktika,,
dṛḍhavādaparākrama,,
dṛḍhavikrama,,
dṛḍhavrata,,
dṛḍhaśaktika,,
dṛḍhasamādhāna,,
dṛḍhasauhṛda,ī,
dṛḍhasthūṇa,,
dṛḍha,,
dṛḍhānutāpa,,
dṛḍhāyudha,,
dṛta,,
dṛtihāra,,
dṛdhra,,
dṛpta,,
dṛpra,,
dṛbdha,,
dṛśīka,,
dṛśenya,,
dṛśyaśravya,,
dṛśyasthāpita,,
dṛśya,,
dṛśyādṛśya,,
dṛśyetara,,
dṛṣacchārada,,
dṛṣada,,
dṛṣṭakaṣṭa,,
dṛṣṭacara,ī,
dṛṣṭaduḥkha,,
dṛṣṭadoṣa,,
dṛṣṭadraṣṭavya,,
dṛṣṭadharma,,
dṛṣṭadharmika,,
dṛṣṭanaṣṭa,,
dṛṣṭapūrva,,
dṛṣṭapūrvin,ī,
dṛṣṭapratyaya,,
dṛṣṭamātra,,
dṛṣṭavīrya,,
dṛṣṭavyatikara,,
dṛṣṭaśruta,,
dṛṣṭasāra,,
dṛṣṭa,,
dṛṣṭādṛṣṭa,,
dṛṣṭāntita,,
dṛṣṭāriṣṭa,,
dṛṣṭārthatattvajña,,
dṛṣṭārtha,,
dṛṣṭika,,
dṛṣṭikṣama,,
dṛṣṭigocara,,
dṛṣṭin,ī,
dṛṣṭipa,,
dṛṣṭipūta,,
dṛṣṭiviṣa,,
dṛłha,,
deya,,
devakalpa,,
devaka,ikā,
devakāma,,
devakīya,,
devakṛta,,
devakya,,
devakhāta,,
devagama,,
devagupta,,
devacaryopaśobhita,,
devaja,,
devajāta,,
devajuṣṭa,,
devajūta,,
devatābhyarcanapara,,
devatāmaya,ī,
devatāśraya,,
devatāsahāyin,ī,
devatīrthamaya,ī,
devatta,,
devatya,,
devadattacara,,
devadattamaya,ī,
devadattarūpya,,
devadatta,,
devadarśana,,
devadarśin,ī,
devadārumaya,ī,
devadurga,,
devadaivatya,,
devanindaka,,
devanirmita,,
devapathīya,,
devapātrin,ī,
devapāna,,
devaputra,,
devapūjita,,
devapūrva,,
devaprasūta,,
devapriya,,
devabhakta,,
devabhūta,,
devabhūyaṃgata,,
devamaya,ī,
devamātṛka,,
devamādana,,
devayajana,ī,
devayaśasin,ī,
devayājin,ī,
devayāna,ī,
devayānīya,,
devayukta,,
devarata,,
devarūpin,ī,
devaretasa,,
devalokegata,,
devavanda,,
devavāta,,
devavāhana,,
devavrata,,
devavratin,ī,
devaśiṣṭa,,
devasaṃdha,,
devasaṃyukta,,
devasattva,,
devasadana,,
devasṛṣṭa,,
devasyatvaka,,
devahita,,
deva,ī,
devākṣara,,
devānāmpriya,,
devārha,,
devāsura,,
devika,ī,
devitavya,,
devin,ī,
devila,,
devīṃdhiyaka,,
devīpurāṇīya,,
devīrāpaka,,
devīrāpasaka,,
devṛkāma,,
deveddha,,
deveśaya,,
deveṣita,,
deveṣṭa,,
deśaka,,
deśakālajña,,
deśakālavirodhin,ī,
deśakālavyatīta,,
deśakālavyavasthita,,
deśaja,,
deśajāta,,
deśajña,,
deśadṛṣṭa,,
deśavāsin,ī,
deśaviruddha,,
deśavirodhin,ī,
deśastha,,
deśāntarastha,,
deśāntarita,,
deśāntarin,ī,
deśika,,
deśita,,
deśin,ī,
deśīya,,
deśya,,
deṣṭavya,,
deṣṭha,,
dehagata,,
dehacara,,
dehacyuta,,
dehatantra,,
dehadhārin,ī,
dehabaddha,,
dehabandha,,
dehamātrāvaśeṣita,,
dehamānin,ī,
dehambharavārttika,,
dehambhara,,
dehasukha,,
dehin,ī,
dehodbhava,,
dehodbhūta,,
daikṣa,ī,
daigambara,ī,
daiḍa,ī,
daiteya,ī,
dainaṃdina,ī,
daina,ī,
dainika,ī,
daipa,ī,
dairghatamasa,ī,
dairgharātrika,ī,
dairghavaratra,,
dairghaśravasa,ī,
daivaka,ī,
daivakṛta,,
daivakovida,,
daivajana,ī,
daivajña,,
daivatantra,,
daivatapara,,
daivata,ī,
daivadatta,ī,
daivadatta,,
daivadattika,ī,
daivadārava,ī,
daivanirmita,,
daivapara,,
daivamānuṣaka,,
daivayātavaka,ī,
daivayuta,,
daivarakṣita,,
daivarājaka,,
daivalaukika,ī,
daivavāta,ī,
daivaśarmīya,,
daivasaka,ikā,
daivasampanna,,
daivahataka,,
daivahata,,
daivahava,ī,
daivahīna,,
daiva,ī,
daivātitha,ī,
daivādika,ī,
daivādyanta,,
daivādhīna,,
daivānurodhin,ī,
daivānvita,,
daivāyatta,,
daivāsura,ī,
daivika,ī,
daivejya,,
daivodāsa,ī,
daivopahataka,,
daivopahata,,
daiśika,ī,
daiṣṭika,ī,
daihika,ī,
doḥśālin,ī,
dogdhavya,,
dogdhukāma,,
dogha,,
dodulyamāna,,
dodhaka,,
dodhūyamāna,,
dorgraha,,
dolādhirūḍha,,
dolāyamāna,,
dolāyitaśravaṇakuṇḍala,,
dolāyita,,
dolālola,,
dolita,,
doṣakara,ī,
doṣakārin,ī,
doṣaguṇin,ī,
doṣagrasta,,
doṣagrāhin,ī,
doṣaghna,ī,
doṣajña,,
doṣaṇya,,
doṣatrayaghṇa,ī,
doṣatrayahara,,
doṣadūṣita,,
doṣaphala,,
doṣabalapravṛtta,,
doṣabhedīya,,
doṣamaya,ī,
doṣala,,
doṣaśamana,,
doṣahara,,
doṣātana,ī,
doṣānudarśin,ī,
doṣānta,,
doṣābhūta,,
doṣāmanya,,
doṣika,ī,
doṣin,ī,
dostha,,
dohakāma,,
dohadin,ī,
dohanīya,,
doha,,
dohita,,
dohin,ī,
dohya,,
dauḥśāsana,ī,
daukūla,ī,
daurātmyaka,,
daurudhara,,
daurgasiṃha,ī,
daurga,ī,
daurjana,ī,
dauryodhana,ī,
daurvāsasa,ī,
daurvāsa,ī,
dauṣka,ī,
dauṣkula,ī,
dauṣkuleya,ī,
dauṣkulya,,
dauṣyanta,ī,
dauhika,ī,
dauhitraka,ī,
dyāvāpṛthivīya,,
dyucara,,
dyutāna,,
dyutikara,ī,
dyutita,,
dyutta,,
dyubhakta,,
dyumaya,ī,
dyumaryāda,,
dyumnavardhana,,
dyumnin,ī,
dyusambhava,,
dyustha,,
dyūtajita,,
dyūtapalāyita,,
dyūtapriya,,
dyūna,,
dyotaka,,
dyotanaka,ikā,
dyotitaprabha,,
dyotita,,
dyotin,ī,
dyotya,,
dyausaṃśita,,
draḍhiṣṭha,,
drapsin,ī,
dravaka,,
dravaccakra,,
dravadaśva,,
dravaprāya,,
dravamaya,ī,
dravamāṇa,,
dravara,,
dravarāga,,
drava,,
draviḍadeśīya,,
draviṇoda,,
dravetara,,
dravottara,,
dravyakṛśa,,
dravyagarvita,,
dravyamaya,ī,
dravyayajña,,
dravyavācaka,,
dravyavādin,ī,
dravyahasta,,
dravya,,
dravyātmaka,,
dravyāśrita,,
draṣṭavya,,
draṣṭukāma,,
draṣṭuśakya,,
drākṣa,ī,
drāghita,,
drāghiṣṭha,,
drāvaka,,
drāvaṇabāṇa,,
drāvaṇa,,
drāvayatsakha,,
drāvayāṇa,,
drāviḍa,ī,
drāviṇodasa,ī,
drāvita,,
drāvin,ī,
drāvya,,
drāhyāyaṇīya,,
drugdha,,
druṇasa,,
drutatara,,
drutavāhana,,
drutavikrama,,
druta,,
drumamaya,ī,
drumāśraya,,
druhaṃtara,,
dreśya,,
drogdhavya,,
droṇamaya,ī,
droṇampaca,,
droṇāhāva,,
droṇyaśva,,
droṇya,,
drohapara,,
drohita,,
drohin,ī,
drauṇa,ī,
drauṇika,ī,
draupada,ī,
drauhika,,
drvanna,,
dvaṃdvaja,,
dvaṃdvabhūta,,
dvaṃdvayodhin,ī,
dvaṃdvātīta,,
dvaṃdvārāma,,
dvaṃdvin,ī,
dvaka,,
dvayavādin,ī,
dvayasa,ī,
dvayahīna,,
dvaya,ī,
dvayātiga,,
dvayātmaka,,
dvayāvin,ī,
dvara,,
dvarin,ī,
dva,,
dvāṃdvika,,
dvāḥstha,,
dvāḥsthita,,
dvācatvāriṃśa,ī,
dvātriṃśatpattra,,
dvātriṃśadakṣara,,
dvātriṃśadakṣarin,ī,
dvātriṃśadara,,
dvātriṃśallakṣaṇika,,
dvātriṃśallakṣaṇopeta,,
dvātriṃśa,ī,
dvātriṃśāra,,
dvādaśakapāla,ī,
dvādaśaka,ī,
dvādaśagṛhīta,,
dvādaśapattra,,
dvādaśapuṣkara,,
dvādaśama,ī,
dvādaśamātra,,
dvādaśamāsika,,
dvādaśarātra,,
dvādaśarca,,
dvādaśavārṣika,ī,
dvādaśavidha,,
dvādaśaśatatama,ī,
dvādaśaśatadakṣiṇa,,
dvādaśasāhasra,ī,
dvādaśa,ī,
dvādaśākāra,,
dvādaśākṣa,ī,
dvādaśāṅgula,,
dvādaśānyika,,
dvādaśābda,,
dvādaśāyoga,,
dvādaśāra,,
dvādaśāha,,
dvādaśāhika,,
dvādaśāhīya,,
dvādaśika,,
dvādaśin,ī,
dvādaśodyāma,,
dvānavata,ī,
dvāpañcāśadakṣara,,
dvāpañcāśa,ī,
dvāraka,,
dvārabandhāvaraṇa,,
dvārastha,,
dvārasthita,,
dvārābhimānin,ī,
dvārya,,
dvāviṃśatitama,ī,
dvāviṃśatiśatama,ī,
dvāviṃśatyakṣara,,
dvāviṃśa,ī,
dvāṣaṣṭa,ī,
dvāṣaṣṭitama,ī,
dvāsaptata,ī,
dvāsaptatīṣṭaka,,
dviḥsama,,
dviḥsvara,,
dvikapāla,,
dvikara,ī,
dvikarmaka,,
dvika,,
dvikāṇḍa,ī,
dvikārṣāpaṇa,,
dvikārṣāpaṇika,,
dvikubja,,
dvikulijika,ī,
dvikūbara,,
dvikoṇa,,
dvikauḍavika,,
dvikhārīka,,
dvikhura,,
dvikhurin,ī,
dvigata,,
dvigava,,
dviguṇatara,,
dviguṇa,,
dviguṇākarṇa,,
dviguṇita,,
dvigotra,,
dvicatvāriṃśa,ī,
dvicandra,,
dvicaraṇa,,
dvicātvāriṃśika,,
dvicūḍa,,
dvicchinna,,
dvijaniṣevita,,
dvijapriya,,
dvijamaya,ī,
dvijaliṅgin,ī,
dvija,,
dvijātīya,,
dvijihva,,
dviṭsevin,ī,
dvitaya,,
dvitīyaka,,
dvitīya,,
dvitīyika,,
dvitīyin,ī,
dvitīyūka,,
dvitra,,
dvitricatuṣpañcaka,,
dvidanta,,
dvidala,,
dvidaśa,,
dvidiva,,
dvidevata,,
dvidevatya,,
dvidha,,
dvidhākāra,,
dvidhāra,,
dvidhālekhya,,
dvidhāsthita,,
dvinavata,ī,
dvinavatitama,,
dvinārāśaṃsa,ī,
dviniṣka,ī,
dvinetrabhedin,ī,
dvinetra,,
dvinaiṣkika,ī,
dvipakṣa,,
dvipañcadvayasāṅgula,,
dvipañcāśattama,ī,
dvipañcāśa,ī,
dvipaṇya,,
dviparājavikrama,,
dviparārdhika,,
dviparṇa,ī,
dvipātra,ī,
dvipātrika,ī,
dvipātrīṇa,ī,
dvipādaka,,
dvipāda,,
dvipādya,,
dvipāyya,,
dvipitṛka,,
dvipuṭa,ī,
dvipauruṣa,ī,
dvipratika,ī,
dvipratiṣṭha,,
dvipratihāra,,
dvipravācana,,
dvipraiṣa,,
dvibhādra,,
dvibhuja,,
dvibhūma,,
dvibhauma,ī,
dvimantha,,
dvimaya,ī,
dvimātṛja,,
dvimātra,,
dvimāṣya,,
dvimukha,ī,
dvimūrdha,ī,
dviyaja,,
dviyajñopavītin,ī,
dviraṃsaka,,
dviradagāmin,ī,
dviradamaya,ī,
dvirada,,
dvirabhyasta,,
dvirasana,,
dvirātra,,
dvirātrīṇa,,
dvirāmuṣyāyaṇa,,
dviriḍa,,
dvirukta,,
dvirudātta,,
dvirūpa,,
dviroṣṭhya,,
dvirnagna,,
dvirvyūha,,
dvilakṣaṇa,,
dvivaktra,,
dvivarṇa,,
dvivarṣaka,ikā,
dvivarṣa,,
dvivastra,,
dvivācin,ī,
dvivārṣika,ī,
dviviṃśatikīna,,
dvividha,,
dvivivāhin,ī,
dvivista,,
dvivṛṣa,,
dviveda,,
dvivedin,ī,
dvivaistika,ī,
dvivyāma,,
dvivyāyāma,,
dvivraṇīya,,
dvivrata,,
dviśataka,,
dviśatatama,ī,
dviśata,ī,
dviśatottarasāhasra,ī,
dviśatya,,
dviśapha,,
dviśākhaka,ikā,
dviśākha,,
dviśāṇa,,
dviśāṇika,,
dviśāṇya,,
dviśāla,,
dviśikha,,
dviśiraska,,
dviśīrṣaka,,
dviśīrṣa,,
dviśukla,,
dviśūrpa,,
dviśūla,,
dviśṛṅga,,
dviśaurpika,,
dviṣaṃtapa,,
dviṣaṃhita,,
dviṣatītāpa,,
dviṣaṣṭa,ī,
dviṣaṣṭitama,ī,
dviṣa,,
dviṣāṣṭika,ī,
dviṣāhasra,ī,
dviṣūkta,,
dviṣṭa,,
dviṣṭha,,
dviṣpakva,,
dvisaṃdhya,,
dvisaṃvatsarīṇa,,
dvisaṃstha,,
dvisaṃsthita,,
dvisaptata,ī,
dvisaptatitama,ī,
dvisaptasaṃkhyāka,,
dvisama,,
dvisamīna,,
dvisahasra,,
dvisāṃvatsarika,ī,
dvisāptatika,ī,
dvisāhasra,ī,
dvisītya,,
dvisuvarṇa,,
dvisūrya,,
dvisauvarṇika,,
dvisvabhāva,,
dvisvara,,
dvihalya,,
dvihāyana,ī,
dvihīna,,
dvīndriyagrāhya,,
dvīndriya,,
dvīpin,ī,
dvīpya,,
dvīrāvatīka,,
dvedhākṛta,,
dvedhīkṛta,,
dveṣaṇa,,
dveṣaṇīya,,
dveṣastha,,
dveṣin,ī,
dveṣoyavana,,
dveṣyapāpaka,,
dveṣya,,
dvesata,,
dvaikulijika,ī,
dvaigata,,
dvaiguṇika,ī,
dvaijāta,,
dvaitavana,,
dvaitādvaitamārgaparibhraṣṭa,,
dvaitīyaka,ī,
dvaitīyīka,ī,
dvaidha,ī,
dvaidhīkṛta,,
dvaidhībhūta,,
dvaipaka,ī,
dvaipada,,
dvaipadika,ī,
dvaipa,ī,
dvaipāyana,ī,
dvaipārāyaṇika,ī,
dvaimātura,ī,
dvaimātṛka,ī,
dvaimāsya,,
dvaiyahnika,ī,
dvaiyāhāvaka,ī,
dvairatha,ī,
dvairātrika,ī,
dvaivacana,ī,
dvaivarṣika,ī,
dvaiśāṇa,ī,
dvaisamika,ī,
dvyaṃśa,,
dvyakṣa,ī,
dvyaṅgulaśṛṅga,,
dvyaṅgula,,
dvyaṇukodara,ī,
dvyardha,,
dvyavara,,
dvyaśīta,ī,
dvyaśītitama,,
dvyahavṛtta,,
dvyaha,,
dvyahīna,,
dvyācitika,ī,
dvyācitīna,ī,
dvyāḍhakika,ī,
dvyātmaka,,
dvyāmnāta,,
dvyārṣeya,,
dvyāsya,,
dvyāhāva,,
dvyāhika,ī,
dvyuktha,,
dvyudātta,,
dvyudāsa,,
dvyekāntara,,
dvyoga,,
dhanaṃjaya,,
dhanakāma,,
dhanakāmya,,
dhanagarvita,,
dhanagupta,,
dhanacyuta,,
dhanajāta,,
dhanadāyin,ī,
dhanadhānyādhika,,
dhanapriya,,
dhanamada,,
dhanamūla,,
dhanayauvanaśālin,ī,
dhanalubdha,,
dhanalobhin,ī,
dhanavarjita,,
dhanavṛddha,,
dhanasaṃcayin,ī,
dhanastha,,
dhanahara,,
dhanaharin,ī,
dhanahāraka,,
dhanahārin,ī,
dhanahārya,,
dhanahīna,,
dhanāḍhya,,
dhanādānanibandhana,,
dhanāndha,,
dhanānvita,,
dhanārgha,,
dhanārcita,,
dhanārthin,ī,
dhanika,,
dhanin,ī,
dhaniṣṭha,,
dhanuḥsaṃstha,,
dhanurākāra,,
dhanurdurga,,
dhanurdvitīya,,
dhanurvakra,,
dhanurvedapara,,
dhanurvedaparāyaṇa,,
dhanurvedin,ī,
dhanurhasta,,
dhanuṣkara,,
dhanuṣka,,
dhanaiṣin,ī,
dhanyammanya,,
dhanya,,
dhanvacara,,
dhanvaja,,
dhanvadurga,,
dhanvantarīya,,
dhanvanya,,
dhanvāyin,ī,
dhanvāvin,ī,
dhanvin,ī,
dhamana,,
dhamanisaṃtata,,
dhamanīrajjusaṃtata,,
dhamanīla,,
dhama,,
dhamita,,
dhamyamāna,,
dharaṇa,ī,
dharaṇistha,,
dharaṇīdhara,,
dharaṇīya,,
dharasaṃstha,,
dharāśaya,ī,
dharimameya,,
dharuṇahvara,,
dharuṇa,ī,
dharṇasa,,
dhartavya,,
dharmaṃdada,,
dharmakañcukapraveśin,ī,
dharmaka,,
dharmakāma,,
dharmakāmārthasaṃbaddha,,
dharmaghna,ī,
dharmacārin,ī,
dharmacintaka,,
dharmacintin,ī,
dharmaja,,
dharmajīvana,,
dharmajñatama,,
dharmajña,,
dharmadarśin,ī,
dharmada,,
dharmadrohin,ī,
dharmadhāraya,,
dharmadhurya,,
dharmadhvaja,,
dharmanitya,,
dharmanibandhin,ī,
dharmaniṣṭha,,
dharmapara,,
dharmaparāyaṇa,,
dharmapuraskāra,,
dharmapūta,,
dharmapradhāna,,
dharmaprekṣa,,
dharmabāhya,,
dharmabhagna,,
dharmabhāgin,ī,
dharmabhīruka,,
dharmamatsara,,
dharmamaya,ī,
dharmamātra,,
dharmayukta,,
dharmarata,,
dharmarājapurogama,,
dharmarodhin,ī,
dharmavatsala,,
dharmavartin,ī,
dharmavardhana,,
dharmavasuprada,,
dharmavādin,ī,
dharmavṛddha,,
dharmaśāṭapraticchanna,,
dharmaśīla,,
dharmasaṃjña,,
dharmasaṃyukta,,
dharmasaṃsṛta,,
dharmasatyavrata,,
dharmahīna,,
dharmādharmajña,,
dharmādhikārika,,
dharmādhikārin,ī,
dharmānukāṅkṣin,ī,
dharmāpeta,,
dharmāyatanika,,
dharmārthadarśin,ī,
dharmārthayukta,,
dharmārthika,,
dharmārthīya,,
dharmālīka,,
dharmāśrita,,
dharmāsanagata,,
dharmāhṛta,,
dharmin,ī,
dharmiṣṭha,,
dharmesthita,,
dharmottara,,
dharmopaghātaka,,
dharmopadha,,
dharmopeta,,
dharmya,,
dharṣaka,,
dharṣaṇa,,
dharṣaṇīya,,
dharṣita,,
dharṣin,ī,
dhavalāyita,,
dhavalita,,
dhavalīkṛta,,
dhavalībhūta,,
dhavitavya,,
dhātuka,,
dhātukuśala,,
dhātuja,,
dhātuprasakta,,
dhātumaya,ī,
dhātula,,
dhātra,ī,
dhānaṃjayya,,
dhānada,ī,
dhānapata,ī,
dhāna,,
dhānurdaṇḍika,ī,
dhānuṣka,ī,
dhānyaka,,
dhānyacārin,ī,
dhānyajīvin,ī,
dhānyatilvila,,
dhānyada,,
dhānyapata,,
dhānyamaya,ī,
dhānyamiśra,,
dhānya,,
dhānyāda,,
dhānvana,ī,
dhānvantara,,
dhānvantarīya,,
dhānvantarya,,
dhānvapata,ī,
dhānva,ī,
dhāmakeśin,ī,
dhāmamānin,ī,
dhāya,,
dhāyya,,
dhāraka,,
dhāraṇaka,,
dhāraṇa,ī,
dhāraṇātmaka,ikā,
dhāraṇānvita,,
dhāraṇāmaya,ī,
dhāraṇāyukta,,
dhāraṇīya,,
dhārapūta,,
dhāraya,,
dhārayāṇa,,
dhārayitavya,,
dhāravāka,,
dhāra,ī,
dhāra,,
dhārādhirūḍha,,
dhārāntaracara,,
dhārāla,,
dhārāvara,,
dhārāśita,,
dhārita,,
dhārin,ī,
dhāroṣṇa,,
dhārtarājñaka,,
dhārtarāṣṭra,ī,
dhārmapata,ī,
dhārmavidya,,
dhārma,ī,
dhārmika,ī,
dhārmuka,,
dhāryamāṇa,,
dhārya,,
dhārṣṭaka,ī,
dhārṣṭa,ī,
dhārṣṇaka,,
dhāvaka,,
dhāvana,,
dhāvamāna,,
dhāva,,
dhāvita,,
dhāvin,ī,
dhikkṛta,,
dhita,,
dhitsya,,
dhiyaṃjinva,,
dhiyasāna,,
dhiṣaṇa,,
dhiṣaṇya,,
dhiṣṇīya,,
dhiṣṇya,,
dhījavana,,
dhītarasa,,
dhīta,,
dhīraṇa,,
dhīrapraśāntasvara,,
dhīrapraśānta,,
dhīralalita,,
dhīraśānta,,
dhīrasattva,,
dhīra,ī,
dhīrodātta,,
dhīroddhata,,
dhīrya,,
dhutapāpa,,
dhuta,,
dhuna,,
dhunāna,,
dhunivrata,,
dhunvāna,,
dhuraṃdhara,,
dhura,,
dhurāvaha,,
dhurīṇa,,
dhurīya,,
dhurya,,
dhuryetara,,
dhuvakin,ī,
dhuvakila,,
dhūtakalmaṣa,,
dhūtapāpa,,
dhūta,,
dhūna,,
dhūpadhūpita,,
dhūpanadhūpita,,
dhūpayitavya,,
dhūpāyita,,
dhūpita,,
dhūpin,ī,
dhūpya,,
dhūmaka,,
dhūmatānta,,
dhūmadarśin,ī,
dhūmadhūmra,,
dhūmapa,,
dhūmaprāśa,,
dhūmamaya,ī,
dhūmarakta,,
dhūmala,,
dhūmākāra,,
dhūmākṣa,ī,
dhūmābha,,
dhūmita,,
dhūmin,ī,
dhūmopahata,,
dhūmrajaṭila,,
dhūmranīkāśa,,
dhūmrarohita,,
dhūmralalāma,,
dhūmralohita,,
dhūmravarṇa,,
dhūmrasaṃraktalocana,,
dhūmrākṣa,ī,
dhūrgata,,
dhūrgṛhīta,,
dhūrtaka,,
dhūrta,,
dhūrdhara,,
dhūrvaha,,
dhūlita,,
dhūlidhūmra,,
dhūlimaya,ī,
dhūlīmaya,ī,
dhūsarita,,
dhṛtakanakamāla,,
dhṛtacāpa,,
dhṛtadakṣa,,
dhṛtadaṇḍa,,
dhṛtadvaidhībhāva,,
dhṛtaniścaya,,
dhṛtapaṭa,,
dhṛtapūrva,,
dhṛtapraja,,
dhṛtavrata,,
dhṛtaśarīra,,
dhṛtasaṃkalpa,,
dhṛta,,
dhṛtātapatra,,
dhṛtigṛhīta,,
dhṛtimaya,ī,
dhṛtotseka,,
dhṛṣadvarṇa,,
dhṛṣadvin,ī,
dhṛṣita,,
dhṛṣṭatama,,
dhṛṣṭaparākrama,,
dhṛṣṭamānin,ī,
dhṛṣṭavādin,ī,
dhṛṣṭa,,
dhṛṣṇuṣeṇa,,
dhṛṣya,,
dhenudakṣiṇa,,
dhenuṣyita,,
dheya,,
dheṣṭha,,
dhairyakalita,,
dhairyadhara,,
dhairyayukta,,
dhaivara,ī,
dhautaka,,
dhautadanta,,
dhautamūla,,
dhauta,,
dhautāpāṅga,,
dhaundhumāra,ī,
dhaumīya,,
dhaureya,ī,
dhaurjaṭa,ī,
dhaurtika,ī,
dhma,,
dhmātavya,,
dhmāta,,
dhmāpita,,
dhmāyamāna,,
dhyātamātra,,
dhyātamātrāgata,,
dhyātamātropagāmin,ī,
dhyātamātropanata,,
dhyātamātropasthita,,
dhyātavya,,
dhyāta,,
dhyānagamya,,
dhyānatatpara,,
dhyānadhīra,,
dhyānanitya,,
dhyānaniṣṭha,,
dhyānapara,,
dhyānapūta,,
dhyānamaya,ī,
dhyānayogin,ī,
dhyānastimitalocana,,
dhyānastha,,
dhyānasthita,,
dhyānika,,
dhyānin,ī,
dhyānīya,,
dhyāmala,,
dhyāma,,
dhyāmīkṛta,,
dhyāyamāna,,
dhyāyin,ī,
dhyuṣita,,
dhyeya,,
dhra,ī,
dhriyamāṇa,,
dhruvakin,ī,
dhruvakila,,
dhruvakṣema,,
dhruvaśīla,,
dhrauva,ī,
dhrauvya,,
dhvaṃsaka,,
dhvaṃsakārin,ī,
dhvaṃsana,,
dhvaṃsita,,
dhvaṃsin,ī,
dhvajadruma,,
dhvajapatākin,ī,
dhvajarājin,ī,
dhvajahṛta,,
dhvajāhṛta,,
dhvajin,ī,
dhvanita,,
dhvanyātmaka,,
dhvasira,,
dhvastakamala,,
dhvastamūrdhaja,,
dhvastarajaḥsattvatamomala,,
dhvasta,,
dhvastākṣa,ī,
dhvasra,,
dhvānita,,
dhvānta,,
naṃṣṭavya,,
nakiṃcana,,
nakutaścidbhaya,,
nakula,,
naktaṃcara,ī,
naktaṃcārin,ī,
naktacārin,ī,
naktabhojin,ī,
naktamprabhava,,
naktambhāga,,
naktambhogin,ī,
naktāndha,,
naktāśin,ī,
nakṣatradevata,,
nakṣatrapūjita,,
nakṣatrayājaka,,
nakṣatrayogin,ī,
nakṣatrāśraya,,
nakṣatriya,,
nakṣaddābha,,
nakṣya,,
nakhakhādin,ī,
nakhacchedya,,
nakhanirbhinna,,
nakhabhinna,,
nakhara,,
nakhaviṣa,,
nakhāyudha,,
nakhāvapūta,,
nakhin,ī,
nagaja,,
nagaragāmin,ī,
nagarabāhya,,
nagaramālin,ī,
nagaravāsin,ī,
nagarasammita,,
nagarīya,,
nagāśraya,,
nagnaṃkaraṇa,ī,
nagnaka,ikā,
nagnakṣapaṇaka,,
nagnamuṣita,,
nagnavratadhara,,
nagnīkṛta,,
nacira,,
naṭanīya,,
naṭita,,
naḍakīya,,
naḍaprāya,,
naḍabhakta,,
naḍamaya,ī,
naḍasa,,
naḍaha,,
naḍila,,
natakaṃdhara,,
natanāsika,,
natamukha,ī,
nata,,
natāgranāsa,,
natāṅga,ī,
natodara,,
natonnatabhūmibhāga,,
natonnata,,
nadadhra,,
nadana,,
nadara,,
nadīja,,
nadījña,,
nadītara,,
nadīna,,
nadīmātṛka,,
nadīṣṇa,,
nadūṣita,,
nadṛśya,,
naddhavya,,
naddha,,
nadyambujīvana,,
nadhita,,
nantavya,,
nantva,,
nandaka,,
nandanta,ī,
nandayanta,ī,
nandikara,,
nandika,,
nandināgaraka,,
nandin,ī,
nandivardhana,,
nandivivardhana,,
nannamyamāna,,
napātka,,
napuṃsakaliṅga,,
nabhaḥśabdamaya,ī,
nabhaḥsthala,,
nabhaḥstha,,
nabhaḥsthita,,
nabhanya,,
nabhaścara,ī,
nabhaścyuta,,
nabhasa,,
nabhasmaya,ī,
nabhasya,,
nabhīta,,
nabhorūpa,,
nabhyastha,,
nabhya,,
namana,,
namanīya,,
namayitavya,,
namasa,,
namasāna,,
namasita,,
namaskārya,,
namasya,,
namasyita,,
namasvin,ī,
namita,,
namṛta,,
namovṛdha,,
namya,,
namraka,,
namranāsika,,
namramukha,ī,
namrāṅga,ī,
namrita,,
nayaka,,
nayakovida,,
nayaga,,
nayajña,,
nayanagocara,,
nayaviśārada,,
nayavedin,ī,
nayaśālin,ī,
naya,,
nayitavya,,
nayyagrodha,ī,
narakarūpin,ī,
narakastha,,
naradika,,
naradurācara,,
narapriya,,
narammanya,,
nararūpa,ī,
naravāhanadattacaritamaya,ī,
naravāhanadattīya,,
naravāhin,ī,
narāṅga,ī,
nartaka,,
narta,,
nartitabhrūlata,,
nartitamayūra,,
nartita,,
nartin,ī,
nardanīya,,
nardabuda,,
narda,,
nardita,,
nardin,ī,
narmagarbha,,
narmada,,
narmayukta,,
narmasaṃyukta,,
narmaikasodara,,
narya,,
nalada,,
naladika,ī,
nalinīka,,
nalinīdalamaya,ī,
naliptāṅga,,
nalīya,,
nalvavartmaga,,
navakapāla,,
navakarmika,,
navaka,ikā,
navaka,,
navakālaka,ikā,
navaguṇita,,
navagraha,,
navacatvāriṃśa,ī,
navaja,,
navajāta,,
navatara,,
navatardma,,
navata,ī,
navatāntava,ī,
navatitama,ī,
navadaśa,ī,
navadāvya,,
navadvāra,,
navanavatitama,ī,
navanava,,
navanītamaya,ī,
navanītasama,,
navapañcāśa,ī,
navabaddha,,
navamaka,,
navama,ī,
navama,,
navamukha,ī,
navaraṅgakula,,
navarasa,,
navarca,,
navavārṣikadeśīya,,
navavārṣika,,
navaviṃśa,ī,
navavitṛṇṇa,,
navavidha,,
navavṛṣa,,
navavrata,,
navaśatatama,ī,
navaṣaṭka,,
navaṣaṣṭitama,ī,
navasaptatitama,ī,
navasāhasra,ī,
navāgata,,
navātmaka,,
navārṇava,,
navāśītitama,ī,
navāśra,,
navidya,,
navin,ī,
naviṣṭha,,
navīya,,
navetara,,
naveda,,
navotthāna,,
navodaya,,
navodita,,
navya,,
naśubha,,
naśeṣa,,
naśvara,ī,
naṣṭakāryārtha,,
naṣṭakriya,,
naṣṭacetana,,
naṣṭanidra,,
naṣṭapiṣṭa,,
naṣṭabīja,,
naṣṭarūpa,,
naṣṭaviṣa,,
naṣṭavedana,ī,
naṣṭahīnavikalavikṛtasvara,,
naṣṭa,,
naṣṭārtha,,
naṣṭāśaṅka,,
naṣṭendriya,,
naṣṭaiṣa,,
naṣṭaiṣin,ī,
naṣṭobhayaloka,,
nastita,,
nastota,,
nasya,,
nasyita,,
nasyota,,
nahuṣya,,
na,,
nākacara,,
nākapriṣṭhya,,
nāka,,
nākulaka,,
nākula,ī,
nākṣatra,ī,
nākṣatrika,ī,
nāgakuṇḍalakuṇḍalin,ī,
nāgadatta,,
nāgadantamaya,ī,
nāgadevīya,,
nāgamaya,ī,
nāgamauñjin,ī,
nāgayajñopavītin,ī,
nāgaraka,ikā,
nāgara,ī,
nāgarika,,
nāgareyaka,,
nāgasambhūta,,
nāgārūḍha,,
nāgin,ī,
nāgopavītin,ī,
nāgnidūṣita,,
nāciketa,ī,
nāṭaka,ī,
nāṭakīya,,
nāṭayitavya,,
nāṭin,ī,
nāṭyadhara,,
nāṭyapriya,,
nāṭyocita,,
nāḍāyanaka,,
nāḍiṃdhama,,
nāḍiṃdhaya,,
nāḍika,,
nāḍīka,,
nātānatika,,
nātikalyāṇa,,
nātikṛcchra,,
nātikovida,,
nātigādha,,
nāticira,,
nāticchina,,
nātijalpaka,,
nātitīvra,,
nātidīrgha,,
nātidūraga,,
nātidūranirīkṣin,ī,
nātidūravartin,ī,
nātidūrasthita,,
nātidūra,,
nātidoṣala,,
nātidrava,,
nātidhanin,ī,
nātinirbhagna,,
nātinīca,,
nātiparikara,,
nātiparisphuṭa,,
nātiparyāpta,,
nātipuṣṭa,,
nātiprakupita,,
nātiprasiddha,,
nātiprīta,,
nātibhārika,,
nātibhinna,,
nātibhogin,ī,
nātimānin,ī,
nātiramaṇīya,,
nātirūḍha,,
nātirūpa,,
nātilaghuvipula,,
nātilampaṭa,,
nātilalita,,
nātilomaśa,,
nātivatsala,,
nātivātala,,
nātivilambita,,
nātivilambin,ī,
nātivistārasaṃkaṭa,,
nātivṛtta,,
nātivṛddha,,
nātivyakta,,
nātivyasta,,
nātiśītoṣṇa,,
nātiśobhita,,
nātiśrānta,,
nātiśliṣṭa,,
nātisāndra,,
nātisvalpa,,
nātisvastha,,
nātihṛṣṭa,,
nātyantadūra,,
nātyapacita,,
nātyākīrṇa,,
nātyādṛta,,
nātyucca,,
nātyucchrita,,
nātyupapanna,,
nātyupasaṃhṛta,,
nāthakāma,,
nāthamāna,,
nāthahāra,,
nāthita,,
nāthin,ī,
nādita,,
nādin,ī,
nādeya,ī,
nādeya,,
nādya,,
nādhīta,,
nānardamāna,,
nānākāra,,
nānājātīya,,
nānātantra,,
nānātyaya,,
nānādevata,,
nānādevatya,,
nānādeśīya,,
nānādeśya,,
nānādhātusamākīrṇa,,
nānādhiṣṇya,,
nānānarghamahāratnamaya,ī,
nānāpakṣigaṇākīrṇa,,
nānāpadīya,,
nānāprakāra,,
nānāprastāva,,
nānāphalamaya,ī,
nānābhūta,,
nānārasa,,
nānārūpasamutthāna,,
nānārūpa,,
nānārtha,,
nānāliṅga,,
nānāvastha,,
nānāvidha,,
nānāviśya,,
nānāvṛkṣīya,,
nānāvṛttamaya,ī,
nānāvrata,,
nānāśāstrīya,,
nānāśraya,,
nānāsaṃvāsika,,
nānāsamutthāna,,
nānurakta,,
nānolba,,
nānauṣadha,,
nāntarīyaka,,
nānda,ī,
nāndīpuraka,,
nāndīmukha,ī,
nāpitavāstuka,ī,
nābhasa,ī,
nābha,,
nābhāka,ī,
nābhānediṣṭha,,
nābhika,,
nābhijāta,,
nābhimātra,ī,
nābhilakṣita,,
nābhila,,
nābhya,,
nāmaka,ikā,
nāmatika,ī,
nāmadhāraka,,
nāmadhārin,ī,
nāmana,,
nāmapūrva,,
nāmabibhratin,ī,
nāmamātra,,
nāmamātrāvaśeṣita,,
nāmarūpātmaka,,
nāmavarjita,,
nāmavācaka,ikā,
nāmavivarjita,,
nāmaśeṣa,,
nāmākhyātika,,
nāmāṅkaśobhita,,
nāmāṅka,,
nāmika,,
nāmita,,
nāmin,ī,
nāmba,ī,
nāmya,,
nāyana,ī,
nāyin,ī,
nāraka,ī,
nārakika,ī,
nārakikin,ī,
nārakikīya,,
nārada,ī,
nāradīya,,
nārasiṃha,ī,
nāra,ī,
nārāyaṇamaya,ī,
nārāyaṇa,ī,
nārāyaṇīya,,
nārāśaṃsa,ī,
nārika,ī,
nārīka,,
nārīnātha,,
nārīparāyaṇa,,
nārīmaya,ī,
nārīṣṭha,,
nāruṃtuda,,
nārkuṭa,ī,
nārtika,ī,
nārpatya,,
nārmada,ī,
nālaka,,
nāla,,
nālāyita,,
nālika,,
nālya,,
nāvanīta,ī,
nāvanīya,,
nāvamika,ī,
nāvayajñika,,
nāvākāra,,
nāvika,ī,
nāśaka,ikā,
nāśanakara,ī,
nāśana,ī,
nāśita,,
nāśin,ī,
nāśya,,
nāṣṭika,ī,
nāsatya,,
nāsāntika,,
nāsikaṃdhama,,
nāsikaṃdhaya,,
nāstika,ī,
nāhuṣa,ī,
niṃsin,ī,
niḥkṣatra,,
niḥkṣatriya,,
niḥkṣipta,,
niḥśaṅkasupta,,
niḥśabdaniścala,,
niḥśabdasaṃvṛtta,,
niḥśabdastimita,,
niḥśayāna,,
niḥśarkara,,
niḥśalāka,,
niḥśalkaka,,
niḥśalka,,
niḥśalya,,
niḥśastra,,
niḥśākha,,
niḥśukra,,
niḥśūka,,
niḥśūnya,,
niḥśeṣabhagna,,
niḥśeṣamuṣita,,
niḥśeṣita,,
niḥśoka,,
niḥśodhya,,
niḥśrīka,,
niḥśreyasakara,,
niḥśreyasa,ī,
niḥśvasita,,
niḥṣikta,,
niḥṣupta,,
niḥṣṭhita,,
niḥsaṃkakṣa,,
niḥsaṃkalpa,,
niḥsaṃkṣobha,,
niḥsaṃkhya,,
niḥsaṃcāra,,
niḥsaṃjña,,
niḥsaṃtāna,,
niḥsaṃdigdha,,
niḥsaṃśaya,,
niḥsaṃskāra,,
niḥsaṅga,,
niḥsaciva,,
niḥsattva,,
niḥsatya,,
niḥsampāta,,
niḥsambandha,,
niḥsambādha,,
niḥsambhrama,,
niḥsara,,
niḥsarpa,,
niḥsalila,,
niḥsahāya,,
niḥsādhāra,,
niḥsāmarthya,,
niḥsāmānya,,
niḥsārita,,
niḥsārya,,
niḥsukha,,
niḥsuvarṇaka,,
niḥsūtra,,
niḥsṛta,,
niḥsomaka,,
niḥstambha,,
niḥstṛta,,
niḥspanda,,
niḥsparśagātra,,
niḥsparśa,,
niḥsphura,,
niḥsruta,,
niḥsvana,,
niḥsvabhāva,,
niḥsva,,
niḥsvādhyāyavaṣaṭkāra,,
niḥsvīkṛta,,
niḥsvībhūta,,
nikaṭaga,,
nikaṭavartin,ī,
nikaṭastha,,
nikaṭībhūta,,
nikathitin,ī,
nikartana,,
nikartavya,,
nikaṣāyamāna,,
nikāmakāma,,
nikāmajala,,
nikāmatapta,,
nikāmadharaṇa,,
nikāmaniraṅkuśa,,
nikāmavarṣa,,
nikāmavarṣin,ī,
nikāmasukhin,ī,
nikāma,,
nikāyāntarīya,,
nikāśa,,
nikuñcita,,
nikubja,,
nikūjita,,
nikūṇita,,
nikūla,,
nikṛtaprajña,,
nikṛta,,
nikṛtijīvana,,
nikṛtin,ī,
nikṛtiprajña,,
nikṛttamūla,,
nikṛtta,,
nikṛntana,ī,
nikṛntin,ī,
nikṛṣṭabhūta,,
nikṛṣṭa,,
nikṛṣṭāśaya,,
niktahasta,,
nikta,,
nikrandita,,
nikṣatriya,,
nikṣa,,
nikṣiptabhāra,,
nikṣiptavāda,,
nikṣipta,,
nikṣepita,,
nikṣepin,ī,
nikṣepya,,
nikhara,,
nikharva,,
nikhātaka,,
nikhāta,,
nikhānita,,
nikheya,,
nigaḍa,,
nigaḍita,,
nigadavyākhyāta,,
nigadita,,
nigaditin,ī,
nigantavya,,
nigamajña,,
nigamin,ī,
niga,,
nigādin,ī,
nigādya,,
nigāraka,,
nigālaka,,
nigīta,,
nigīrṇa,,
nigūḍhakārya,,
nigūḍhacārin,ī,
nigūḍhatara,,
nigūḍhaniścaya,,
nigūḍha,,
nigūḍhārtha,,
nigūhaka,,
nigūhanīya,,
nigṛhīta,,
nigṛhya,,
nigrahaṇa,,
nigrahītavya,,
nigrābhya,,
nigrāhaka,,
nigrāhya,,
nigha,,
nighātin,ī,
nighānigha,,
nighṛṣṭa,,
nighṛṣva,,
nighnaka,,
nighnamāna,,
nighnāna,,
nicayaka,,
nicayin,ī,
nicayodarin,ī,
nicita,,
nicira,,
niculita,,
niceya,,
nijakarmabandhana,,
nijamukta,,
nijalābhapūrṇa,,
nijihvika,,
niṭilataṭacumbita,,
niṇya,,
nitambaprabhava,,
nitambabimba,,
nitambamaya,ī,
nitambin,ī,
nitara,,
nitāntakathiṇa,,
nitāntarakta,,
nitāntavṛkṣīya,,
nitānta,,
nitāntīya,,
nitikta,,
nitodin,ī,
nitośana,,
nityajāta,,
nityadhṛta,,
nityanarta,,
nityapramudita,,
nityabhaktika,,
nityamaya,ī,
nityamukta,,
nityayukta,,
nityayauvana,,
nityavyaya,,
nityaśaṅkita,,
nityaśatrughna,,
nityaśaya,,
nityasaṃhṛṣṭa,,
nityasiddha,,
nityasevaka,,
nityastotra,,
nityastha,,
nityasnāyin,ī,
nityasvādhyāyin,ī,
nityānitya,,
nityānugṛhīta,,
nityānubaddha,,
nityodaka,,
nityodakin,ī,
nityodita,,
nidaṇḍa,,
nidatta,,
nidarśaka,,
nidarśana,ī,
nidarśayitavya,,
nidarśita,,
nidarśin,ī,
nidāghavārṣika,,
nidāna,,
nidānārthakara,,
nidigdha,,
nidita,,
nididhyāsitavya,,
nidiṣṭa,,
nideśakārin,ī,
nideśavartin,ī,
nideśin,ī,
nideśya,,
nidyamāna,,
nidrākara,,
nidrāṇa,,
nidrātura,,
nidrādaridra,,
nidrāntarita,,
nidrāndha,,
nidrābhibhūta,,
nidrāmaya,ī,
nidrāmudrita,,
nidrāyamāṇa,,
nidrāvaśa,,
nidrita,,
nidhanakārin,ī,
nidhanakṛta,,
nidhanabhūta,,
nidhana,,
nidhātavya,,
nidhānaka,,
nidhāna,,
nidhānya,,
nidhāraya,,
nidhimaya,ī,
nidheya,,
nidhyarthin,ī,
nidhyāta,,
ninaddha,,
ninādita,,
ninādin,ī,
ninṛtta,,
nindaka,,
nindatala,,
nindanīya,,
nindita,,
nindin,ī,
nindyaveśa,,
nindya,,
nipaka,,
nipaṭhitin,ī,
nipatita,,
nipa,,
nipātana,,
nipātanīya,,
nipātita,,
nipātin,ī,
nipātyamāna,,
nipātya,,
nipāraka,,
nipiṣṭa,,
nipīḍita,,
nipītakusuma,,
nipītatoya,,
nipītasāra,,
nipīta,,
nipīyamāna,,
nipuṇatara,,
nipūta,,
nipūrta,,
nipṛta,,
nibaddhavya,,
nibaddha,,
nibandhaka,,
nibandhana,ī,
nibandhanīya,,
nibandhita,,
nibandhin,ī,
nibarhaṇa,,
nibarhita,,
nibāḍha,,
nibāłha,,
nibiḍita,,
nibirīśa,,
nibusīkṛta,,
niboddhavya,,
nibhūta,,
nibhṛtasthita,,
nibhṛta,,
nibhṛtāgata,,
nibhṛtācāra,,
nibhṛtārtha,,
nibhṛtordhvakarṇa,,
nimagnaka,,
nimagna,,
nimajjana,ī,
nimajjita,,
nimantrita,,
nimantrya,,
nimātavya,,
nimita,,
nimittaka,,
nimittajña,,
nimittanimittin,ī,
nimittabhūta,,
nimittavedhin,ī,
nimittāyamāna,,
nimittāvekṣa,,
nimittin,ī,
nimiślatama,,
nimīlaka,ikā,
nimīlitanakṣatra,,
nimīlitamukha,ī,
nimīlita,,
nimīlitākṣa,ī,
nimīlin,ī,
nimuṣṭika,,
nimeya,,
nimeṣaṇa,ī,
nimnagata,,
nimnapravaṇa,,
nimnalalāṭa,,
nimnābhimukha,,
nimnita,,
nimnonnata,,
niyatakāla,,
niyatabhojana,,
niyatamānasa,,
niyatamaithuna,,
niyatavibhaktika,,
niyataviṣayavartin,ī,
niyatavrata,,
niyata,,
niyatānupūrvya,,
niyatāśin,ī,
niyatāhāra,,
niyatendriya,,
niyantavya,,
niyantrita,,
niyamana,,
niyamapara,,
niyamita,,
niyamya,,
niyayin,ī,
niyāmaka,ikā,
niyuktaka,,
niyukta,,
niyuta,,
niyutvatīya,,
niyuddhakuśala,,
niyuddhaśīla,,
niyudratha,,
niyoktavya,,
niyogasaṃsthita,,
niyogastha,,
niyogin,ī,
niyojaka,,
niyojanīya,,
niyojayitavya,,
niyojita,,
niyojya,,
niraṃśa,,
niraṃsaka,,
nirakṣara,,
nirakṣa,,
niragnika,,
niragraka,,
niragra,,
niraṅkuśa,,
niraṅgula,,
niraṅguṣṭha,,
nirajina,,
nirata,,
niratiśaya,,
niratīcāra,,
niradhiṣṭhāna,,
niradhva,,
niranukrośakārin,ī,
niranukrośayukta,,
niranuga,,
niranugraha,,
niranunāsika,,
niranubandhaka,,
niranubandha,,
niranumāna,,
niranuyojya,,
niranurodha,,
niranuśaya,,
nirantaragṛhavāsin,ī,
nirantaraviśeṣa,,
nirantaraśarīra,,
nirantarāla,,
nirantarodbhinna,,
niranna,,
niranvaya,,
nirapakrama,,
nirapatya,,
nirapavartana,,
nirapavarta,,
nirapavāda,,
nirapahnava,,
nirapa,,
nirapāya,,
nirapekṣita,,
nirapekṣin,ī,
nirapekṣya,,
nirabhiprāya,,
nirabhibhava,,
nirabhimāna,,
nirabhilapya,,
nirabhilāṣa,,
nirabhisaṃdhin,ī,
nirabhīmāna,,
nirabhyaṅga,,
nirabhra,,
niramaṇa,,
niramarṣa,,
niramitra,,
nirargala,,
nirarthaka,ikā,
niralaṃkāra,,
niravagraha,,
niravatta,,
niravayava,,
niravarodha,,
niravalamba,,
niravaśeṣa,,
niravasita,,
niravaskṛta,,
niravastāra,,
nirava,,
niraśana,,
niraśva,,
nirasana,ī,
nirasanīya,,
nirastabheda,,
nirastarāga,,
nirastasaṃkhya,,
nirasta,,
nirastra,,
nirasya,,
nirahaṃkāra,,
nirahaṃkārin,ī,
nirahaṃkṛta,,
nirahaṃkriya,,
nirahaṃstambha,,
nirahammāna,,
nirākaraṇīya,,
nirākartavya,,
nirākāṅkṣa,,
nirākāra,,
nirākāśa,,
nirākula,,
nirākṛtanimeṣa,,
nirākṛta,,
nirākṛtānyottara,,
nirākṛtin,ī,
nirākrośa,,
nirāgama,,
nirāga,,
nirāgāra,,
nirāgraha,,
nirācāra,,
nirāḍambarasundara,,
nirāḍambara,,
nirāṇaddha,,
nirātapatra,,
nirātithya,,
nirātmaka,,
nirādara,,
nirādāna,,
nirādiṣṭa,,
nirādhāna,,
nirādhāra,,
nirānandakara,ī,
nirāntra,,
nirābādhakara,,
nirābhāsa,,
nirāmaya,,
nirāmin,ī,
nirāmiṣa,,
nirāmiṣāśin,ī,
nirāyatapūrvakāya,,
nirāyata,,
nirāya,,
nirāyāsa,,
nirāyudha,,
nirārambha,,
nirālambana,,
nirālamba,,
nirālasya,,
nirālāpa,,
nirāloka,,
nirāvaraṇa,,
nirāvarṣa,,
nirāśakara,,
nirāśaka,,
nirāśaṅkya,,
nirāśaya,,
nirāśāsanna,,
nirāśin,ī,
nirāśībhūta,,
nirāśramapada,,
nirāśrama,,
nirāśraya,,
nirāsaka,,
nirāsaṅga,,
nirāspada,,
nirāsrava,,
nirāsvādarasa,,
nirāsvāda,,
nirāsvādyatama,,
nirāsvādya,,
niriṅga,,
niriccha,,
nirindhana,,
nirīkṣaka,,
nirīkṣaṇa,,
nirīkṣitavya,,
nirīkṣin,ī,
nirīkṣyamāṇa,,
nirīkṣya,,
nirīśvaravādin,ī,
nirīśvara,,
nirīṣa,,
nirīha,,
nirukta,,
nirucchvāsanipīḍita,,
niruja,,
niruta,,
nirutkaṇṭha,,
niruttara,,
niruttha,,
nirutsava,,
nirutsavārambha,,
nirutsuka,,
nirudaka,,
nirudara,,
niruddrāva,,
niruddhakaṇṭha,,
niruddha,,
nirudyama,,
nirudyoga,,
nirudvigna,,
nirudvega,,
nirundhāna,,
nirunmāda,,
nirupakārin,ī,
nirupakrama,,
nirupakriya,,
nirupadrava,,
nirupadhijīvana,,
nirupadhipālitaprakṛtika,,
nirupadhiśeṣa,,
nirupapada,,
nirupaplava,,
nirupabhoga,,
nirupayoga,,
nirupala,,
nirupalepa,,
nirupasarga,,
nirupasṛṣṭa,,
nirupaskṛta,,
nirupasthāyaka,,
nirupahata,,
nirupahita,,
nirupādāna,,
nirupādhika,,
nirupāya,,
nirupekṣa,,
nirupya,,
niruṣṇīṣa,,
nirūḍhamūla,,
nirūḍha,,
nirūpaka,,
nirūpaṇa,,
nirūpaṇīya,,
nirūpayitavya,,
nirūpita,,
nirūpya,,
nirūha,,
nirūhita,,
nirṛṇa,,
nirṛṇin,ī,
nirṛta,,
nirṛtigṛhīta,,
nireka,,
nirebha,,
niroddhavya,,
nirodhaka,,
nirodhana,,
nirodhin,ī,
nirauṣadha,,
nirgataviśaṅka,,
nirgata,,
nirgandha,,
nirgarbha,,
nirgarva,,
nirgalita,,
nirgavākṣa,,
nirgahana,,
nirgīrṇa,,
nirguṇaka,,
nirguṇamānasa,,
nirguṇātmaka,,
nirgulika,,
nirgṛha,ī,
nirgranthaka,,
nirgrantha,,
nirgranthika,,
nirgrāhya,,
nirgharṣaṇaka,,
nirghātakara,,
nirghātaduḥsaha,,
nirghātya,,
nirghuṣṭa,,
nirjara,,
nirjarjalpa,,
nirjalatoyadābha,,
nirjāḍya,,
nirjāta,,
nirjālmaka,,
nirjijñāsa,,
nirjita,,
nirjitārigaṇa,,
nirjitendriyagrāma,,
nirjitendriya,,
nirjihva,,
nirjīvita,,
nirjuṣṭa,,
nirjvara,,
nirjhāṭita,,
nirṇatatama,,
nirṇata,,
nirṇatodara,,
nirṇāyaka,,
nirṇiktabāhuvalaya,,
nirṇikta,,
nirṇīta,,
nirṇeya,,
nirdaṃśin,ī,
nirdagdha,,
nirdaṭa,,
nirdaḍa,,
nirdaṇḍa,,
nirdanta,,
nirdaravāsin,ī,
nirdara,,
nirdaśana,,
nirdaśanākṣijihva,,
nirdaśa,,
nirdahana,ī,
nirdahana,,
nirdākṣiṇya,,
nirdārita,,
nirdāridrya,,
nirdāha,,
nirdāhuka,,
nirdigdha,,
nirdiṣṭa,,
nirduḥkha,,
nirdugdha,,
nirdurdina,,
nirdeva,,
nirdeśaka,,
nirdeśakārin,ī,
nirdeśanīya,,
nirdeśya,,
nirdainya,,
nirdoṣīkṛta,,
nirdravya,,
nirdruma,,
nirdroha,,
nirdvaṃdva,,
nirdhana,,
nirdharma,,
nirdharmārtha,,
nirdhāraṇīya,,
nirdhāritavya,,
nirdhārita,,
nirdhārtarāṣṭra,,
nirdhārya,,
nirdhūtapāpa,,
nirdhūta,,
nirdhūma,,
nirdhyāta,,
nirnara,,
nirnaṣṭa,,
nirnāṇaka,,
nirnātha,,
nirnāyaka,,
nirnāśana,,
nirnāśin,ī,
nirnidra,,
nirnimittakṛta,,
nirnimitta,,
nirnimeṣa,,
nirnīḍa,,
nirbaddha,,
nirbandhapṛṣṭa,,
nirbandhin,ī,
nirbarha,,
nirbala,,
nirbāṇa,,
nirbādha,,
nirbādhin,ī,
nirbādhya,,
nirbīja,,
nirbusa,,
nirbusīkṛta,,
nirbhakta,,
nirbhagna,,
nirbhajyamāna,,
nirbhaṭa,,
nirbhartsanadaṇḍamohita,,
nirbhartsita,,
nirbhāga,,
nirbhāgya,,
nirbhājya,,
nirbhāta,,
nirbhāsita,,
nirbhinna,,
nirbhīka,,
nirbhīta,,
nirbhugna,,
nirbhedin,ī,
nirbhedya,,
nirbhoga,,
nirmakṣika,,
nirmagna,,
nirmajja,,
nirmaṇḍūka,,
nirmatsara,,
nirmatsya,,
nirmathita,,
nirmathya,,
nirmada,,
nirmadhya,,
nirmanaska,,
nirmanuja,,
nirmanuṣyamṛga,,
nirmantra,,
nirmanthya,,
nirmamatva,,
nirmaryāda,,
nirmalagada,,
nirmalīkṛta,,
nirmalīmasa,,
nirmaśaka,,
nirmāṃsa,,
nirmāta,,
nirmāthin,ī,
nirmāna,,
nirmāya,,
nirmārga,,
nirmārguka,,
nirmārjanīya,,
nirmālya,,
nirmitarāga,,
nirmita,,
nirmithya,,
nirmuktakalmaṣa,,
nirmuktadeha,,
nirmuktasaṅga,,
nirmukta,,
nirmuda,,
nirmūla,,
nirmūṣaka,,
nirmṛga,,
nirmṛṣṭa,,
nirmedha,,
nirmocaka,,
nirmoha,,
niryatna,,
niryantraṇapradeśāvasthita,,
niryantraṇa,,
niryaśaska,,
niryāṇahasta,,
niryāṇika,,
niryātaka,,
niryāta,,
niryātita,,
niryātya,,
niryādava,,
niryāpita,,
niryāsika,,
niryukta,,
niryuktika,,
niryūtha,,
niryogakṣema,,
nirlakṣya,,
nirlavaṇa,,
nirliṅga,,
nirluṭhita,,
nirluṇṭhita,,
nirlūna,,
nirlepa,,
nirlopāpahāraka,,
nirlobha,,
nirloma,,
nirvaṃśa,,
nirvaktavya,,
nirvacana,,
nirvaṇa,,
nirvatsaśiśupuṃgava,,
nirvana,,
nirvapaṇa,,
nirvapaṇīya,,
nirvaptavya,,
nirvara,,
nirvarṇanīya,,
nirvartaka,,
nirvartitavya,,
nirvartin,ī,
nirvartya,,
nirvalkala,,
nirvaśa,,
nirvaṣaṭkāramaṅgala,,
nirvastra,,
nirvācya,,
nirvāṇada,,
nirvāṇabhūyiṣṭha,,
nirvāṇamaya,ī,
nirvāṇalakṣaṇa,,
nirvāṇa,,
nirvātastha,,
nirvāta,,
nirvānara,,
nirvānta,,
nirvāpaka,,
nirvāpaṇa,,
nirvāpita,,
nirvāpya,,
nirvāyasa,,
nirvārita,,
nirvāsana,,
nirvāsanīya,,
nirvāsita,,
nirvāsya,,
nirvāhaka,ikā,
nirvāhaṇa,,
nirvāhin,ī,
nirvāhya,,
nirvikalpaka,,
nirvikalpa,,
nirvikāra,,
nirvikāsa,,
nirviceṣṭa,,
nirviṇṇa,,
nirvitarka,,
nirviddha,,
nirvidya,,
nirvidhitsa,,
nirvinoda,,
nirvibandha,,
nirvimarśa,,
nirvivara,,
nirvivāda,,
nirviveka,,
nirviśaṅkita,,
nirviśeṣaṇa,,
nirviṣaṅga,,
nirviṣaya,,
nirviṣayoparāga,,
nirviṣāṇa,,
nirviṣṭa,,
nirvisarga,,
nirvihaṃga,,
nirvihāra,,
nirvīra,,
nirvīrya,,
nirvṛkṣatoya,,
nirvṛkṣamṛgapakṣin,ī,
nirvṛkṣa,,
nirvṛta,,
nirvṛttacūḍaka,,
nirvṛttamātra,,
nirvṛtta,,
nirvṛṣa,,
nirvṛṣṭa,,
nirvega,,
nirvetana,,
nirveda,,
nirvedhabhāgīya,,
nirvedhima,,
nirvepana,,
nirveśanīya,,
nirveśya,,
nirveṣṭavya,,
nirveṣṭita,,
nirvaira,,
nirvailakṣya,,
nirvyagra,,
nirvyañjaka,,
nirvyañjana,,
nirvyathana,,
nirvyatha,,
nirvyapatrapa,,
nirvyalīka,,
nirvyavadhāna,,
nirvyavastha,,
nirvyasana,,
nirvyākula,,
nirvyāghra,,
nirvyāja,,
nirvyājīkṛta,,
nirvyāpāra,,
nirvyuṣita,,
nirvyūḍha,,
nirvraṇa,,
nirvraṇita,,
nirvrata,,
nirvraska,,
nirvrīḍa,,
nirhata,,
nirharaṇīya,,
nirhartavya,,
nirhasta,,
nirhāraka,,
nirhārin,ī,
nirhuta,,
nirhṛta,,
nirhṛtya,,
nirhrasita,,
nirhrasta,,
nirhrādin,ī,
nirhrīka,,
nirhlāda,,
nilāyin,ī,
nilīnaka,,
nilīna,,
nilīyamāna,,
nivapta,,
nivartaka,ikā,
nivartana,,
nivartanīya,,
nivartayitavya,,
nivarta,,
nivartitapūrva,,
nivartitavya,,
nivartita,,
nivartitākhilāhāra,,
nivartin,ī,
nivartya,,
nivasita,,
nivastavya,,
nivāta,,
nivāpin,ī,
nivāraka,,
nivāraṇa,,
nivāraṇīya,,
nivārita,,
nivārin,ī,
nivārya,,
nivāśa,,
nivāsita,,
nivāsin,ī,
nividdha,,
nividdhāna,,
nividdhānīya,,
niviṣṭa,,
nivīta,,
nivītin,ī,
nivṛta,,
nivṛttakāraṇa,,
nivṛttakṛṣigorakṣa,,
nivṛttadevakārya,,
nivṛttamāṃsa,,
nivṛttayajñasvādhyāya,,
nivṛttayauvana,,
nivṛttarāga,,
nivṛttalaulya,,
nivṛttasaṃtāpa,,
nivṛttahṛdaya,,
nivṛtta,,
nivṛttendriya,,
nivedaka,ikā,
nivedana,,
nivedita,,
nivedin,ī,
nivedya,,
niveśana,ī,
niveśanīya,,
niveśayitavya,,
niveśita,,
niveśin,ī,
niveśya,,
niveṣṭavya,,
niveṣṭita,,
niveṣya,,
nivyādhin,ī,
niśaṭha,,
niśabda,,
niśamaya,,
niśācara,,
niśāta,,
niśānta,,
niśāntīya,,
niśāndha,,
niśāmayitavya,,
niśāmita,,
niśāyin,ī,
niśitanipāta,,
niśita,,
niśīthacaṇḍa,,
niśuṣma,,
niśṛmbha,,
niśoṣita,,
niścakrika,,
niścatvāriṃśa,,
niścayarūpa,,
niścayin,ī,
niścāmara,,
niścāyaka,,
niścārayitavya,,
niścita,,
niścitārtha,,
niścinta,,
niścīyamāna,,
niścutita,,
niścetana,,
niścetavya,,
niśceṣṭa,,
niśceṣṭākaraṇa,,
niścaura,,
niśchāya,,
niśchidra,,
niścheda,,
niśrāvin,ī,
niṣakta,,
niṣaṅgin,ī,
niṣaṇṇaka,,
niṣaṇṇa,,
niṣatta,,
niṣadvara,,
niṣadha,,
niṣādita,,
niṣāditin,ī,
niṣādin,ī,
niṣikta,,
niṣita,,
niṣiddha,,
niṣuta,,
niṣūdita,,
niṣektavya,,
niṣeddhavya,,
niṣedhaka,,
niṣedhin,ī,
niṣedhya,,
niṣevaka,,
niṣevaṇīya,,
niṣevamāṇa,,
niṣeva,,
niṣevitavya,,
niṣevita,,
niṣevin,ī,
niṣevya,,
niṣkakaṇṭha,ī,
niṣkagrīva,,
niṣkaṇṭaka,,
niṣkaniṣṭha,,
niṣkaniṣṭhika,,
niṣkanda,,
niṣkapaṭa,,
niṣkampa,,
niṣkara,,
niṣkarūṣa,,
niṣkalaṅka,,
niṣkala,,
niṣkaṣāya,,
niṣkāṅkṣa,,
niṣkānta,,
niṣkāmacārin,ī,
niṣkāma,,
niṣkārya,,
niṣkālika,,
niṣkāśanīya,,
niṣkāśita,,
niṣkāsanīya,,
niṣkāsita,,
niṣkāsin,ī,
niṣkin,ī,
niṣkilbiṣa,,
niṣkutūhala,,
niṣkulīna,,
niṣkuṣita,,
niṣkūja,,
niṣkūṭa,,
niṣkṛta,,
niṣkṛtāhāva,,
niṣkṛpa,,
niṣkṛṣṭa,,
niṣkṛṣyamāṇa,,
niṣkevalya,,
niṣkaitava,,
niṣkaivalya,,
niṣkośa,,
niṣkoṣaṇaka,,
niṣkoṣitavya,,
niṣkramaṇita,,
niṣkrayaṇa,,
niṣkrānta,,
niṣkriya,,
niṣkrodha,,
niṣkleśaleśa,,
niṣkleśa,,
niṣṭapta,,
niṣṭarkya,,
niṣṭānaka,,
niṣṭya,,
niṣṭha,,
niṣṭhāgata,,
niṣṭhāva,,
niṣṭhāśūnya,,
niṣṭhitacīvara,,
niṣṭhita,,
niṣṭhurabhāṣin,ī,
niṣṭhuramānasa,,
niṣṭhura,,
niṣṭhūrin,ī,
niṣṭhyūta,,
niṣṇa,,
niṣṇāta,,
niṣpatāka,,
niṣpatita,,
niṣpattraka,,
niṣpattra,,
niṣpathya,,
niṣpada,,
niṣpandahīna,,
niṣpanna,,
niṣpayoda,,
niṣparākrama,,
niṣparāmarśa,,
niṣparikara,,
niṣparigraha,,
niṣparicaya,,
niṣparicchada,,
niṣparidāha,,
niṣparihārya,,
niṣparīkṣa,,
niṣparīhāra,,
niṣparuṣa,,
niṣparyanta,,
niṣpātita,,
niṣpādaka,ikā,
niṣpādanīya,,
niṣpāditavya,,
niṣpādita,,
niṣpādya,,
niṣpāra,,
niṣpālaka,,
niṣpāvala,,
niṣpāva,,
niṣpitṛka,,
niṣpiṣṭa,,
niṣpīta,,
niṣputra,,
niṣpudgala,,
niṣpurāṇa,,
niṣpurīṣa,,
niṣpuruṣa,,
niṣpulāka,,
niṣpūtigandhika,,
niṣpūrta,,
niṣpeya,,
niṣpoṣa,,
niṣpauruṣa,,
niṣpauruṣāmarṣa,,
niṣprakāraka,,
niṣprakāśa,,
niṣprakrama,,
niṣpragala,,
niṣpracāra,,
niṣprajña,,
niṣpraṇaya,,
niṣpratikriya,,
niṣpratigraha,,
niṣpratigha,,
niṣpratidvaṃdva,,
niṣpratipakṣa,,
niṣpratibandha,,
niṣpratibhāna,,
niṣpratīkāra,,
niṣpratīpa,,
niṣpratyāśa,,
niṣpratyūha,,
niṣpradeśa,,
niṣprapañca,,
niṣprabhāva,,
niṣpramāṇaka,,
niṣpramāda,,
niṣprayatna,,
niṣprayojana,,
niṣprāṇa,,
niṣprītika,,
niṣphena,,
niṣyandin,ī,
niṣyūta,,
niṣṣapin,ī,
nisargaja,,
nisarganipuṇa,,
nisargapadva,ī,
nisargabhinna,,
nisargavinīta,,
nisargaśālīna,,
nisargasiddha,,
nisṛta,,
nisṛṣṭa,,
nistattva,,
nistandra,,
nistabdha,,
nistamaska,,
nistamisra,,
nistambha,,
nistaraṇīya,,
nistarkya,,
nistartavya,,
nistala,,
nistāntava,,
nistāraka,ikā,
nistīrṇa,,
nistula,,
nistuṣita,,
nistṛṇakaṇṭaka,,
nistṛṣṇa,,
nistraṃśa,,
nistrapa,,
nistriṃśakarkaśa,,
nistriṃśadharmin,ī,
nistriṃśa,,
nistriṃśin,ī,
nistraiguṇya,,
nistvakpakṣa,,
nisnāta,,
nisyanda,,
nisyandin,ī,
nisruta,,
nisvara,,
nihatabhūyiṣṭha,,
nihatasena,,
nihata,,
nihatārtha,,
nihatāṣṭra,,
nihantavya,,
nihitadaṇḍa,,
nihitabhāga,,
nihita,,
nihīnatara,,
nihīna,,
nihnuta,,
nihnuvāna,,
nihrādin,ī,
nīkarṣin,ī,
nīkāśa,,
nīcaka,ikā,
nīcakeśanakha,,
nīcakeśaśmaśrunakha,,
nīcagata,,
nīcaga,,
nīcagāmin,ī,
nīcayonin,ī,
nīcarata,,
nīcāyakīya,,
nīcāvagāha,,
nīcīnabāra,,
nīcīna,,
nīcaiḥkara,,
nīcairākhya,,
nīcairmukha,,
nīcaistana,,
nīcopagata,,
nītadakṣiṇa,,
nītamiśra,,
nīta,,
nītārtha,,
nītikuśala,,
nītijña,,
nītinipuṇa,,
nītiniṣṇa,,
nītiyukta,,
nītivedin,ī,
nītta,,
nīpa,,
nīpya,,
nīrakta,,
nīrajastamaska,,
nīrajastama,,
nīrajasva,,
nīraja,,
nīrajāta,,
nīrajīkārita,,
nīrata,,
nīrada,,
nīradin,ī,
nīrandhrita,,
nīrāga,,
nīrājita,,
nīrājya,,
nīrūpa,,
nīreṇuka,,
nīrogadurbhikṣa,,
nīroga,,
nīlakaṇṭha,,
nīlaka,,
nīlagalamāla,,
nīladruma,,
nīlanakha,,
nīlanicolin,ī,
nīlapaṭala,,
nīlapīta,,
nīlamaya,ī,
nīlamehin,ī,
nīlalohita,,
nīlavarṇa,,
nīlaśikhaṇḍa,,
nīlāṅga,,
nīlābhrasaṃvṛta,,
nīlālakavarūthin,ī,
nīlīrāga,,
nīlīvarṇa,,
nīlotpalamaya,ī,
nīlopakāśa,,
nīvāraprasṛtimpaca,,
nīvāramuṣṭimpaca,,
nīvibhārya,,
nīveṣya,,
nīhāramaya,ī,
nuta,,
nutta,,
nuda,,
nudita,,
nunna,,
nūtanayauvana,,
nūta,,
nūpurin,ī,
nṛttajña,,
nṛttamaya,ī,
nṛdurga,,
nṛdhūta,,
nṛnamana,,
nṛpaliṅgadhara,,
nṛpāṇa,,
nṛpātmaja,,
nṛpāyya,,
nṛmara,,
nṛmādana,,
nṛmṇavardhana,,
nṛmṇa,,
nṛvāhaṇa,,
nṛviḍamba,,
nṛśaṃsakārin,ī,
nṛśaṃsavarṇa,,
nṛśaṃsavādin,ī,
nṛśaṃsavṛtta,,
nṛśastra,,
nṛṣadvara,,
nṛṣahya,,
nṛṣāhya,,
nṛṣūta,,
nṝ̃ḥpraṇetra,,
netavya,,
netragocara,,
netracapala,,
netraja,,
netraniṃsin,ī,
netrapeya,,
netrapraṇayin,ī,
netraroga,,
netraviṣa,,
netrahārin,ī,
netrahita,,
netrya,,
nediṣṭhatama,,
nediṣṭhin,ī,
nedīyomaraṇa,,
nenya,,
nemapiṣṭa,,
nemaspṛṣṭa,,
nema,,
neya,,
neyārthaka,,
neyārtha,,
naiḥśreyasa,ī,
naiḥsargika,,
naikacara,ī,
naikaṭika,,
naikata,,
naikapuṭa,,
naikabhāvāśraya,,
naikabheda,,
naikamāya,,
naikamukha,,
naikavarṇa,,
naikavikalpa,,
naikavidha,,
naikaśastramaya,ī,
naikṛtika,,
naikṛtin,ī,
naikhānya,,
naigamagamika,,
naigama,ī,
naighaṇṭuka,,
naicudāra,,
naicula,,
naijameṣa,,
naija,,
naitala,,
naitośa,,
naityaka,,
naityaśabdika,,
naitya,,
naityika,,
naidāgha,ī,
naidra,ī,
naidhana,,
naidhāna,ī,
naipa,ī,
naipātika,,
naipāla,ī,
naipālika,,
naipālīya,,
naipuṇa,,
naibaddhaka,,
naimagnaka,,
naimitta,,
naimittika,ī,
naimiṣa,ī,
naimiṣāyana,,
naimiṣīya,,
naimiṣeya,,
naimba,,
naiyagrodha,,
naiyaṅkava,,
naiyamika,,
naiyāya,,
naiyāyika,,
naiyāsika,,
nairapekṣa,,
nairayika,,
nairukta,,
nairūhika,,
nairṛta,ī,
nairṛtya,,
nairguṇya,,
nairjara,ī,
nairjhara,,
nairdeśika,ī,
nairbādhya,,
nairmāṇika,,
nairyāṇika,ī,
nairvāṇika,ī,
nairvāhika,,
nairvedhikaprajña,,
nairvedhika,,
nairhasta,,
nailakaṇṭhīya,,
nailīnaka,,
naivasaṃjñinaivāsaṃjñin,ī,
naivākava,,
naivākavīya,,
naivātāyana,,
naivāra,,
naivāsika,,
naivida,ī,
naiveśa,,
naiśa,ī,
naiśākara,ī,
naiśika,ī,
naiṣadha,ī,
naiṣadhīya,,
naiṣadhya,,
naiṣādakarṣuka,,
naiṣāda,ī,
naiṣkaśatika,,
naiṣkasahasrika,,
naiṣkika,,
naiṣkramaṇa,,
naiṣṭhikasundara,,
naiṣṭhika,ī,
naiṣpeṣika,,
naisarga,,
naisargika,,
naistriṃśika,,
naihāra,,
notpādita,,
notseka,,
nodana,,
nodita,,
nodin,ī,
nodya,,
nonuva,,
naucara,,
nautana,,
nautārya,,
naupura,,
nauyāyin,ī,
nyakkṛta,,
nyakta,,
nyakna,,
nyakṣa,,
nyagbhūta,,
nyagrodhaka,,
nyagrodhaparimaṇḍala,,
nyagrodhika,,
nyagrodhin,ī,
nyañcana,ī,
nyañcanaiṣin,ī,
nyañcita,,
nyarṇa,,
nyarṇṇa,,
nyarpita,,
nyasanīya,,
nyastaka,ikā,
nyastadaṇḍa,,
nyastadeha,,
nyastavāda,,
nyastavya,,
nyastaśastra,,
nyasta,,
nyastārtvijya,,
nyasya,,
nyāgrodhamūla,,
nyāgrodhamūlika,,
nyāṅkava,,
nyāyanirvapaṇa,,
nyāyavartin,ī,
nyāyavādin,ī,
nyāyaviruddha,,
nyāyavirodhin,ī,
nyāyavihita,,
nyāyavṛtta,,
nyāyasaṃhita,,
nyāyasambaddha,,
nyāyāgata,,
nyāyācāra,,
nyāyārjita,,
nyāyāvakrākramaṇa,,
nyāyin,ī,
nyāyopeta,,
nyāyyadaṇḍa,,
nyālūna,,
nyāṣatta,,
nyāsabhūta,,
nyāsika,,
nyāsita,,
nyāsin,ī,
nyuṅkha,,
nyutta,,
nyupta,,
nyubjaka,ikā,
nyubja,,
nyūṅkhanīya,,
nyūṅkhamānaka,,
nyūṅkhya,,
nyūnatara,,
nyūnādhikavibhakta,,
nyūnādhika,,
nyūnādhikāṅga,,
nyūnendriya,,
nyṛṣṭa,,
nyoka,,
nyocara,,
nrasthimālin,ī,
paktavya,,
paktināśana,,
paktrima,,
pakvakaṣāya,,
pakvakeśa,,
pakvagātra,,
pakvaharitalūna,,
pakvāśin,ī,
pakveṣṭaka,,
pakveṣṭakāmaya,ī,
pakṣaṃgama,,
pakṣagama,,
pakṣagrāha,,
pakṣagrāhin,ī,
pakṣadhara,,
pakṣapātakṛtasneha,,
pakṣapātin,ī,
pakṣapoṣaṇa,,
pakṣavikala,,
pakṣavyāpin,ī,
pakṣasammita,,
pakṣahata,,
pakṣa,,
pakṣākāra,,
pakṣin,ī,
pakṣīya,,
pakṣodgrāhin,ī,
pakṣmākṣa,,
paṅkajanetra,,
paṅkajamālin,ī,
paṅkaja,,
paṅkajāsanastha,,
paṅkajin,ī,
paṅkadanta,,
paṅkadigdha,,
paṅkabhāraka,,
paṅkamagna,,
paṅkamaya,ī,
paṅkalagna,,
paṅkākta,,
paṅkin,ī,
paṅkeśaya,,
paṅktidūṣaka,,
paṅktidūṣaṇa,,
paṅktidūṣa,,
paṅktipāvanapāvana,,
paṅktipāvana,,
paṅktīkṛta,,
paṅguka,,
paṅgula,,
pacata,,
pacatya,,
pacana,,
pacamānaka,,
paca,,
pacelima,,
pacya,,
pajrahoṣin,ī,
pañcakapāla,ī,
pañcakamāsika,,
pañcakarṇa,,
pañcakaṣāyaja,,
pañcakaṣāyottha,,
pañcaka,,
pañcakāpittha,,
pañcakṛṣṇalaka,,
pañcagaṇḍaka,,
pañcagata,,
pañcagavadhana,,
pañcagārgya,,
pañcaguṇa,,
pañcagṛhitin,ī,
pañcagṛhīta,,
pañcacatvāriṃśa,ī,
pañcacitika,,
pañcacitīka,,
pañcajanīna,,
pañcatapa,,
pañcataponvita,,
pañcataya,ī,
pañcatāra,,
pañcatriṃśa,ī,
pañcatriṃśika,,
pañcatrika,,
pañcatha,,
pañcadaṇḍa,,
pañcadaśama,ī,
pañcadaśarca,,
pañcadaśavārṣika,ī,
pañcadaśa,ī,
pañcadaśākṣara,,
pañcadaśāhika,ī,
pañcadaśika,,
pañcadaśin,ī,
pañcadaivata,,
pañcadrauṇika,ī,
pañcadhāraṇaka,,
pañcanakha,,
pañcanavata,ī,
pañcanavatitama,ī,
pañcapañcāśa,ī,
pañcapañcin,ī,
pañcapattra,,
pañcapala,,
pañcapalika,,
pañcapāda,,
pañcaputra,,
pañcapurāṇīya,,
pañcapuṣpamaya,ī,
pañcaprastha,,
pañcapraharaṇa,,
pañcabaddha,,
pañcabila,,
pañcabhadra,,
pañcabhāra,,
pañcabhūtaparityakta,,
pañcabhūtātmaka,,
pañcamaka,,
pañcamabhāgīya,,
pañcamaya,ī,
pañcamahāpātakin,ī,
pañcamahābhūtamaya,ī,
pañcama,ī,
pañcamāṣaka,,
pañcamāṣika,,
pañcamāsya,,
pañcamin,ī,
pañcamukha,ī,
pañcamūrtika,,
pañcayāma,,
pañcarātra,,
pañcarāśika,,
pañcarca,,
pañcalakṣaṇa,,
pañcavaktra,,
pañcavandhura,,
pañcavarga,,
pañcavarṇa,,
pañcavarṣakadeśīya,,
pañcavarṣaka,,
pañcavarṣadeśīya,,
pañcavarṣa,,
pañcavarṣīya,,
pañcavārṣika,ī,
pañcavāhin,ī,
pañcaviṃśaka,,
pañcaviṃśatika,,
pañcaviṃśatitama,ī,
pañcaviṃśatima,ī,
pañcaviṃśatirātra,,
pañcaviṃśa,ī,
pañcavikrama,,
pañcavidha,,
pañcaśatatama,ī,
pañcaśata,ī,
pañcaśatika,,
pañcaśarāva,,
pañcaśākha,,
pañcaśikha,,
pañcaśikhin,ī,
pañcaśikhīkṛta,,
pañcaṣaṣṭa,ī,
pañcaṣaṣṭitama,ī,
pañcasaptata,ī,
pañcasaptatitama,ī,
pañcasāṃvatsarika,ī,
pañcasāra,,
pañcasiddhauṣadhika,,
pañcahāyana,,
pañcākṣaramaya,ī,
pañcākṣara,,
pañcāṅga,ī,
pañcāṅgādika,,
pañcāṅgula,,
pañcācalāṅka,,
pañcātmaka,,
pañcānana,,
pañcāpūpa,,
pañcābdākhya,,
pañcāmṛta,,
pañcāra,,
pañcārṣeya,ī,
pañcālaka,,
pañcāvatta,,
pañcāvattin,ī,
pañcāvattīya,,
pañcāvayava,,
pañcāśaka,ikā,
pañcāśattamavārṣa,,
pañcāśattama,ī,
pañcāśatpaṇika,,
pañcāśatpalika,,
pañcāśadvarṣa,,
pañcāśa,ī,
pañcāśīta,ī,
pañcāśītitama,ī,
pañcāśra,,
pañcāsuvandhura,,
pañcāsya,,
pañcāha,,
pañcāhika,,
pañcika,,
pañcin,ī,
pañcīkṛta,,
pañcendrakalpa,,
pañcendra,,
pañcendriya,,
pañcopacāraka,ikā,
pañcaudana,,
paṭagata,,
paṭamaya,ī,
paṭahānantara,,
paṭiṣṭha,,
paṭukaraṇa,,
paṭukalpa,,
paṭujātīya,,
paṭutaraviveka,,
paṭutara,,
paṭudeśīya,,
paṭudeśya,,
paṭurūpa,,
paṭula,,
paṭṭavastra,,
paṭṭasūtramaya,ī,
paṭṭastha,,
paṭṭiśin,ī,
paṭhanīya,,
paṭhitavya,,
paṭhitasiddha,,
paṭhita,,
paṇakrīta,,
paṇanīya,,
paṇavin,ī,
paṇāyita,,
paṇāyya,,
paṇārha,,
paṇitavya,,
paṇita,,
paṇḍitaka,,
paṇḍitajātīya,,
paṇḍitamānika,,
paṇḍitamānin,ī,
paṇḍitammanyamāna,,
paṇḍitammanya,,
paṇḍitavādin,ī,
paṇḍita,,
paṇyabhūta,,
paṇya,,
paṇyārha,,
pataṃgara,,
pataṃga,,
pataka,,
patatprakarṣa,,
patatriketana,,
patatrin,ī,
patanadharmin,ī,
patanaśīla,,
patana,,
patanīya,,
patayiṣṇuka,,
patara,,
pata,,
patākādhvajamālin,ī,
patākika,,
patākin,ī,
patāpata,,
patikāma,,
patighna,ī,
patitamūrdhaja,,
patitavṛtta,,
patitasthita,,
patita,,
patitekṣita,,
patitotthitadanta,,
patitotthita,,
patitotpanna,,
patiyāna,,
pativaṃsya,,
pativedana,,
pativratāmaya,ī,
patiśokākula,,
patiṣṭha,,
patkāṣin,ī,
pattastodāśa,,
pattika,,
pattraka,,
pattramūlaka,,
pattrala,,
pattravāja,,
pattrārūḍha,,
pattrita,,
pattrin,ī,
patnīka,,
patmin,ī,
patsaṅgin,ī,
patsukha,,
pathaka,,
pathiprajña,,
pathivāhaka,,
pathistha,,
pathya,,
pathyāpathya,,
pathyāśin,ī,
padaka,,
padagata,,
padaga,,
padacyuta,,
padana,,
padanidhana,,
padanīya,,
padapūraṇa,,
padayopana,ī,
padastha,,
padasthita,,
padākrānta,,
padātijanasaṃkula,,
padātin,ī,
padādhyāyin,ī,
padānuga,,
padānta,,
padāntīya,,
padāntya,,
padānveṣin,ī,
padābhilāṣin,ī,
padāyata,,
padāhata,,
padika,ī,
padopahata,,
padga,,
padmadalekṣaṇa,,
padmanibhekṣaṇa,,
padmapattranibhekṣaṇa,,
padmabījābha,,
padmamaya,ī,
padmamālin,ī,
padmarāgamaya,ī,
padmalocana,,
padmavarṇa,,
padmasaṃkāśa,,
padmasaugandhika,,
padma,,
padmākāra,,
padmākṣa,ī,
padmin,ī,
padyamaya,ī,
padva,,
panayāyya,,
panāyya,,
panita,,
paniṣṭha,,
panthaka,,
pannagamaya,ī,
pannada,,
pannarūpīya,,
panna,,
panya,,
papṛkṣeṇya,,
payaḥprasravin,ī,
payasa,,
payasiṣṭha,,
payaska,,
payaskāma,,
payasya,,
payasvin,ī,
payiṣṭha,,
payomaya,ī,
payomukha,,
paraṛkśatagātha,,
paraṃtapa,,
paraḥkṛṣṇa,,
paraḥpuruṣa,,
paraḥśatarggātha,,
paraḥṣaṣṭa,,
parakaragata,,
parakāla,,
parakṛtya,,
parakhātaka,,
paragata,,
paragāmin,ī,
paraguṇagrāhin,ī,
paraguṇa,,
paracchanda,,
parajanmika,,
paraja,,
parajñānamaya,ī,
paraṇa,,
parataḥpoṣa,,
paratantrīkṛta,,
paratama,,
paratara,,
paradeśasevin,ī,
paradeśin,ī,
paradoṣajña,,
paradravyāpahāraka,,
paradrohin,ī,
paradveṣin,ī,
paraparita,,
parapākopabhojin,ī,
parapuraṃjaya,,
parapuṣṭamaya,ī,
parapuṣṭa,,
parabhāgyopajīvin,ī,
parabhūta,,
parabhūmiṣṭha,,
parabhṛtamaya,ī,
parabhṛtya,,
parabhedaka,,
parabhedana,,
paramaka,ikā,
paramakruddha,,
paramagahana,,
paramadāruṇa,,
paramaduḥkhita,,
paramaparama,,
paramaprīta,,
paramabrahmaṇya,,
paramabhāsvara,,
paramarma,,
paramavismita,,
paramavyomnika,,
paramaśobhana,,
paramasaṃtuṣṭa,,
paramasaṃhṛṣṭa,,
paramasamudaya,,
paramasammata,,
paramākhya,,
paramāṇumaya,ī,
paramātmaka,ikā,
paramātmamaya,ī,
paramārta,,
paramārthadaridra,,
paramārthavinda,,
paramārthasupta,,
paramāhlādana,,
parameṣṭha,,
parameṣṭhin,ī,
parampara,,
paramparāprāpta,,
paramparāyāta,,
paralokagata,,
paralokaga,,
paralokahasta,,
paravaśa,,
paravaśya,,
paravācya,,
paravyākṣepin,ī,
paraśava,,
paraśavya,,
paraścatvāriṃśa,,
paraśvadhāyudha,,
paraśvadhin,ī,
parasaṃgata,,
parasambandhin,ī,
parasavarṇa,,
parasasthāna,,
parasparavibandhana,,
parasparaviruddha,,
parasparasukhaiṣin,ī,
parasparasthita,,
parasparahata,,
parasparākrandin,ī,
parasparādin,ī,
parasparāśraya,,
paraspa,,
parasmaipadin,ī,
parasmaibhāṣa,,
parasva,,
parasvādāyin,ī,
parasvopajīvika,,
parasvopajīvin,ī,
parahita,,
parāka,,
parākṛta,,
parākṛṣṭa,,
parākramajña,,
parākramin,ī,
parākrānta,,
parākṣipta,,
parāgata,,
parāgin,ī,
parāṅāvṛtta,,
parāṅmukhabhūta,,
parāṅmukha,ī,
parācīna,,
parājita,,
parāñcin,ī,
parātta,,
parātpara,,
parānnabhojin,ī,
parāparajña,,
parāparadṛṣṭārtha,,
parāpara,,
parāpa,,
parāpātin,ī,
parāpātuka,,
parābhāvuka,,
parābhūta,,
parābhṛta,,
parāmarśin,ī,
parāmṛta,,
parāmṛṣṭa,,
parāritna,,
parārthacara,,
parārthaniṣṭha,,
parārthavādin,ī,
parārtha,,
parārthin,ī,
parāvarajña,,
parāvartin,ī,
parāvartya,,
parāvasathaśāyin,ī,
parāvṛkta,,
parāvṛtta,,
parāśīrṇa,,
parāśraya,,
parāśrita,,
parāsikta,,
parāsin,ī,
parāsukarṇa,,
parāsta,,
parāsya,,
parāhata,,
parāhṛta,,
parikampin,ī,
parikarabhūta,,
parikara,ī,
parikarita,,
parikarkaśa,,
parikartana,,
parikarmita,,
parikarmin,ī,
parikarṣita,,
parikarṣin,ī,
parikalitin,ī,
parikalpita,,
parikalpya,,
parikātara,,
parikālita,,
parikīrṇa,,
parikīrtita,,
parikupita,,
parikṛta,,
parikṛtta,,
parikṛśa,,
parikḷpta,,
parikopita,,
parikrānta,,
parikrīta,,
parikruṣṭa,,
pariklānta,,
pariklinna,,
parikliṣṭa,,
parikledin,ī,
parikvaṇana,,
parikṣatavrata,,
parikṣata,,
parikṣāṇa,,
parikṣāma,,
parikṣipta,,
parikṣīṇa,,
parikṣība,,
parikṣīva,,
parikṣepaka,ikā,
parikṣepin,ī,
parikhacita,,
parikhāta,,
parikhāsthita,,
parikhinna,,
parikhīkṛta,,
parikhedita,,
parikhyāta,,
parigaṇanīya,,
parigaṇita,,
parigaṇitin,ī,
parigaṇya,,
parigata,,
parigatārtha,,
parigaditin,ī,
parigantavya,,
parigamita,,
parigamya,,
parigarvita,,
parigalita,,
pariga,,
parigīta,,
pariguṇita,,
pariguṇṭhita,,
pariguṇḍita,,
parigūḍhaka,,
parigṛddha,,
parigṛhīta,,
parigṛhya,,
parigrahaka,,
parigrahadvitīya,,
parigrahamaya,ī,
parigrahārthīya,,
parigrahin,ī,
parigrahītavya,,
parigrāhaka,,
parigrāhya,,
pariglāna,,
parighaṭṭita,,
parighasaṃkāśa,,
parighātin,ī,
parighopama,,
paricakṣya,,
paricapala,,
paricayanīya,,
paricaraṇīya,,
paricaritavya,,
paricarya,,
paricārin,ī,
paricārya,,
paricitavivikta,,
paricita,,
paricintaka,,
paricintanīya,,
paricintita,,
paricihnita,,
paricīrṇa,,
paricumbita,,
paricetavya,,
pariceya,,
paricodita,,
paricchada,,
paricchanna,,
paricchinna,,
paricchedaka,,
paricchedākula,,
paricchedātīta,,
paricchedya,,
paricyuta,,
parijapita,,
parijapta,,
parijayya,,
parijarbhurāṇa,,
parijāta,,
parijihīrṣita,,
parijīrṇa,,
parijñāta,,
parijñānamaya,ī,
parijñānin,ī,
parijñeya,,
pariṇatadikkarika,,
pariṇataprajña,,
pariṇatapratyaya,,
pariṇata,,
pariṇaddha,,
pariṇāmaka,,
pariṇāmadarśin,ī,
pariṇāmapathya,,
pariṇāmamukha,,
pariṇāmaramaṇīya,,
pariṇāmika,,
pariṇāminitya,,
pariṇāmin,ī,
pariṇāhin,ī,
pariṇiṃsaka,,
pariṇīta,,
pariṇuta,,
pariṇetavya,,
pariṇeya,,
paritakmya,,
paritaptamukha,,
paritapta,,
paritarkita,,
paritarpaṇa,,
paritāḍin,ī,
paritāpin,ī,
paritāraṇīya,,
paritikta,,
parituṣṭa,,
parituṣṭārtha,,
paritṛpta,,
paritṛṣita,,
paritoṣaka,,
paritoṣaṇa,,
paritoṣita,,
paritoṣin,ī,
parityakta,,
parityāgin,ī,
parityājya,,
paritrasta,,
paritrātavya,,
paritrāta,,
paridaṃśita,,
paridagdha,,
paridaṣṭadacchada,,
paridaṣṭa,,
paridāhin,ī,
paridiṣṭa,,
paridīnamānasa,,
paridīnasattva,,
paridīna,,
paridīrṇa,,
paridurbala,,
paridṛḍha,,
paridṛṣṭa,,
paridevaka,ikā,
paridevita,,
paridevin,ī,
paridyūna,,
paridhāpanīya,,
paridhārya,,
paridhistha,,
paridhīra,,
paridhūsara,,
paridhṛta,,
paridheya,,
paridhvaṃsin,ī,
paridhvasta,,
parinaṣṭa,,
parinimna,,
parinirjita,,
parinirmita,,
parinirvāṇa,,
parinirvāpayitavya,,
parinirvāyin,ī,
parinirviṇṇa,,
parinirvṛta,,
pariniṣṭhāna,,
pariniṣṭhāpanīya,,
pariniṣṭhita,,
pariniṣpanna,,
pariniṣpādita,,
parinaiṣṭhika,ī,
parinyasta,,
paripakvakaṣāya,,
paripakva,,
paripaṇita,,
paripanthin,ī,
paripaśavya,,
paripākin,ī,
paripācana,,
paripācita,,
paripāṭala,,
paripāṭhaka,,
paripāṇḍura,,
paripāṇḍurita,,
paripārśvacara,,
paripārśvavartin,ī,
paripārśva,,
paripālaka,ikā,
paripālanīya,,
paripālya,,
paripiṅga,,
paripiñja,,
paripiṇḍīkṛta,,
paripiṣṭa,,
paripīḍita,,
paripīta,,
paripīvara,,
paripuṅkhita,,
paripuṣṭa,,
paripūjita,,
paripūta,,
paripūraka,,
paripūraṇīya,,
paripūrayitavya,,
paripūrita,,
paripūrin,ī,
paripūrṇabhāṣin,ī,
paripūrṇamānasa,,
paripūrṇamukha,ī,
paripūrṇasattva,,
paripūrṇa,,
paripūrṇārtha,,
paripṛcchika,,
paripṛṣṭika,,
paripoṣaka,,
paripoṣaṇīya,,
pariprāpya,,
pariprīta,,
paripreraka,,
paripreṣita,,
pariplava,,
pariplāvya,,
paripluta,,
paripluṣṭa,,
pariphulla,,
paribaddha,,
paribubhukṣita,,
paribṛṃhita,,
paribṛḍha,,
paribodhanīya,,
paribhakṣita,,
paribhagnakrama,,
paribhagna,,
paribhartsita,,
paribhavanīya,,
paribhavin,ī,
paribhāvita,,
paribhāvin,ī,
paribhāvuka,ī,
paribhāṣaka,,
paribhāṣaṇa,,
paribhāṣaṇīya,,
paribhāṣita,,
paribhāṣin,ī,
paribhāṣya,,
paribhāsita,,
paribhinna,,
paribhukta,,
paribhugna,,
paribhūtagatitraya,,
paribhūta,,
paribhūṣita,,
paribhṛṣṭa,,
paribhedaka,,
paribhrama,,
paribhraṣṭasukha,,
paribhraṣṭa,,
paribhrāmin,ī,
parimaṇḍalita,,
parimaṇḍita,,
parimathita,,
parimantrita,,
parimanda,,
parimara,,
parimalaja,,
parimalita,,
parimāṇin,ī,
parimāthin,ī,
parimārgitavya,,
parimārgin,ī,
parimārgya,,
parimārjita,,
parimita,,
parimitāhāra,,
parimilita,,
parimīḍha,,
parimuktabandhana,,
parimukta,,
parimugdha,,
parimūḍha,,
parimūrṇa,ī,
parimṛjita,,
parimṛjya,,
parimṛdita,,
parimṛṣṭaparicchada,,
parimṛṣṭa,,
parimeyapuraḥsara,,
parimeya,,
parimocita,,
parimoṣaka,,
parimoṣin,ī,
parimohita,,
parimohin,ī,
parimlāna,,
parimlāyin,ī,
pariyajña,,
pariyatta,,
pariyāṇīya,,
pariyāta,,
pariyuta,,
parirakṣaṇa,ī,
parirakṣaṇīya,,
parirakṣitavya,,
parirakṣita,,
parirakṣin,ī,
parirakṣya,,
parirandhita,,
parirabdha,,
pariramita,,
parirambhita,,
parirambhin,ī,
parirāṭin,ī,
parirāpin,ī,
pariruddha,,
parilagna,,
parilikhita,,
parilīḍha,,
pariluptasaṃjña,,
parilupta,,
parilūna,,
parilolita,,
parivaṃśaka,,
parivaṃśa,,
parivañcita,,
parivatsarīṇa,,
parivatsarīya,,
parivargya,,
parivarjaka,,
parivarjanīya,,
parivarjita,,
parivartaka,,
parivartana,ī,
parivartanīya,,
parivartita,,
parivartin,ī,
parivartula,,
parivardhita,,
parivādin,ī,
parivāpita,,
parivāraśobhin,ī,
parivārita,,
parivāsita,,
parivāhita,,
parivikrayin,ī,
parivikṣata,,
parivitta,,
pariviśrānta,,
pariviśvasta,,
pariviṣṭa,,
pariviṣyamāṇa,,
parivihvala,,
parivījita,,
parivīta,,
parivṛkṇa,,
parivṛkta,,
parivṛḍhatama,,
parivṛta,,
parivṛttanetra,,
parivṛttabhāgya,,
parivṛtta,,
parivṛttārdhamukha,ī,
parivṛddha,,
parivedin,ī,
pariveṣaka,ikā,
pariveṣabandhin,ī,
pariveṣin,ī,
pariveṣṭavya,,
pariveṣṭita,,
pariveṣya,,
parivyakta,,
parivyayaṇīya,,
parivyākula,,
parivrajya,,
parivraḍhiṣṭha,,
pariśaṅkanīya,,
pariśaṅkita,,
pariśaṅkin,ī,
pariśaṭha,,
pariśanna,,
pariśabdita,,
pariśamita,,
pariśāśvata,,
pariśiñjita,,
pariśithila,,
pariśiṣṭa,,
pariśīlita,,
pariśuddha,,
pariśuṣkapalāśa,,
pariśuṣka,,
pariśūnya,,
pariśeṣa,,
pariśeṣita,,
pariśobhita,,
pariśoṣaṇa,,
pariśoṣita,,
pariśoṣin,ī,
pariśramaṇa,,
pariśramāpaha,,
pariśrānta,,
pariśrita,,
pariśruta,,
pariślatha,,
pariśliṣṭa,,
pariṣadya,,
pariṣadvala,,
pariṣanna,,
pariṣikta,,
pariṣita,,
pariṣūta,,
pariṣecaka,,
pariṣoḍaśa,,
pariṣkaṇṇa,,
pariṣkṛta,,
pariṣṭavanīya,,
pariṣṭuta,,
pariṣyandin,ī,
pariṣvakta,,
pariṣvaṅgin,ī,
pariṣvajya,,
parisaṃkhyāta,,
parisaṃghuṣṭa,,
parisaṃcakṣya,,
parisaṃcara,,
parisaṃcita,,
parisaṃtapta,,
parisaṃvatsara,,
parisaṃśuddha,,
parisaṃsṛṣṭa,,
parisaṃsthita,,
parisaṃhṛṣṭa,,
parisamāpanīya,,
parisamāpayitavya,,
parisamāpta,,
parisamutsuka,,
parisaraṇaśīla,,
parisara,,
parisarpita,,
parisarpin,ī,
parisahasra,,
parisāntvita,,
parisārin,ī,
parisṛta,,
parisṛpta,,
parisṛṣṭa,,
pariskanna,,
paristaraṇīya,,
parispardhin,ī,
parispṛṣṭa,,
parisphīta,,
parisphuṭa,,
parisphurita,,
parisyandin,ī,
parisrajin,ī,
parisrāvin,ī,
parisruta,,
parihata,,
pariharaṇīya,,
parihartavya,,
pariharṣaṇa,ī,
pariharṣita,,
pariharṣin,ī,
parihasita,,
parihāṭaka,,
parihāpaṇīya,,
parihāpita,,
parihāraka,ikā,
parihārin,ī,
parihārya,,
parihāsavijalpita,,
parihāsaśīla,,
parihāsya,,
parihita,,
parihīṇa,,
parihūta,,
parihṛta,,
parihṛtya,,
parihṛṣita,,
parihṛṣṭamānasa,,
parihṛṣṭa,,
parihṇuta,,
parīkṣaka,,
parīkṣaṇīya,,
parīkṣākṣama,,
parīkṣārtha,,
parīkṣitavya,,
parīkṣita,,
parīkṣya,,
parīta,,
parītin,ī,
parītta,,
parītya,,
parīndita,,
parīvāpya,,
parīvṛta,,
parīhāsakṣama,,
parīhāsaśīla,,
parutka,,
paruttna,,
paruṣatara,,
paruṣavacana,,
paruṣavādin,ī,
paruṣākṣara,,
paruṣita,,
paruṣīkṛta,,
paruṣetara,,
paruṣoktika,,
paruṣya,,
paretakalpa,,
paretara,,
pareta,,
paretācarita,,
parepa,,
pareprāṇa,,
parokta,,
parokṣakāma,,
parokṣakṛta,,
parokṣapriya,,
parokṣamanmatha,,
parokṣārtha,,
parocya,,
paropakārin,ī,
paropakāraikarasa,,
paropakṛta,,
paropaga,,
paroparuddha,,
paromātra,,
parolakṣa,,
parovarīṇa,,
paroviṃśa,,
parośīta,,
parjanyakrandya,,
parjanyajinvita,,
parjanyavṛddha,,
parṇakaṣāyaniṣpakva,,
parṇakaṣāyapakva,,
parṇacīrapaṭa,,
parṇaprāśanin,ī,
parṇabhakṣa,,
parṇabhojana,,
parṇamaya,ī,
parṇala,,
parṇalībhūta,,
parṇaśadya,,
parṇasa,,
parṇāśin,ī,
parṇāhāra,,
parṇika,ī,
parṇin,ī,
parṇila,,
parṇīya,,
parṇya,,
parpika,ī,
paryagnikaraṇīya,,
paryagnikṛta,,
paryagnikriyamāṇa,,
paryaṅkabaddha,,
paryaṅkastha,,
paryaṅkīkṛta,,
paryaṅgya,,
paryaṭita,,
paryadhyayana,,
paryanuyukta,,
paryanuyoktavya,,
paryanuyojya,,
paryantasaṃsthita,,
paryantastha,,
paryantasthita,,
paryantīkṛta,,
paryantīya,,
paryavadātaśruta,,
paryavadāta,,
paryavanaddha,,
paryavapanna,,
paryavapādya,,
paryavaśeṣita,,
paryavaṣṭabdha,,
paryavasānika,,
paryavasāya,,
paryavasāyin,ī,
paryavasita,,
paryavasthita,,
paryaveta,,
paryastavilocana,,
paryasta,,
paryastākṣa,,
paryāgata,,
paryācānta,,
paryāṇaddha,,
paryāṇita,,
paryāptakala,,
paryāptakāma,,
paryāptadakṣiṇa,,
paryāptanayana,,
paryāptabhoga,,
paryāpta,,
paryāpluta,,
paryābhṛta,,
paryāyacyuta,,
paryāyata,,
paryāyavācaka,,
paryāyika,,
paryāyin,ī,
paryārin,ī,
paryālocita,,
paryāvartita,,
paryāvila,,
paryāvṛta,,
paryāśvasta,,
paryukta,,
paryuta,,
paryudasitavya,,
paryudasta,,
paryudita,,
paryudbhṛta,,
paryupasthāpaka,,
paryupasthita,,
paryupāgata,,
paryupāvṛtta,,
paryupāsaka,,
paryupāsita,,
paryupāsīna,,
paryupāsya,,
paryupta,,
paryuṣita,,
paryuṣṭa,,
paryeṣṭavya,,
parvakāra,,
parvakārin,ī,
parvaṇa,,
parvataja,,
parvatavāsin,ī,
parvatastha,,
parvata,,
parvatākāra,,
parvatāśraya,,
parvatīya,,
parvatya,,
parvavarja,,
parśumaya,ī,
parśūla,,
parṣadvala,,
parṣa,,
parṣiṣṭha,,
palakṣa,ī,
palaṅkaṭa,,
paladīya,,
palāyaka,,
palāyanaparāyaṇa,,
palāyanaviṣaya,,
palāyita,,
palāyin,ī,
palālina,,
palāśa,,
palāśin,ī,
palāśila,,
palāśīya,,
palitaṃkaraṇa,ī,
palitambhāvuka,,
palitamlāna,,
palitin,ī,
palpūlita,,
pallavagrāhin,ī,
pallavadhārin,ī,
pallavamaya,ī,
pallavarāgatāmra,,
pallavāpīḍita,,
pallavita,,
pallavin,ī,
palvalakarṣaka,,
pavanakṣipta,,
pavana,,
pavanāhata,,
pavanotkampin,ī,
pavanodbhrānta,,
pavamāna,,
pavita,,
pavitrakāma,,
pavitrapūta,,
pavitraratha,,
pavitrātipavitra,,
pavitrita,,
pavitrin,ī,
pavitrīkṛta,,
pavīrava,,
paśavyatama,,
paśavyavāhana,,
paśavya,,
paśukāma,,
paśughna,,
paśujanana,,
paśujātīya,,
paśuda,,
paśupa,,
paśubandhayājin,ī,
paśumāraka,,
paśuyājin,ī,
paśuvardhana,,
paśuvṛddhikara,ī,
paśuvrata,,
paśuṣa,,
paśuṣṭha,,
paśusaṃkhya,,
paśusamāmnāyika,,
paśusambhava,,
paśusādhanaka,,
paśusādhana,ī,
paśca,,
paścāccara,,
paścāja,,
paścātkṛta,,
paścāttara,,
paścāttāpasamanvita,,
paścāttāpahata,,
paścāttāpin,ī,
paścātpādadviguṇa,,
paścātpuroḍāśa,,
paścādanvavasāyin,ī,
paścādapavarga,,
paścāddvārika,,
paścādbhāga,,
paścādvartin,ī,
paścānnata,,
paścānmukhāśrita,,
paścārdhya,,
paścāsomapa,,
paścimadakṣiṇa,,
paścimadvāra,,
paścimadvārika,,
paścimābhimukha,,
paścimetara,,
paścimottarapūrva,,
paśyata,,
paśyatohara,,
paspaśa,,
pa,,
pāṃsaka,,
pāṃsana,ī,
pāṃsava,,
pāṃsavya,,
pāṃsin,ī,
pāṃsukūlika,,
pāṃsukṛta,,
pāṃsuguṇṭhita,,
pāṃsudhūmra,,
pāṃsudhvastaśiroruha,,
pāṃsura,,
pāṃsula,,
pāṃsusamūhana,,
pāṃsuhara,,
pākaja,,
pākayajñika,,
pākala,,
pākaśaṃsa,,
pāka,,
pākātīta,,
pākin,ī,
pākima,,
pākya,,
pākṣapātika,ī,
pākṣa,ī,
pākṣāyaṇa,ī,
pākṣika,ī,
pāgala,,
pāṅktakākubha,ī,
pāṅkta,ī,
pāṅkteya,,
pāṅktya,,
pācaka,ikā,
pācata,,
pācana,ī,
pācanīya,,
pācya,,
pāñcakapāla,ī,
pāñcakarmika,,
pāñcagatika,ī,
pāñcajanīna,,
pāñcadaśa,ī,
pāñcadaśya,,
pāñcanakha,ī,
pāñcanada,ī,
pāñcabhautika,ī,
pāñcamāhnika,ī,
pāñcamika,ī,
pāñcamūlika,ī,
pāñcayajñika,ī,
pāñcarātrika,ī,
pāñcavarṣika,ī,
pāñcavalkika,ī,
pāñcavārṣika,ī,
pāñcaśara,ī,
pāñcālaka,ikā,
pāñcāla,ī,
pāñcālika,ī,
pāñcālya,,
pāñcaudanika,ī,
pāñjara,,
pāṭanīya,,
pāṭalaka,,
pāṭalagaṇḍalekha,,
pāṭalaromaka,,
pāṭalika,,
pāṭalita,,
pāṭalin,ī,
pāṭaliputraka,ikā,
pāṭava,,
pāṭavika,ī,
pāṭita,,
pāṭin,ī,
pāṭūpaṭa,,
pāṭṭāraka,,
pāṭya,,
pāṭhana,ī,
pāṭhika,,
pāṭhita,,
pāṭhin,ī,
pāṭheya,,
pāṭhya,,
pāṇavika,ī,
pāṇiṃdhama,,
pāṇiṃdhaya,,
pāṇika,,
pāṇigata,,
pāṇigṛhīta,,
pāṇigrahaṇika,,
pāṇigrahaṇīya,,
pāṇinīya,,
pāṇin,ī,
pāṇipātra,,
pāṇipādacapala,,
pāṇipūra,,
pāṇipraṇayin,ī,
pāṇimita,,
pāṇimukha,,
pāṇisargya,,
pāṇistha,,
pāṇḍaradanta,,
pāṇḍaradvaragopura,,
pāṇḍaravāsin,ī,
pāṇḍaretara,,
pāṇḍavakulaprasūta,,
pāṇḍava,ī,
pāṇḍavīya,,
pāṇḍaveya,,
pāṇḍukambalasaṃvṛta,,
pāṇḍukambalin,ī,
pāṇḍuka,,
pāṇḍukin,ī,
pāṇḍugātra,,
pāṇḍucchāya,,
pāṇḍupattra,,
pāṇḍupṛṣṭha,,
pāṇḍubhūma,,
pāṇḍumukha,ī,
pāṇḍumṛttika,,
pāṇḍuraka,ikā,
pāṇḍurapṛṣṭha,,
pāṇḍuravāsin,ī,
pāṇḍurita,,
pāṇḍurogaghna,,
pāṇḍuroganāśana,,
pāṇḍurogin,ī,
pāṇḍuvarṇa,,
pāṇḍusikata,,
pāṇḍyavāṭaka,,
pāṇḍvavabhāsa,,
pāṇḍvāmayin,ī,
pāṇya,,
pāṇyāsya,,
pātaṃga,ī,
pātaka,,
pātakin,ī,
pātañjala,ī,
pātatriṇa,,
pātana,ī,
pātanīya,,
pātavya,,
pāta,,
pātālaprasthika,,
pātita,,
pātin,ī,
pātuka,,
pātnīvata,,
pātnīśāla,,
pātya,,
pātraṭa,,
pātratara,,
pātrabhūta,,
pātrastha,,
pātrika,ī,
pātrin,ī,
pātriya,,
pātrebahula,,
pātresamita,,
pātrya,,
pātheyaka,,
pāthya,,
pādaka,ikā,
pādakramika,,
pādacāra,,
pādacārin,ī,
pādajala,,
pādanamra,,
pādapatita,,
pādapūraṇa,,
pādapopagata,,
pādaprasvedin,ī,
pādabaddha,,
pādabhāga,,
pādamātra,ī,
pādalagna,,
pādavandanika,,
pādavigraha,,
pādaveṣṭanika,,
pādavyākhyāna,,
pādasvedanika,,
pādahāraka,,
pādāṃśika,,
pādāgrasthita,,
pādānata,,
pādānudhyāta,,
pādānudhyāna,,
pādāvanejana,ī,
pādāhata,,
pādika,ī,
pādin,ī,
pādukin,ī,
pādūna,,
pādona,,
pādopajīvin,ī,
pādma,ī,
pādyaka,,
pānaja,,
pānapara,,
pānapa,,
pānaprasaktahṛdaya,,
pānaprasakta,,
pānamatta,,
pānarata,,
pānaśauṇḍa,,
pānasa,ī,
pāna,,
pānīyadūṣaka,ikā,
pānīyaśīta,,
pānīya,,
pānthāyana,,
pānnaga,ī,
pānnāgāra,,
pānnejana,ī,
pāpakara,,
pāpakarmin,ī,
pāpaka,ikā,
pāpakāraka,,
pāpakārin,ī,
pāpagocara,,
pāpaghna,ī,
pāpacaka,,
pāpacārin,ī,
pāpaja,,
pāpajīva,,
pāpaṭhaka,,
pāpatara,,
pāpatimira,,
pāpadarśana,,
pāpadarśin,ī,
pāpada,,
pāpanāśin,ī,
pāpaniścaya,,
pāpaparājita,,
pāpapriya,,
pāpaphala,,
pāpabhāva,,
pāpamaya,ī,
pāpamukta,,
pāpayakṣmagṛhīta,,
pāparahita,,
pāparogin,ī,
pāpala,,
pāpaviniścaya,,
pāpaśamana,,
pāpasaṃśamana,,
pāpasammita,,
pāpahara,,
pāpa,ī,
pāpācāra,,
pāpādhama,,
pāpānubandha,,
pāpānuvasita,,
pāpārambhaka,,
pāpāśya,,
pāpin,ī,
pāpiṣṭhatama,,
pāpiṣṭhatara,,
pāpiṣṭha,,
pāpīyastara,,
pāpīya,,
pāpokta,,
pāmaghna,ī,
pāmanambhāvuka,,
pāmana,,
pāmara,,
pāmpa,ī,
pāyaka,ikā,
pāyasadagdha,,
pāyasa,ī,
pāyasika,ī,
pāyin,ī,
pāyya,,
pāraka,ī,
pārakāma,,
pārakulīna,,
pārakya,,
pāragata,,
pāragāmin,ī,
pāragrāmika,ī,
pāracara,ī,
pārajanmika,ī,
pāraṇa,,
pāraṇīya,,
pāratantrika,ī,
pāratrika,ī,
pāradarśaka,,
pāradarśana,,
pāradārika,ī,
pāradeśika,,
pāradeśya,,
pārabhṛtīya,,
pāramaka,ikā,
pāramagopucchika,,
pāramarṣa,,
pāramahaṃsa,ī,
pāramahaṃsya,,
pāramārthika,ī,
pāramita,,
pārameśvaraka,ikā,
pārameśvara,ī,
pārameṣṭhya,,
pārampara,,
pāramparīṇa,,
pāramparīya,,
pāramparyakramāgata,,
pāramparyāgata,,
pāraya,,
pārayiṣṇutama,,
pārayugīṇa,,
pāralokya,,
pāralaukika,ī,
pāravargya,,
pāraśava,ī,
pāraśvadha,ī,
pāraśvadhika,ī,
pārasa,ī,
pārasika,ī,
pārasīka,,
pārasīkeya,ī,
pāraskara,ī,
pārasyakulīna,,
pārasvata,ī,
pārahaṃsya,,
pāra,,
pārāyaṇika,,
pārāvata,ī,
pārāvatābha,,
pārāvārīṇa,,
pārāśarakalpika,,
pārāśara,ī,
pārikhīya,,
pārikheya,ī,
pārigrāmika,ī,
pārijātamaya,ī,
pāriṇāmika,ī,
pāritoṣika,ī,
pāripārśvaka,ikā,
pāripārśvika,,
pāriplavagata,,
pāriplavanetra,,
pāriplavaprabha,,
pāribhāṣika,ī,
pārimukhika,ī,
pārivrājaka,ī,
pāriṣatka,,
pāriṣadaka,ī,
pāriṣada,ī,
pārisāraka,,
pārisīrya,,
pārihanavya,,
pārihārika,ī,
pārīkṣita,ī,
pārīṇa,,
pārīya,,
pārucchepa,ī,
pāruṣika,,
pāruṣeya,ī,
pāredhanvaka,,
pārokṣa,ī,
pārṇavalka,,
pārṇa,ī,
pārthamaya,ī,
pārthava,ī,
pārthiva,ī,
pāryantika,ī,
pāryavasānika,,
pārya,,
pāryāptika,,
pāryulūkhalya,,
pāryoṣṭhya,,
pārvaṇa,ī,
pārvata,ī,
pārvatīya,,
pārvateya,ī,
pārśvaka,,
pārśvagata,,
pārśvaga,,
pārśvatīya,,
pārśvaparivartita,,
pārśvaparivartin,ī,
pārśvala,,
pārśvavartin,ī,
pārśvavivartin,ī,
pārśvaśaya,,
pārśvasaṃstha,,
pārśvasaṃhita,,
pārśvasthita,,
pārśva,,
pārśvāyāta,,
pārśvāsanna,,
pārśvāsīna,,
pārśvika,,
pārṣata,ī,
pārṣadaṃśa,,
pārṣadīya,,
pārṣṭeya,ī,
pārṣṭhika,,
pārṣṇiga,,
pārṣṇigraha,,
pārṣṇigrāha,,
pārṣṇīla,,
pālaka,ikā,
pālaṅka,ī,
pālada,,
pālana,ī,
pālanīya,,
pālala,ī,
pālaśaka,,
pālāśa,ī,
pālita,,
pālitya,,
pālin,ī,
pāleya,,
pālya,,
pāllaka,,
pāllavika,,
pālvalatīra,,
pālvala,ī,
pāvakavarṇa,,
pāvakīya,,
pāvana,ī,
pāvamāna,ī,
pāva,,
pāvita,,
pāvīrava,ī,
pāvya,,
pāśakaṇṭha,,
pāśakapālin,ī,
pāśabaddha,,
pāśabandhana,,
pāśava,ī,
pāśahasta,,
pāśita,,
pāśin,ī,
pāśila,,
pāśuka,ī,
pāśupatavrativiśa,,
pāśupata,ī,
pāśubandhaka,ikā,
pāśubandhaka,ī,
pāśubandhika,ī,
pāṣaṇḍastha,,
pāṣaṇḍa,ī,
pāṣāṇaghātadāyin,ī,
pāṣāṇacayanibaddha,,
pāṣāṇamaya,ī,
pāṣāṇahṛdaya,,
pāstya,,
piṅgalaka,ikā,
piṅgalajya,,
piṅgalākṣa,,
piṅgalin,ī,
piṅgalocana,,
piṅgākṣa,ī,
piṅgekṣaṇa,,
picaṇḍaka,,
picaṇḍika,,
picaṇḍin,ī,
picaṇḍila,,
piciṇḍila,,
picukīya,,
piccaṭa,,
piccita,,
picchala,,
piñjarita,,
piñjalaka,,
piñjala,,
piñja,,
piṭṭita,,
piṭharaka,ikā,
piṭhara,ī,
piḍakin,ī,
piṇḍaprada,,
piṇḍaphala,,
piṇḍamaya,ī,
piṇḍamātropajīvin,ī,
piṇḍaśīrṣa,,
piṇḍasambandhin,ī,
piṇḍastha,,
piṇḍākṣara,,
piṇḍitadruma,,
piṇḍitasneha,,
piṇḍita,,
piṇḍin,ī,
piṇḍila,,
piṇḍīkṛta,,
piṇḍībhūta,,
piṇḍīra,,
piṇḍopajīvin,ī,
pitāputrīya,,
pitṛkṛta,,
pitṛgāmin,ī,
pitṛdatta,,
pitṛdevatya,,
pitṛdeva,,
pitṛdaivata,ī,
pitṛdrohin,ī,
pitṛpakṣa,,
pitṛpīta,,
pitṛpaitāmaha,ī,
pitṛpaitāmahika,,
pitṛprāpta,,
pitṛbhakta,,
pitṛbhogīṇa,,
pitṛmātṛmaya,ī,
pitṛmātṛhīna,,
pitṛmātrartha,,
pitṛyāṇa,,
pitṛyāna,,
pitṛrūpa,,
pitṛvaṃśya,,
pitṛvākpara,,
pitṛvitta,,
pitṛśravaṇa,,
pitṛṣadana,,
pitṛsaṃnibha,,
pitṛsaṃyukta,,
pittagadin,ī,
pittaghna,,
pittadhara,,
pittanibarhaṇa,,
pittarogin,ī,
pittavidagdha,,
pittavināśana,,
pittaśamana,,
pittaśleṣmala,,
pittahara,ī,
pittātīsārin,ī,
pittodarin,ī,
pittopasṛṣṭa,,
pittopahata,,
pitrarjita,,
pitrādyanta,,
pitryupavītin,ī,
pithita,,
pidhātavya,,
pidhāyaka,ikā,
pidhāyin,ī,
pinaddhaka,ikā,
pinaddha,,
pinvamāna,,
pinva,,
pinvita,,
pipāsāla,,
pipāsita,,
pipāsin,ī,
pipīlikāmadhya,,
pippalamātra,,
pippalāda,,
pippalāśana,,
pippalīmūlīya,,
pippalīya,,
piplukarṇa,,
piplupracchādana,,
piba,,
pibdana,,
pilla,,
piśaṅga,ī,
piśaṅgāśva,,
piśaṅgita,,
piśācaka,ikā,
piśācakṣayaṇa,,
piśācacātana,,
piśācajambhana,,
piśācavadana,,
piśitanibha,,
piśitapaṅkāvanaddhāsthipañjaramaya,ī,
piśitalocana,,
piśitavasāmaya,ī,
piśita,,
piśitākāṅkṣin,ī,
piśitāśana,,
piśitāśin,ī,
piśuna,,
piśunita,,
piṣṭaja,,
piṣṭabhājana,,
piṣṭamaya,ī,
piṣṭamehin,ī,
piṣṭa,,
piṣṭāda,,
pihita,,
pīṭhamarda,,
pīṭhasarpin,ī,
pīḍana,,
pīḍanīya,,
pīḍayitavya,,
pīḍākara,,
pīḍita,,
pīḍin,ī,
pītaka,ikā,
pītakośa,,
pītataila,,
pītanidra,,
pītanīla,,
pītamadya,,
pītamāñjiṣṭha,,
pītaraktacchāya,,
pītarakta,,
pītarāga,,
pītala,,
pītavipīta,,
pītaśeṣa,,
pītaśoṇita,,
pītasomapūrva,,
pītaharitacchāya,,
pītaharita,,
pīta,,
pītāmbara,,
pītāruṇa,,
pītāvabhāsa,,
pītāvaśeṣa,,
pītin,ī,
pītodaka,,
pītvāsthiraka,,
pīthin,ī,
pīnatarala,,
pīnara,,
pīnaśroṇipayodhara,,
pīnasanāśana,,
pīnasita,,
pīnasin,ī,
pīnāṃsa,,
pīyūkṣila,,
pīyūṣapūrṇa,,
pīyūṣavarṇa,,
pīvaḥsphāka,,
pīvara,,
pīvarīkṛta,,
pīva,,
pīviṣṭha,,
pīvoanna,,
pīvoaśva,,
pīvopavasana,,
pīvorūpa,,
puṃjanmakara,,
puṃjanmada,,
puṃdevata,,
puṃnāmadheya,,
puṃsavana,,
pukin,ī,
puṅkhitaśara,,
puṅkhita,,
pucchāsyacārin,ī,
pucchin,ī,
puñjita,,
puñjiṣṭha,,
puñjīkartavya,,
puñjīkṛta,,
puṭabhedaka,,
puṭita,,
puṇḍarīkadalopama,,
puṇḍarīkanayana,,
puṇḍarīkapalāśākṣa,,
puṇḍarīkamukha,ī,
puṇḍarīkalocana,,
puṇḍarīkodaraprabha,,
puṇyagandha,,
puṇyagandhin,ī,
puṇyajala,,
puṇyajita,,
puṇyatara,,
puṇyanivaha,,
puṇyaprada,,
puṇyaphala,,
puṇyabharita,,
puṇyabhājin,ī,
puṇyamanya,,
puṇyamaya,ī,
puṇyamaheśākhya,,
puṇyalakṣmīka,,
puṇyalabdha,,
puṇyaloka,,
puṇyavardhana,,
puṇyavaha,,
puṇyavāgbuddhikarmin,ī,
puṇyavijita,,
puṇyaśīla,,
puṇyaśrīka,,
puṇyāśaya,,
puṇyāhavācana,,
puṇyokta,,
puṇyodaka,,
puṇyodyāna,,
puttalaka,ikā,
putrakalatranāśabhīta,,
putrakāma,,
putrakāmika,ī,
putrakṛtaka,,
putrakṛtya,,
putrajāta,,
putrada,,
putrapautrin,ī,
putrapautrīṇa,,
putraprada,,
putrapriya,,
putramaya,ī,
putralālasa,,
putravala,,
putrasaṃkarin,ī,
putrasahasraka,ikā,
putrasahasrin,ī,
putrasnehamaya,ī,
putrahata,,
putrahīna,,
putra,,
putrānnāda,,
putrārthin,ī,
putriṇyāpta,,
putrīkṛta,,
punaḥprayogarūpa,,
punaḥpravṛddha,,
punaḥprāpya,,
punaḥprāyaṇīya,,
punaḥsaṃskṛta,,
punaḥsambhava,,
punaḥsiddha,,
punaḥsukha,,
punarabhyunnīta,,
punararthin,ī,
punarāgata,,
punarāgāmin,ī,
punarādheya,,
punarādheyika,ī,
punarāvartaka,,
punarāvartin,ī,
punarāvṛtta,,
punarāsṛta,,
punaruktabhuktaviṣaya,,
punaruktavādin,ī,
punarutsṛṣṭa,,
punarutsyūta,,
punargeya,,
punarnitunna,,
punarninṛtta,,
punarniṣkṛta,,
punarbāla,,
punarbhakṣya,,
punarbhava,,
punarbhāvin,ī,
punarmagha,,
punarmanya,,
punarvaktavya,,
punaścara,,
puna,,
punāna,,
punīta,,
pumākhya,,
puraḥprasravaṇa,,
puraḥphala,,
puraḥsara,ī,
puraḥstha,,
puraḥsthāyin,ī,
puraḥsthita,,
puraga,,
puravāsin,ī,
puraścaraṇa,,
puraskaraṇīya,,
puraskartavya,,
puraskārya,,
puraskṛtamadhyamakrama,,
puraskṛta,,
purastāttna,,
purastātpuroḍāśa,,
purastātpravaṇa,,
purastātstobha,,
purastādagniṣṭoma,,
purastāducca,,
purastādudarka,,
purastādupacāra,,
purastādupayāma,,
purastāddaṇḍa,,
purastādbhāga,,
purastānmukha,,
purākṛta,,
purāṇadṛṣṭa,,
purāṇaprokta,,
purāṇa,ī,
purāṇīya,,
purātana,ī,
purānokta,,
purārdhavistara,,
purāhita,,
puriśaya,,
purīṣanigrahaṇa,,
purīṣabhedin,ī,
purīṣavāhaṇa,ī,
purīṣavāhana,ī,
purīṣavirañjanīya,,
purīṣasaṃgrahaṇīya,,
purīṣita,,
purīṣin,ī,
purīṣyavāhana,ī,
purīṣya,,
purugūrta,,
purucetana,,
puruja,,
purujāta,,
purutama,,
purudaṃsa,,
purudatra,,
purudama,,
purudaya,,
purudasma,,
purudrapsa,,
purudhapratīka,,
puruniṣṭha,,
purunṛmṇa,,
purupeśa,,
puruprajāta,,
purupraśasta,,
purupraiṣa,,
puruprauḍha,,
purumandra,,
purumāya,,
purumāyin,ī,
purumedha,,
pururatha,,
purulampaṭa,,
puruvāra,,
puruvrata,,
puruścandra,,
puruṣaka,,
puruṣakāma,,
puruṣagātra,,
puruṣajīvana,ī,
puruṣatantra,,
puruṣadaghna,,
puruṣadvayasa,ī,
puruṣadveṣin,ī,
puruṣaniṣkrayaṇa,,
puruṣamātra,ī,
puruṣamānin,ī,
puruṣamukha,ī,
puruṣayogin,ī,
puruṣarūpaka,,
puruṣarūpa,,
puruṣareṣaṇa,,
puruṣareṣin,ī,
puruṣavarjita,,
puruṣavidha,,
puruṣasammita,,
puruṣākāra,,
puruṣājāna,,
puruṣādaka,,
puruṣāda,ī,
puruṣāntaravedin,ī,
puruṣāyata,,
puruṣāyita,,
puruṣārthatrayīmaya,ī,
puruṣeṣita,,
puruṣoktika,,
puruṣṭuta,,
puruṣya,,
purusambhṛta,,
puruspārha,,
puruha,,
puruhūta,,
purūtama,,
purogata,,
purogama,,
purogāmin,ī,
purojava,,
puroḍāśika,ī,
puroḍāśin,ī,
puroḍāśīya,,
puroḍāśya,,
purodbhava,,
purodhākāma,,
puropanīta,,
purobalāka,,
purobhāgin,ī,
purobhāvin,ī,
puromukha,,
puroyodha,,
puroratha,,
purovartin,ī,
purovṛṣendra,,
purohita,,
purya,,
purvaṇīka,,
pulakāṅkitasarvāṅga,ī,
pulakācita,,
pulakitasarvāṅga,ī,
pulakita,,
pulakin,ī,
pulakīkṛta,,
pulakotkampa,,
pulakoddhūṣitaśarīra,,
pulasa,,
pula,,
pulākakārin,ī,
pulinadvīpaśobhita,,
pulinamaṇḍita,,
pulukāma,,
pulya,,
pulla,,
pulvagha,,
puṣa,,
puṣita,,
puṣkarapattranetra,,
puṣkaramukha,ī,
puṣkarākṣa,ī,
puṣkarin,ī,
puṣkarekṣaṇa,,
puṣkaroddhṛta,,
puṣṭa,,
puṣṭāṅga,ī,
puṣṭārtha,,
puṣṭikara,ī,
puṣṭikāma,,
puṣṭida,,
puṣṭimbhara,,
puṣṭivardhana,,
puṣpakarṇa,,
puṣpaja,,
puṣpapattrin,ī,
puṣpapeśala,,
puṣpabhava,,
puṣpamaya,ī,
puṣpamālāmaya,ī,
puṣpamālin,ī,
puṣparakta,,
puṣpahārin,ī,
puṣpahīna,,
puṣpākara,,
puṣpānta,,
puṣpābhikīrṇa,,
puṣpāśin,ī,
puṣpāhara,,
puṣpitapalāśapratima,,
puṣpitākṣa,,
puṣpitāgra,,
puṣpin,ī,
puṣpopagama,,
puṣyanetra,,
pustaka,ikā,
pustamaya,ī,
pusta,,
pūgakṛta,,
pūgatitha,,
pūgayajñiya,,
pūgya,,
pūjaka,ikā,
pūjanīya,,
pūjayāna,,
pūjayitavya,,
pūjākara,,
pūjārha,,
pūjitapūjaka,,
pūjita,,
pūjila,,
pūjya,,
pūtadakṣa,,
pūtapāpa,,
pūtabandhana,ī,
pūta,,
pūtika,,
pūtigandha,,
pūtigandhika,,
pūtināsika,,
pūtivaktra,,
pūtrima,,
pūna,,
pūpīya,,
pūpya,,
pūyamāna,,
pūraka,,
pūraṇa,ī,
pūraṇīya,,
pūrayitavya,,
pūra,,
pūrita,,
pūrin,ī,
pūruṣaghna,,
pūrṇakākuda,,
pūrṇakāma,,
pūrṇakāraṇa,,
pūrṇakha,,
pūrṇatūṇa,,
pūrṇapātrapratibhaṭa,,
pūrṇapātramaya,ī,
pūrṇapātra,ī,
pūrṇamānasa,,
pūrṇamukta,,
pūrṇayauvana,,
pūrṇalakṣmīka,,
pūrṇavandhura,,
pūrṇaviṃśativarṣa,,
pūrṇavighana,,
pūrṇavaināśika,,
pūrṇa,,
pūrṇāpūrṇa,,
pūrṇābhilāṣa,,
pūrṇāmṛta,,
pūrṇāmṛtāṃśuvadana,,
pūrṇārtha,,
pūrṇāhutika,,
pūrṇeccha,,
pūrṇendubimbānana,,
pūrṇenduvadana,,
pūrta,,
pūrtikāma,,
pūrtin,ī,
pūrya,,
pūryāṇa,,
pūrvaṃgata,,
pūrvaṃgama,,
pūrvaka,ikā,
pūrvakārin,ī,
pūrvakārya,,
pūrvakāla,,
pūrvakālika,,
pūrvakālīna,,
pūrvakṛta,,
pūrvakramāgata,,
pūrvagata,,
pūrvaga,,
pūrvacitta,,
pūrvacodita,,
pūrvajanmakṛta,,
pūrvajanmārjita,,
pūrvaja,,
pūrvatana,,
pūrvatara,,
pūrvatraigartaka,,
pūrvatraiyalinda,,
pūrvadatta,,
pūrvadāvika,,
pūrvadiśya,,
pūrvadiṣṭa,,
pūrvadīkṣin,ī,
pūrvadugdha,,
pūrvadṛṣṭa,,
pūrvadehika,,
pūrvadaihika,,
pūrvadvāra,,
pūrvadvārika,,
pūrvaniviṣṭa,,
pūrvapakṣin,ī,
pūrvapakṣīya,,
pūrvapadaprakṛtisvara,,
pūrvapadika,,
pūrvapadya,,
pūrvapaścānmukha,ī,
pūrvapaścāyata,,
pūrvapāñcālaka,,
pūrvapāṭaliputraka,,
pūrvapāṇinīya,,
pūrvapūjita,,
pūrvapūrvokta,,
pūrvapratipanna,,
pūrvaprasthita,,
pūrvapretapūjaka,,
pūrvapreta,,
pūrvabhāga,,
pūrvabhāvin,ī,
pūrvabhāṣin,ī,
pūrvabhūta,,
pūrvamāgadhaka,,
pūrvamārin,ī,
pūrvamukha,,
pūrvaya,,
pūrvayāmya,,
pūrvayāyin,ī,
pūrvarātrakṛta,,
pūrvavattara,,
pūrvavayasin,ī,
pūrvavayaska,,
pūrvavartin,ī,
pūrvavārṣika,,
pūrvavihita,,
pūrvavṛta,,
pūrvavṛtta,,
pūrvavairin,ī,
pūrvaśāṃśapa,,
pūrvaśārada,,
pūrvasaṃcita,,
pūrvasara,ī,
pūrvasāra,,
pūrvasārin,ī,
pūrvasiddha,,
pūrvasupta,,
pūrvastha,,
pūrvācarita,,
pūrvādya,,
pūrvādhika,,
pūrvādhyuṣita,,
pūrvānubhūta,,
pūrvānuṣṭhita,,
pūrvāpakārin,ī,
pūrvāpara,,
pūrvābhibhāṣin,ī,
pūrvārjita,,
pūrvārdhalambin,ī,
pūrvārdhya,,
pūrvāvadhīrita,,
pūrvāśin,ī,
pūrvāsin,ī,
pūrvāhṇakṛta,,
pūrvāhṇatana,,
pūrvāhṇika,ī,
pūrvāhṇegeya,,
pūrvāhṇetana,,
pūrvika,,
pūrviṇa,,
pūrvineṣṭha,,
pūrvin,ī,
pūrvīṇa,,
pūrvedyurāhṛta,,
pūrvedyurdugdha,,
pūrvaiṣukāmaśama,,
pūrvoktaparāmarśaka,,
pūrvokta,,
pūrvocita,,
pūrvotthāyin,ī,
pūrvotthita,,
pūrvotpanna,,
pūrvodakplava,,
pūrvodita,,
pūrvopakārin,ī,
pūrvopanihita,,
pūrvopapanna,,
pūrvopasṛta,,
pūrvopārjita,,
pṛkta,,
pṛkṣayāma,,
pṛkṣa,,
pṛcchaka,ikā,
pṛcchya,,
pṛthakkāma,,
pṛthakkula,,
pṛthakkṛta,,
pṛthakcara,ī,
pṛthakpada,,
pṛthakśāyin,ī,
pṛthaksalila,,
pṛthaksukha,,
pṛthaksthita,,
pṛthagartha,,
pṛthagālaya,,
pṛthagīśamānin,ī,
pṛthagguṇa,,
pṛthaggotra,,
pṛthagdevata,,
pṛthagbhūta,,
pṛthagyoga,,
pṛthagrasamaya,ī,
pṛthagrūpa,,
pṛthagvādin,ī,
pṛthagvidha,,
pṛthaṅniṣṭha,,
pṛthamātra,,
pṛthivibhāga,,
pṛthiviṣṭha,,
pṛthivīṃjaya,,
pṛthivīpratiṣṭha,,
pṛthivīpra,,
pṛthivīmaya,ī,
pṛthivīsaṃśita,,
pṛthivyupara,,
pṛthukīya,,
pṛthukya,,
pṛthujraya,,
pṛthutama,,
pṛthutara,,
pṛthudaṃṣṭra,,
pṛthudarśin,ī,
pṛthudhāra,,
pṛthunitamba,,
pṛthupragāṇa,,
pṛthuprajña,,
pṛthupratha,,
pṛthuprotha,,
pṛthubudhna,,
pṛthumukha,,
pṛthulavikrama,,
pṛthuvyaṃsa,,
pṛthuṣṭuka,,
pṛśninipreṣita,,
pṛśnisaktha,,
pṛṣata,,
pṛṣadaśva,,
pṛṣadājyapraṇutta,,
pṛṣadvatsa,,
pṛṣāta,,
pṛṣotthāna,,
pṛṣṭa,,
pṛṣṭābhidhāyin,ī,
pṛṣṭisācaya,,
pṛṣṭyāmayin,ī,
pṛṣṭhaga,,
pṛṣṭhagāmin,ī,
pṛṣṭhatomukha,,
pṛṣṭhadhāraka,,
pṛṣṭhapātin,ī,
pṛṣṭhamāṃsādana,,
pṛṣṭhamāṃsāda,,
pṛṣṭhayāna,,
pṛṣṭhayāyin,ī,
pṛṣṭhalagna,,
pṛṣṭhaśaya,,
pṛṣṭhānuga,,
pṛṣṭhānugāmin,ī,
pṛṣṭhānupṛṣṭhaka,ikā,
pṛṣṭhemukha,ī,
pṛṣṭhodaya,,
pṛṣṭhya,,
peṭaka,ikā,
pepīyamāna,,
peya,,
pelavapuṣpapattrin,ī,
peśana,ī,
peśalamadhya,,
peśalākṣa,,
peśīkṛta,,
peśvara,,
peṣaka,ikā,
peṣaṇīya,,
peṣa,ī,
peṣya,,
pesuka,,
pesvara,,
paiṅga,,
paiṅgākṣīputra,,
paiṅgākṣīputrīya,,
paiṅgin,ī,
paiṭakika,,
paiṭākika,,
paiṭhara,ī,
paiṭhasarpa,,
paiḍika,ī,
paiṇḍapātika,ī,
paitadārava,,
paitāputrīya,,
paitāmahaka,,
paitāmaha,ī,
paitudārava,,
paitudrava,,
paitṛka,ī,
paitṛmatya,,
paitṛmedhika,,
paitṛyajñika,,
paitṛyajñīya,,
paitṛṣvaseya,ī,
paitṛṣvasrīya,,
paittala,ī,
paitta,ī,
paittika,ī,
paitra,ī,
paitrya,ī,
painaddhaka,,
paināka,ī,
paippalava,,
paippala,ī,
paippalādaka,ī,
paippalāda,ī,
paippalīkacchapa,,
paiyūkṣa,,
pailava,ī,
pailukuṇa,,
pailumūla,,
paiśāca,ī,
paiśācika,ī,
paiśunika,,
paiśunyavādin,ī,
paiṣṭa,ī,
paiṣṭika,ī,
pogaṇḍa,,
potaja,,
potrīya,,
pothita,,
popuva,,
poṣaka,ikā,
poṣaṇa,,
poṣaṇīya,,
poṣadhika,,
poṣadhoṣita,,
poṣitavya,,
poṣita,,
poṣin,ī,
poṣuka,,
poṣṭṛvara,,
poṣya,,
pauṃścalīya,,
pauṃsna,ī,
pauṃsya,,
paugaṇḍa,ī,
pauccha,,
pauṇḍarīka,ī,
pauṇḍranāgara,,
pauṇya,,
pautarīya,,
pautika,,
pautimāṣa,,
pautudruva,,
pautṛka,,
pautra,ī,
pautrin,ī,
pautrya,,
paudgalika,,
paunaḥpunika,,
paunarādheyika,ī,
paunaruktika,,
paunarnava,,
paunarbhavika,ī,
paunarvasava,,
paunarvācanika,,
paunarvācika,,
pauraṃjana,ī,
pauraṃdara,ī,
pauraṃdhra,,
pauragīya,,
paurajānapada,ī,
paurava,ī,
pauravīya,,
pauraścaraṇika,,
paura,ī,
paurāṇa,ī,
paurāṇika,ī,
pauruṣamedhika,,
pauruṣavidhika,,
pauruṣa,ī,
pauruṣāda,,
pauruṣeya,ī,
pauruṣya,,
pauruhūta,,
paurūravasa,,
paureya,,
paurodāśika,ī,
paurodāśīya,,
paurohita,ī,
paurohitya,,
paurṇamāsa,ī,
paurṇamāsika,ī,
paurta,,
paurtika,,
paurvajanmika,,
paurvadehika,,
paurvadaihika,,
paurvanagareya,,
paurvapañcālaka,,
paurvapadika,,
paurvabhaktika,ī,
paurvamadrika,,
paurvavarṣika,,
paurvaśāla,,
paurva,ī,
paurvārdhaka,,
paurvārdhika,,
paurvāhṇika,,
paurvika,ī,
paulastya,,
paulāka,,
paulāsa,,
paulinya,,
pauliśa,,
pauloma,,
pauṣa,ī,
pauṣkaraka,,
pauṣkara,ī,
pauṣkareyaka,,
pauṣkalāvata,,
pauṣkaleyaka,,
pauṣṭika,ī,
pauṣṇa,ī,
pauṣpaka,,
pauṣpaketava,,
pauṣpa,ī,
pauṣpīya,,
pauṣya,,
pyāta,,
pyāna,,
pyāyana,,
pyāyita,,
prakaca,,
prakaṭaraktāntanayana,,
prakaṭaśīrṣa,,
prakaṭita,,
prakaṭīkṛta,,
prakaṭībhūta,,
prakamanīya,,
prakampanīya,,
prakampa,,
prakampita,,
prakampin,ī,
prakampya,,
prakara,ī,
prakartavya,,
prakarṣaṇīya,,
prakarṣatantra,,
prakarṣita,,
prakarṣin,ī,
prakalpaka,ikā,
prakalpita,,
prakalpya,,
prakalyāṇa,,
prakāmavinata,,
prakāmāntastapta,,
prakāraka,,
prakārya,,
prakālana,,
prakāśaka,ikā,
prakāśakāma,,
prakāśana,,
prakāśanīya,,
prakāśa,,
prakāśātmaka,,
prakāśita,,
prakāśin,ī,
prakāśetara,,
prakāśya,,
prakīrṇaka,,
prakīrṇakeśa,ī,
prakīrṇamaithuna,,
prakīrṇa,,
prakīrṇāmbaramūrdhaja,,
prakīrtita,,
prakīrya,,
prakuthita,,
prakupita,,
prakupta,,
prakṛta,,
prakṛtārtha,,
prakṛtikalyāṇa,ī,
prakṛtikṛpaṇa,,
prakṛtija,,
prakṛtitarala,,
prakṛtiniṣṭhura,,
prakṛtibhava,,
prakṛtibhāva,,
prakṛtibhūta,,
prakṛtimaya,ī,
prakṛtiviṣama,,
prakṛtiṣṭha,,
prakṛtisampanna,,
prakṛtisiddha,,
prakṛtisubhaga,,
prakṛtisthadarśana,,
prakṛtistha,,
prakṛtisthita,,
prakṛtokta,,
prakṛśita,,
prakṛṣṭatama,,
prakṛṣṭatara,,
prakṛṣṭa,,
prakṛṣyakutsita,,
prakṛṣya,,
prakḷptasnānamaṇḍana,,
prakḷpta,,
prakotha,,
prakopaṇa,ī,
prakopaṇīya,,
prakopana,ī,
prakopanīya,,
prakopita,,
prakopin,ī,
prakramaṇīya,,
prakramaviruddha,,
prakramitavya,,
prakramya,,
prakrānta,,
prakrīḍita,,
prakrīḍin,ī,
praklinnahṛdayekṣaṇa,,
praklinna,,
prakledana,,
prakledin,ī,
prakṣayaṇa,,
prakṣa,,
prakṣāma,,
prakṣālaka,,
prakṣālana,,
prakṣālanīya,,
prakṣālitapāda,,
prakṣālita,,
prakṣālya,,
prakṣipta,,
prakṣīṇa,,
prakṣuṇṇa,,
prakṣepaṇīya,,
prakṣepin,ī,
prakṣeptavya,,
prakṣepya,,
prakṣveḍita,,
prakhara,,
prakhāda,,
prakhya,,
prakhyātabalavīrya,,
prakhyātavaptṛka,,
prakhyāta,,
prakhyānīya,,
prakhyāpanīya,,
prakhyāpita,,
prakhyāyamāna,,
pragatajānuka,,
pragata,,
pragadita,,
pragamanīya,,
pragardhin,ī,
pragalita,,
pragalbhita,,
praga,,
pragāḍha,,
pragādya,,
pragāmin,ī,
pragāyin,ī,
pragīta,,
praguṇita,,
praguṇin,ī,
praguṇya,,
pragṛhīta,,
pragṛhya,,
pragetana,,
prageniśa,,
prageśaya,,
pragrahin,ī,
pragrahītavya,,
pragrīva,,
pragla,,
praghāsin,ī,
praghāsya,,
praghuṣṭa,,
praghūrṇa,,
praghṛṣṭa,,
pracakita,,
pracaṇḍaghoṇa,,
pracaṇḍaśarakārmuka,,
pracaṇḍasūrya,,
pracapala,,
pracayakāṣṭhāgata,,
pracaraṇīya,,
pracaritavya,,
pracarita,,
pracalakāñcanakuṇḍala,,
pracalalatābhuja,,
pracala,,
pracalāṅga,,
pracalāyita,,
pracalita,,
pracārita,,
pracārin,ī,
pracālaka,ikā,
pracikita,,
pracita,,
pracintya,,
pracīrṇa,,
pracudita,,
pracuracchala,,
pracuranityadhanāgama,,
pracurapādapa,,
pracurapuruṣa,,
pracuraratnadhanāgama,,
pracuraloma,,
pracurīkṛta,,
pracṛttaśikha,,
pracṛtta,,
pracetana,,
pracetasa,,
pracetita,,
pracetuna,,
praceya,,
pracodaka,ikā,
pracodita,,
pracodin,ī,
pracchannagupta,,
pracchannacāraka,,
pracchannacārin,ī,
pracchanna,,
pracchādaka,ikā,
pracchādana,,
pracchādita,,
pracchādya,,
pracchita,,
pracchindyākarṇa,ī,
pracyavana,,
pracyāvuka,,
pracyuta,,
prajananakāma,,
prajananakuśala,,
prajanana,,
prajalpita,,
prajavana,,
prajava,,
prajavita,,
prajavin,ī,
prajahita,,
prajākāma,,
prajāgara,,
prajāgarūka,,
prajāta,,
prajātikāma,,
prajādhara,,
prajāpatigṛhīta,,
prajāpaticita,,
prajāpatibhakṣita,,
prajāpatimātra,,
prajāpatimukha,,
prajāpatisṛṣṭa,,
prajāpa,,
prajāvyṛddhapaśuvyṛddha,,
prajāhita,,
prajijanayiṣitavya,,
prajijaniṣamāṇa,,
prajita,,
prajīrṇa,,
prajuṣṭa,,
prajñapta,,
prajña,,
prajñāgupta,,
prajñātavya,,
prajñāta,,
prajñātāgra,,
prajñānatṛpta,,
prajñāna,ī,
prajñāpanīya,,
prajñāpayitavya,,
prajñāpita,,
prajñāpeta,,
prajñāmaya,ī,
prajñāla,,
prajñāvṛddha,,
prajñāsahāya,,
prajñāhīna,,
prajñin,ī,
prajñila,,
prajvalanīya,,
prajvalita,,
prajvālita,,
praḍīna,,
praṇatakāya,,
praṇatabahuphala,,
praṇata,,
praṇadita,,
praṇamita,,
praṇamra,,
praṇayakupita,,
praṇayanīya,,
praṇayapeśala,,
praṇayamadhura,,
praṇayamaya,ī,
praṇayavimukha,ī,
praṇayāpahārin,ī,
praṇayin,ī,
praṇayibhava,,
praṇayonmukha,ī,
praṇayopeta,,
praṇasa,,
praṇa,,
praṇādaka,,
praṇāmin,ī,
praṇāyya,,
praṇāśana,ī,
praṇāśin,ī,
praṇiṃsitavya,,
praṇiṃsita,,
praṇidhātavya,,
praṇidhāyin,ī,
praṇidheya,,
praṇinīṣeṇya,,
praṇipatita,,
praṇipātagata,,
praṇipātapratīkāra,,
praṇipātin,ī,
praṇihata,,
praṇihita,,
praṇihitekṣaṇa,,
praṇīta,,
praṇīya,,
praṇuta,,
praṇutta,,
praṇuda,,
praṇudita,,
praṇunna,,
praṇejana,ī,
praṇetavya,,
praṇeya,,
praṇottavya,,
praṇodita,,
praṇodya,,
praṇyasta,,
pratata,,
pratana,ī,
pratapta,,
prataraṇa,ī,
pratarīya,,
pratardana,,
pratānita,,
pratānin,ī,
pratāpana,,
pratāpin,ī,
pratāmra,,
pratāraka,,
pratāraṇīya,,
pratārita,,
pratikaraṇīya,,
pratikara,ī,
pratikartavya,,
pratikalpya,,
pratikaśa,,
pratikaṣṭa,,
pratika,ī,
pratikāṅkṣitavya,,
pratikāṅkṣin,ī,
pratikāma,,
pratikāmin,ī,
pratikāmya,,
pratikārajña,,
pratikārya,,
pratikīrṇa,,
pratikuñcita,,
pratikūlakārin,ī,
pratikūladarśana,,
pratikūladaiva,,
pratikūlapravartin,ī,
pratikūlabhāṣin,ī,
pratikūlavartin,ī,
pratikūlavādin,ī,
pratikūlavisarpin,ī,
pratikūlavedanīya,,
pratikūlaśabda,,
pratikūlika,,
pratikṛta,,
pratikṛṣṭa,,
pratikruṣṭa,,
pratikrūra,,
pratikṣipta,,
pratigata,,
pratigīrya,,
pratigupta,,
pratigupya,,
pratigṛhīta,,
pratigṛhya,,
pratigrahaṇa,,
pratigrahaṇīya,,
pratigrahadhana,,
pratigrahaprāpta,,
pratigrahin,ī,
pratigrahītavya,,
pratigrāhaka,,
pratigrāhin,ī,
pratigrāhya,,
pratighātaka,ikā,
pratighātin,ī,
pratighoṣin,ī,
praticakṣin,ī,
praticārita,,
praticārin,ī,
praticintanīya,,
praticodita,,
praticchandakalyāṇa,,
praticchandaka,,
praticchanna,,
praticchāyāmaya,ī,
pratijagdha,,
pratijanya,,
pratijātakopa,,
pratijāta,,
pratijña,,
pratijñātavya,,
pratijñāta,,
pratijñāpāraga,,
pratijñāpita,,
pratijñāvivāhita,,
pratijñeya,,
pratitarkita,,
pratidaṇḍa,,
pratidātavya,,
pratidāpya,,
pratidīpta,,
pratidūṣita,,
pratidṛṣṭa,,
pratideya,,
pratideśanīya,,
pratidvaṃdvībhūta,,
pratidhyāta,,
pratidhvasta,,
pratidhvānita,,
pratidhvānin,ī,
pratinandita,,
pratinamaskāra,,
pratinava,,
pratinādita,,
pratiniḥsṛjya,,
pratiniḥsṛṣṭa,,
pratinigrāhya,,
pratinidhātavya,,
pratinidhāpayitavya,,
pratinidheya,,
pratiniyata,,
pratinirgrāhya,,
pratinirjita,,
pratinirdiṣṭa,,
pratinirdeśaka,,
pratinirdeśya,,
pratinivartita,,
pratiniviṣṭa,,
pratinivṛtta,,
pratiniṣṭha,,
pratiniṣpūta,,
pratinihata,,
pratipakṣita,,
pratipattavya,,
pratipattidakṣa,,
pratipattidarśin,ī,
pratipattiniṣṭhura,,
pratipattiparāṅmukha,ī,
pratipattiviśārada,,
pratipathika,,
pratipannaprayojana,,
pratipanna,,
pratipanmaya,,
pratipādaka,ikā,
pratipādanīya,,
pratipādayitavya,,
pratipādita,,
pratipāduka,ī,
pratipādya,,
pratipāpa,,
pratipāpin,ī,
pratipālaka,ikā,
pratipālanīya,,
pratipālayitavya,,
pratipālita,,
pratipālin,ī,
pratipālya,,
pratipiṣṭa,,
pratipuṃniyata,,
pratipūjaka,,
pratipūjita,,
pratipūjya,,
pratipūrita,,
pratipūrṇabimba,,
pratipūrṇamānasa,,
pratipūrṇa,,
pratipraṇavasaṃyukta,,
pratipratta,,
pratiprayāta,,
pratiprasūta,,
pratiprāśita,,
pratiprāsthānika,,
pratipriya,,
pratiprokta,,
pratiphullaka,,
pratibaddhacitta,,
pratibaddhaprasara,,
pratibaddharāga,,
pratibaddha,,
pratibadhya,,
pratibandhaka,ikā,
pratibandhakārin,ī,
pratibandhamukta,,
pratibandhin,ī,
pratibala,,
pratibādhaka,ikā,
pratibādhita,,
pratibādhin,ī,
pratibimbavartin,ī,
pratibimbita,,
pratibuddhaka,,
pratibuddha,,
pratibodhaka,,
pratibodhana,,
pratibodhanīya,,
pratibodhita,,
pratibodhin,ī,
pratibhaṭa,,
pratibhaṇita,,
pratibhaṇḍitavya,,
pratibhayaṃkara,,
pratibhayakara,,
pratibhayākāra,,
pratibha,,
pratibhānvita,,
pratibhāmukha,,
pratibhinnaka,,
pratibhinna,,
pratibhukta,,
pratibhṛta,,
pratibhojita,,
pratibhojin,ī,
pratimaṇḍita,,
pratimantrayitavya,,
pratimantrita,,
pratimāgata,,
pratimātavya,,
pratimānakalpa,,
pratimānayitavya,,
pratimita,,
pratimukta,,
pratimeya,,
pratimocita,,
pratiyatna,,
pratiyātanidra,,
pratiyāta,,
pratiyuta,,
pratiyuddha,,
pratiyogika,,
pratiyogin,ī,
pratiyojayitavya,,
pratiyoddhavya,,
pratirañjita,,
pratirata,,
pratira,,
pratirāddha,,
pratiruṃṣita,,
pratiruta,,
pratiruddha,,
pratirūḍha,,
pratirūpaka,ikā,
pratirūpacarya,,
pratirodhakara,,
pratirodhin,ī,
pratiropita,,
pratilabhya,,
pratilikhita,,
pratilīna,,
pratiloḍita,,
pratilomaka,,
pratilomaja,,
pratilomarūpa,,
pratilomānuloma,,
prativaktavya,,
prativacanīkṛta,,
prativaditavya,,
prativarṇika,,
prativākya,,
prativācya,,
prativādin,ī,
prativāraṇa,,
prativārita,,
prativārya,,
prativāśa,,
prativāsarika,,
prativāsita,,
prativāsin,ī,
pratividdha,,
pratividhātavya,,
pratividheya,,
prativiparīta,,
prativiruddha,,
prativiśiṣṭa,,
prativiśrabdha,,
prativiśva,,
prativihita,,
prativītatama,,
prativīta,,
prativedita,,
prativedin,ī,
prativeśin,ī,
prativodhavya,,
prativyūḍha,,
pratiśaṅkanīya,,
pratiśabdaga,,
pratiśayita,,
pratiśaraṇabhūta,,
pratiśāntakopa,,
pratiśānta,,
pratiśiṣṭa,,
pratiśīta,,
pratiśīna,,
pratiśobhita,,
pratiśyāyin,ī,
pratiśravaṇapūrva,,
pratiśrava,,
pratiśruta,,
pratiṣicya,,
pratiṣiddhavāma,,
pratiṣiddhasevin,ī,
pratiṣiddha,,
pratiṣekya,,
pratiṣeddhavya,,
pratiṣedhaka,ikā,
pratiṣedhana,,
pratiṣedhanīya,,
pratiṣedhātmaka,,
pratiṣedhārthīya,,
pratiṣedhya,,
pratiṣṭabdha,,
pratiṣṭambhin,ī,
pratiṣṭhākāma,,
pratiṣṭhānvita,,
pratiṣṭhāpayitavya,,
pratiṣṭhāpita,,
pratiṣṭhāpya,,
pratiṣṭhitapada,,
pratiṣṭhitamātra,,
pratiṣṭhitasaṃtāna,,
pratiṣṭhita,,
pratiṣṇāta,,
pratisaṃkucita,,
pratisaṃkruddha,,
pratisaṃjāta,,
pratisaṃdeṣṭavya,,
pratisaṃdhita,,
pratisaṃdheya,,
pratisaṃyatta,,
pratisaṃyāta,,
pratisaṃyukta,,
pratisaṃrabdha,,
pratisaṃruddha,,
pratisaṃlīna,,
pratisaṃvedaka,,
pratisaṃvedin,ī,
pratisaṃsṛṣṭabhakta,,
pratisaṃsṛṣṭa,,
pratisaṃskṛta,,
pratisaṃhita,,
pratisaṃhṛta,,
pratisaṃhṛṣṭa,,
pratisaṅgin,ī,
pratisatkṛta,,
pratisadṛkṣa,,
pratisama,,
pratisamādiṣṭa,,
pratisamāśrita,,
pratisamāsita,,
pratisamāhita,,
pratisambuddha,,
pratisaraṇa,,
pratisarya,,
pratisavya,,
pratisāma,,
pratisāraṇīya,,
pratisārita,,
pratisārin,ī,
pratisupta,,
pratisṛta,,
pratisṛṣṭa,,
pratiskhalita,,
pratistabdha,,
pratisnāta,,
pratispardhin,ī,
pratispaśa,,
pratispāśana,,
pratihataraya,,
pratihata,,
pratihantavya,,
pratiharṣaṇa,,
pratihārya,,
pratihiṃsita,,
pratihita,,
pratihitāyin,ī,
pratihṛta,,
pratihotavya,,
pratīkārya,,
pratīkṣaṇīya,,
pratīkṣita,,
pratīkṣin,ī,
pratīkṣya,,
pratīghātin,ī,
pratīcīnagrīva,,
pratīcīnaprajanana,,
pratīcīnaphala,,
pratīcīnamukha,ī,
pratīcīna,,
pratīcīneḍa,,
pratīcya,,
pratīta,,
pratītārtha,,
pratīpaka,,
pratīpagāmin,ī,
pratīpin,ī,
pratīrṇa,,
pratīvarta,,
pratīveśin,ī,
pratīṣita,,
pratuṣṭida,,
pratūrṇa,,
pratūrtaka,,
pratūrta,,
pratta,,
pratyakcetana,,
pratyakpravaṇa,,
pratyakṣakṛta,,
pratyakṣacārin,ī,
pratyakṣadarśin,ī,
pratyakṣadṛśya,,
pratyakṣadṛṣṭa,,
pratyakṣapara,,
pratyakṣaphala,,
pratyakṣabhūta,,
pratyakṣaraśleṣamaya,ī,
pratyakṣavādin,ī,
pratyakṣavihita,,
pratyakṣasiddha,,
pratyakṣāvagama,,
pratyakṣin,ī,
pratyakṣīkṛta,,
pratyagakṣaja,,
pratyagakṣa,,
pratyagapavarga,,
pratyagātma,,
pratyagānanda,,
pratyagekarasa,,
pratyagdakṣiṇāpravaṇa,,
pratyagraśodhita,,
pratyaṅgavartin,ī,
pratyaṅmukha,ī,
pratyanantara,,
pratyanīka,,
pratyanuvāśita,,
pratyanta,,
pratyantika,,
pratyantima,,
pratyandhakāra,,
pratyapara,,
pratyabhicaraṇa,,
pratyabhicita,,
pratyabhijñāta,,
pratyabhinandita,,
pratyabhinandin,ī,
pratyabhibhāṣin,ī,
pratyabhibhūta,,
pratyabhimṛṣṭa,,
pratyabhiyukta,,
pratyabhivādaka,,
pratyabhihita,,
pratyabhyanujñāta,,
pratyamitra,,
pratyayakara,,
pratyayakāraka,,
pratyayakāraṇa,,
pratyayakārin,ī,
pratyayātma,,
pratyayika,,
pratyayitavya,,
pratyayita,,
pratyayin,ī,
pratyarcita,,
pratyarthin,ī,
pratyarthibhūta,,
pratyarpaṇīya,,
pratyarpita,,
pratyavakarśana,,
pratyavara,,
pratyavaruddha,,
pratyavarohin,ī,
pratyavasita,,
pratyavasṛta,,
pratyavasthita,,
pratyavekṣya,,
pratyaṣṭa,,
pratyasta,,
pratyaha,,
pratyākalita,,
pratyākroṣṭavya,,
pratyākṣepaka,ikā,
pratyākhyātavya,,
pratyākhyāta,,
pratyākhyāna,,
pratyākhyāyin,ī,
pratyākhyeya,,
pratyāgataprāṇa,,
pratyāgata,,
pratyācakṣāṇaka,,
pratyātmaka,,
pratyātmaviniyata,,
pratyātmika,,
pratyādiṣṭa,,
pratyādeya,,
pratyānīta,,
pratyāneya,,
pratyāpanna,,
pratyāmnātavya,,
pratyāyaka,,
pratyāyana,,
pratyāyayitavya,,
pratyāyita,,
pratyāyya,,
pratyārdratara,,
pratyārdra,,
pratyālīḍha,,
pratyāvṛtta,,
pratyāśin,ī,
pratyāśvasta,,
pratyāsanna,,
pratyāsvara,,
pratyāhata,,
pratyāharaṇīya,,
pratyāhartavya,,
pratyāha,,
pratyāhārya,,
pratyāhṛta,,
pratyukta,,
pratyucchrita,,
pratyutkrāntajīvita,,
pratyutkrānta,,
pratyutthāyin,ī,
pratyutthāyuka,,
pratyutthita,,
pratyuttheya,,
pratyutpanna,,
pratyudāhārya,,
pratyudāhṛta,,
pratyudita,,
pratyudgata,,
pratyudgamanīya,,
pratyudgīta,,
pratyuddhṛta,,
pratyudyata,,
pratyudyamin,ī,
pratyudyāta,,
pratyudyāmin,ī,
pratyupakārin,ī,
pratyupagata,,
pratyupadiṣṭa,,
pratyuparuddha,,
pratyupalabdha,,
pratyupaviṣṭa,,
pratyupasthita,,
pratyupekṣita,,
pratyupeya,,
pratyupodita,,
pratyupta,,
pratyuṣṭa,,
pratyuṣya,,
pratyūḍha,,
pratyṛta,,
pratyeka,,
pratyetavya,,
prathamakathita,,
prathamakalpita,,
prathamaka,,
prathamacittotpādika,,
prathamaja,,
prathamajāta,,
prathamadugdha,,
prathamanirdiṣṭa,,
prathamaparāpātin,ī,
prathamaparigṛhīta,,
prathamapravada,,
prathamapluta,,
prathamabhāvin,ī,
prathamamaṅgala,,
prathamavayasin,ī,
prathamavāsya,,
prathamasamāvṛtta,,
prathamasvara,,
prathamāgāmin,ī,
prathamābhitapta,,
prathametara,,
prathamottama,,
prathamotpatita,,
prathamotpanna,,
prathamodita,,
prathamodbhava,,
prathāpaha,,
prathitaprabodha,,
prathitavidiśālakṣaṇa,,
prathita,,
prathitānurāga,,
prathimin,ī,
prathiṣṭha,,
pradakṣiṇa,,
pradakṣiṇānuloma,,
pradakṣiṇāvartaśikha,,
pradakṣiṇāvarta,,
pradakṣiṇāvṛtka,,
pradagdhavya,,
pradagdha,,
pradattanayanotsava,,
pradatta,,
pradarśaka,,
pradarśita,,
pradarśin,ī,
pradava,,
pradātavya,,
pradānakṛpaṇa,,
pradāpya,,
pradāyaka,,
pradāyin,ī,
pradigdha,,
pradiṣṭa,,
pradīpaka,ikā,
pradīpana,,
pradīpīya,,
pradīpta,,
pradīpya,,
pradīrgha,,
praduṣṭa,,
pradūṣaka,,
pradūṣaṇa,,
pradūṣita,,
pradṛpta,,
pradeśavartin,ī,
pradeśastha,,
pradeśita,,
pradoṣaramaṇīya,,
pradoṣa,,
pradyutita,,
pradyumnāgamanīya,,
pradyotita,,
pradyotin,ī,
pradrava,,
pradrāṇaka,,
pradrāvin,ī,
pradruta,,
pradhanāghātaka,,
pradharṣaka,,
pradharṣaṇa,,
pradharṣaṇīya,,
pradharṣita,,
pradharṣin,ī,
pradhānatama,,
pradhānatara,,
pradhānabhūta,,
pradhānaśiṣṭa,,
pradhānottama,,
pradhāraṇa,,
pradhārya,,
pradhāvita,,
pradhūpita,,
pradhūmita,,
pradhṛṣṭa,,
pradhṛṣya,,
pradhmāpita,,
pradhvaṃsana,,
pradhvaṃsita,,
pradhvaṃsin,ī,
pradhvasta,,
pranartita,,
pranardaka,,
pranaṣṭajñānika,,
pranaṣṭavinaya,,
pranaṣṭasvāmika,,
pranaṣṭa,,
pranaṣṭādhigata,,
pranāyaka,,
praniṃsitavya,,
pranīḍa,,
pranṛtta,,
pranṛtya,,
prapakva,,
prapakṣa,,
prapañcaka,ikā,
prapañcacatura,,
prapañcita,,
prapatita,,
prapatha,,
prapathin,ī,
prapathya,,
prapanna,,
prapannārtihara,ī,
praparṇa,,
prapalāyita,,
prapalāyin,ī,
prapalāśa,,
prapavaṇīya,,
prapavanīya,,
prapaśyamāna,,
prapāṭhita,,
prapāṇīya,,
prapāṇḍura,,
prapātābhimukha,ī,
prapāduka,,
prapāpūraṇīya,,
prapāyin,ī,
prapiṣṭabhāga,,
prapiṣṭa,,
prapīḍita,,
prapīta,,
prapīna,,
prapurāṇa,,
prapuṣpita,,
prapūjita,,
prapūraka,ikā,
prapūraṇa,ī,
prapūrita,,
prapṛṣṭha,,
prapyasa,,
prapyāta,,
prapyāna,,
prapyāyanīya,,
prapluta,,
praphulta,,
praphullanayana,,
praphullanetra,,
praphullavadana,,
praphulla,,
prabaddhamūtra,,
prabaddha,,
prabalatara,,
prabalatoya,,
prabādhaka,,
prabādhita,,
prabādhin,ī,
prabābadhāna,,
prabuddha,,
prabodhaka,,
prabodhana,,
prabodhita,,
prabodhin,ī,
prabodhya,,
prabhagna,,
prabhaṅgin,ī,
prabhaṅgura,,
prabhañjana,,
prabhadraka,,
prabhartavya,,
prabhavanīya,,
prabhava,,
prabhavya,,
prabhātaprāya,,
prabhātarala,,
prabhāta,,
prabhānīya,,
prabhāpanīya,,
prabhāpallavita,,
prabhāmaṇḍalaśobhin,ī,
prabhāmaya,ī,
prabhālepin,ī,
prabhāvaka,,
prabhāvaja,,
prabhāvana,ī,
prabhāvita,,
prabhāvin,ī,
prabhāṣaṇīya,,
prabhāṣita,,
prabhāṣin,ī,
prabhāsura,,
prabhāsvara,,
prabhinnakaraṭa,,
prabhinnakaraṭāmukha,,
prabhinna,,
prabhīta,,
prabhukta,,
prabhugna,,
prabhubhakta,,
prabhuśabdaśeṣa,,
prabhūtaka,,
prabhūtanāgāśvaratha,,
prabhūtayavasendhana,,
prabhūta,,
prabhṛta,,
prabhedaka,ikā,
prabhedana,,
prabhraṃśita,,
prabhraṃśin,ī,
prabhraṣṭa,,
pramagna,,
pramata,,
pramattagīta,,
pramattacitta,,
pramatta,,
pramathana,ī,
pramathitapuraḥsara,,
pramathita,,
pramathin,ī,
pramada,,
pramaditavya,,
pramardaka,,
pramardana,,
pramardita,,
pramardin,ī,
pramāṇaka,,
pramāṇakuśala,,
pramāṇajña,,
pramāṇadṛṣṭa,,
pramāṇapravīṇa,,
pramāṇayukta,,
pramāṇastha,,
pramāṇādhika,,
pramāṇānurūpa,,
pramāṇābhyadhika,,
pramāṇita,,
pramāṇīkṛta,,
pramāṇībhūta,,
pramātavya,,
pramāthita,,
pramāthin,ī,
pramādacārin,ī,
pramādita,,
pramādin,ī,
pramāpaka,,
pramāpaṇa,ī,
pramāpita,,
pramāpin,ī,
pramāyuka,,
pramārjaka,,
pramita,,
praminna,,
pramīḍha,,
pramīta,,
pramīya,,
pramīlita,,
pramukta,,
pramukha,,
pramugdha,,
pramuditahṛdaya,,
pramudita,,
pramuṣita,,
pramūḍhasaṃjña,,
pramūḍha,,
pramūtrita,,
pramūrṇa,,
pramṛgya,,
pramṛḍa,,
pramṛtaka,,
pramṛta,,
pramṛśa,,
pramṛṣṭa,,
pramṛṣya,,
pramedita,,
prameya,,
pramehaṇa,,
pramehin,ī,
pramoktavya,,
pramocana,ī,
pramodacārin,ī,
pramodana,,
pramodita,,
pramodin,ī,
pramohana,ī,
pramohita,,
pramohin,ī,
pramlānavadana,,
pramlānaśarīra,,
pramlāna,,
prayakṣa,,
prayatadakṣiṇa,,
prayataparigrahadvitīya,,
prayatamānasa,,
prayatavastra,,
prayata,,
prayatta,,
prayatnaprekṣaṇīya,,
prayatnamuktāsana,,
prayasta,,
prayācaka,,
prayāṇārha,,
prayāṇīya,,
prayātavya,,
prayāta,,
prayānīya,,
prayāpaṇīya,,
prayāpanīya,,
prayāpita,,
prayāpin,ī,
prayāpyamāṇa,,
prayāpyamāna,,
prayāpya,,
prayāmya,,
prayāyin,ī,
prayuktatama,,
prayuktasaṃskāra,,
prayukta,,
prayuta,,
prayuddha,,
prayuddhārtha,,
prayoktavya,,
prayogajña,,
prayoganipuṇa,,
prayogapradhāna,,
prayoga,,
prayogārtha,,
prayogin,ī,
prayogīya,,
prayojaka,ikā,
prayojya,,
prarakṣa,,
prarakṣita,,
prarādhya,,
prarudita,,
prarūḍhakakṣa,,
prarūḍhakeśa,,
prarūḍhamūla,,
prarūḍha,,
prarocana,ī,
prarocita,,
praropita,,
prarohaka,,
prarohin,ī,
prarohiśākhin,ī,
prarcchaka,,
pralapita,,
pralabdhavya,,
pralabdha,,
pralambakeśa,,
pralambanāsika,,
pralambabhuja,,
pralambita,,
pralambin,ī,
pralambojjvalacārughoṇa,,
pralayaṃkara,ī,
pralayakevala,,
pralayākala,,
pralayāntaga,,
pralalāṭa,,
pralāpin,ī,
pralāpaikamaya,ī,
pralipa,,
pralipta,,
pralīnabhūpāla,,
pralīna,,
pralīnendriya,,
praluṭhita,,
pralupta,,
pralubdha,,
pralūna,,
pralepaka,,
praloṭhita,,
pralobhana,,
pralobhita,,
pralobhin,ī,
pralobhya,,
pralola,,
pravaka,,
pravaktavya,,
pravacanīya,,
pravaṇapraharṣa,,
pravaṇeja,,
pravada,,
pravapa,,
pravayaṇa,,
pravayaṇīya,,
pravarakalyāṇa,,
pravaraṇīya,,
pravaramūrdhaja,,
pravaravaṃśaja,,
pravartaka,ikā,
pravartana,ī,
pravartanīya,,
pravartamānaka,,
pravartita,,
pravartin,ī,
pravartya,,
pravardhaka,ikā,
pravardhana,,
pravarṣin,ī,
pravalgita,,
pravalhita,,
prava,,
pravācaka,,
pravācya,,
pravātadīpacapala,,
pravātasubhaga,,
pravāta,,
pravāteja,,
pravādaka,,
pravādin,ī,
pravādya,,
pravāpin,ī,
pravāyaka,,
pravārita,,
pravārya,,
pravālamaṇiśṛṅga,,
pravālavarṇa,,
pravāla,,
pravāsagata,,
pravāsapara,,
pravāsastha,,
pravāsasthita,,
pravāsita,,
pravāsin,ī,
pravāsya,,
pravāhaka,,
pravāhaṇa,,
pravāhaṇeyaka,,
pravāhin,ī,
pravāhya,,
pravikaṭa,,
pravikīrṇa,,
pravikta,,
pravikhyāta,,
pravigata,,
pravigalita,,
pravighaṭita,,
pravicalita,,
pravicārita,,
pravicita,,
pravicintaka,,
pravijahya,,
pravitata,,
pravitapta,,
praviddha,,
pravidruta,,
pravidhvasta,,
pravinaṣṭa,,
pravinirdhūta,,
pravibhakta,,
pravibhāvaka,,
pravibhinna,,
praviyuta,,
pravirata,,
pravirūḍha,,
pravilambita,,
pravilambin,ī,
pravilāpayitavya,,
pravilāpin,ī,
pravilāpya,,
pravilupta,,
pravilola,,
pravivardhita,,
pravivikta,,
praviviktāhāra,,
pravivepita,,
praviśīrṇa,,
praviśuddha,,
praviṣaṇṇa,,
praviṣṭadīkṣa,,
praviṣṭa,,
pravisarpin,ī,
pravisṛta,,
pravispaṣṭa,,
pravihata,,
pravīta,,
pravītin,ī,
pravīra,,
pravṛkṇa,,
pravṛkta,,
pravṛjya,,
pravṛñjanīya,,
pravṛḍha,,
pravṛtahomīya,,
pravṛta,,
pravṛttacakra,,
pravṛttapānīya,,
pravṛttasamprahāra,,
pravṛtta,,
pravṛttiparāṅmukha,ī,
pravṛttivacana,,
pravṛddha,,
pravṛṣṭa,,
praveka,,
pravegita,,
pravejita,,
pravedin,ī,
pravedya,,
pravepanin,ī,
pravepanīya,,
pravepin,ī,
praveya,,
praverita,,
praveśanīya,,
praveśayitavya,,
praveśita,,
praveśin,ī,
praveśya,,
praveṣṭavya,,
praveṣṭita,,
pravyakta,,
pravyathita,,
pravyāhṛta,,
pravrajita,,
pravrājita,,
pravrājin,ī,
pravlīna,,
praśaṃsaka,,
praśaṃsanīya,,
praśaṃsāmukhara,,
praśaṃsāmukharānana,,
praśaṃsitavya,,
praśaṃsita,,
praśaṃsin,ī,
praśaṃstavya,,
praśaṃsya,,
praśaka,,
praśakya,,
praśaṭha,,
praśamaṃkara,,
praśamaka,,
praśamana,,
praśamasthita,,
praśamāyana,,
praśamita,,
praśamitopadrava,,
praśardha,,
praśastavya,,
praśasta,,
praśasya,,
praśākha,,
praśāntaka,,
praśāntakāma,,
praśāntacitta,,
praśāntaceṣṭa,,
praśāntabādha,,
praśāntabhūmipāla,,
praśānta,,
praśāntorja,,
praśāntolmuka,,
praśāmita,,
praśāsita,,
praśāsya,,
praśithilīkṛta,,
praśithilībhūta,,
praśiṣṭa,,
praśīta,,
praśīrṇa,,
praśukrīya,,
praśūna,,
praśocana,,
praścutita,,
praśnapūrvaka,,
praśrayāvanata,,
praśrayin,ī,
praśrayottara,,
praśrita,,
praślatha,,
praślita,,
praśliṣṭa,,
praṣṭavya,,
praṣṭivāhana,,
praṣṭivāhin,ī,
praṣṭha,ī,
prasaṃkhyānapara,,
prasaṃkhyāna,,
prasakala,,
prasaktavya,,
prasaktahṛdaya,,
prasakta,,
prasaktāśrumukha,ī,
prasakṣin,ī,
prasaṅktavya,,
prasaṅgaproṣita,,
prasaṅgin,ī,
prasajya,,
prasañjayitavya,,
prasatta,,
prasannakalpa,,
prasannajala,,
prasannatarka,,
prasannaprāya,,
prasannamukha,,
prasannarasa,,
prasannasalila,,
prasanna,,
prasabhoddhṛta,,
prasamīkṣita,,
prasamīkṣyaparīkṣaka,,
prasarayuta,,
prasarjana,ī,
prasarpita,,
prasarpin,ī,
prasavadharmin,ī,
prasavin,ī,
prasavonmukha,ī,
prasavya,,
prasaha,,
prasahyakārin,ī,
prasahya,,
prasādaka,,
prasādacintaka,,
prasādana,ī,
prasādanīya,,
prasādaparāṅmukha,ī,
prasādapuraga,,
prasādayitavya,,
prasādavittaka,,
prasādasumukha,ī,
prasādastha,,
prasādita,,
prasādin,ī,
prasādya,,
prasādhaka,ikā,
prasādhana,ī,
prasādhita,,
prasādhitāṅga,ī,
prasādhya,,
prasāraṇin,ī,
prasāritagātra,,
prasāritabhoga,,
prasārita,,
prasāritāgra,,
prasārin,ī,
prasārya,,
prasikta,,
prasita,,
prasiddhakṣatriyaprāya,,
prasiddha,,
prasiddhividyāviruddha,,
prasiddhihata,,
prasuta,,
prasupta,,
prasūna,,
prasūmaya,,
prasūvara,,
prasṛta,,
prasṛtāgrapradāyin,ī,
prasṛtimpaca,,
prasṛtvara,,
prasṛpta,,
prasṛmara,,
prasṛṣṭavaira,,
prasṛṣṭa,,
prasekin,ī,
praskandana,,
praskandin,ī,
praskanna,,
praskhalita,,
prastabdhagātra,,
prastabdha,,
prastareṣṭha,,
prastārin,ī,
prastāvasadṛśa,ī,
prastāvāntaragata,,
prastāvita,,
prastāvya,,
prastīta,,
prastīma,,
prastīrṇa,,
prastutayajña,,
prastuta,,
prastotrīya,,
prastha,,
prasthānika,,
prasthānīya,,
prasthāpanīya,,
prasthāpita,,
prasthāpya,,
prasthāyin,ī,
prasthika,,
prasthita,,
prasnapita,,
prasnavasaṃyukta,,
prasnāvin,ī,
prasnigdha,,
prasnuta,,
prasneya,,
praspardhin,ī,
prasphāra,,
prasphuṭa,,
prasphurita,,
prasphuritādhara,,
prasmartavya,,
prasmīkṣya,,
prasmṛta,,
prasyandin,ī,
prasraṃsin,ī,
prasravayukta,,
prasravasaṃyukta,,
prasravin,ī,
prasruta,,
prasvāpaka,ikā,
prasvāpana,ī,
prasvāpa,,
prasvinna,,
prasvedita,,
prasvedin,ī,
prahatamuraja,,
prahata,,
prahantavya,,
praharaṇīya,,
praharita,,
prahartavya,,
praharṣaṇakara,ī,
praharṣaṇa,ī,
praharṣita,,
praharṣin,ī,
prahasitavadana,,
prahasita,,
prahasitānana,,
prahasta,,
prahātavya,,
prahāya,,
prahārada,,
prahārārta,,
prahārin,ī,
prahāruka,,
prahārya,,
prahāsita,,
prahāsin,ī,
prahitaṃgama,,
prahita,,
prahima,,
prahīṇajīvita,,
prahīṇadoṣa,,
prahīṇa,,
prahuta,,
prahṛta,,
prahṛṣṭacitta,,
prahṛṣṭamukha,,
prahṛṣṭamudita,,
prahṛṣṭarūpa,,
prahṛṣṭavadana,,
prahṛṣṭa,,
prahetavya,,
praheya,,
prahoṣin,ī,
prahlanna,,
prahla,,
prahlādaka,ikā,
prahlādana,ī,
prahlādanīya,,
prahlādita,,
prahlādin,ī,
prahvāṇa,,
prahvīkṛta,,
prahvībhūta,,
pra,,
prāṃśuka,,
prāṃśuprākāra,,
prāṃśulabhya,,
prākaraṇika,,
prākarṣika,,
prākārabhañjana,,
prākāraśeṣa,,
prākārastha,,
prākārīya,,
prākāruka,,
prākṛtabhāṣin,ī,
prākṛtika,ī,
prākoṭaka,,
prākkālīna,,
prākkūla,,
prākkṛta,,
prākkevala,,
prākkośala,,
prākkosala,,
prākcaraṇa,,
prāktana,ī,
prāktūla,,
prākpuṇyaprabhava,,
prākprastuta,,
prākprātarāśika,,
prākramika,,
prākśirasa,,
prākśiraska,,
prākśliṣṭa,,
prāksaṃstha,,
prāksamāsa,,
prāksoma,ī,
prāksoma,,
prāksaumika,ī,
prāksaumika,,
prāgadya,,
prāgabhihita,,
prāgahīya,,
prāgāthaka,ikā,
prāgātha,ī,
prāgāthika,,
prāgāhnika,,
prāgivīya,,
prāgudakpravaṇa,,
prāgudakplavana,,
prāgudakplava,,
prāgudagagra,,
prāgudaṅmukha,,
prāggāmin,ī,
prāgguṇa,,
prāggrīva,,
prāgghitīya,,
prāgjanmaka,ikā,
prāgjyotiṣa,,
prāgdakṣiṇāpravaṇa,,
prāgdaśa,,
prāgdiśīya,,
prāgdīvyatīya,,
prāgdaihika,,
prāgdvāra,,
prāgdvārika,,
prāgdhitīya,,
prāgbhāvīya,,
prāgrasara,,
prāgrahara,,
prāgrya,,
prāgvaṃśa,,
prāgvaṃsika,,
prāṅāyata,,
prāṅīṣa,,
prāṅnyāya,,
prāṅśāyin,ī,
prācājihva,,
prācāra,,
prācīnaāvītin,ī,
prācīnagrīva,,
prācīnaprajanana,,
prācīnapravaṇa,,
prācīnaprāgbhāra,,
prācīnamūla,,
prācīnāgra,,
prācīnāpavītin,ī,
prācīnāvavītin,ī,
prācīnāvīta,,
prācīnāvītin,ī,
prācīnopavīta,,
prācetasa,,
prācyaka,,
prācyasaptasama,,
prājāpata,ī,
prājāpatyaka,,
prājāpatyapradāyin,ī,
prājāpatyasthānapradāyin,ī,
prājāvata,ī,
prājeśa,ī,
prājeśvara,ī,
prājñamānin,ī,
prājñammānin,ī,
prājñavādika,,
prājyakāma,,
prājyadakṣiṇa,,
prājyabhuja,,
prājyabhojya,,
prājyavikrama,,
prājya,,
prājyendhanatṛṇa,,
prāñjala,,
prāñjalipragraha,,
prāñjalisthita,,
prāṇakara,ī,
prāṇaghātaka,ī,
prāṇaghna,ī,
prāṇacchedakara,,
prāṇatha,,
prāṇadyūtābhidevana,,
prāṇadrohin,ī,
prāṇadhāra,,
prāṇadhārin,ī,
prāṇana,,
prāṇapata,,
prāṇaparikṣīṇa,,
prāṇaprada,,
prāṇapradāyaka,ikā,
prāṇapradāyin,ī,
prāṇaprāśanin,ī,
prāṇapriya,,
prāṇabhūta,,
prāṇamaya,ī,
prāṇayātrikamātra,,
prāṇayātrika,,
prāṇayita,,
prāṇayuta,,
prāṇarājyada,,
prāṇaśarīra,,
prāṇasaṃśita,,
prāṇasaṃhita,,
prāṇasammita,,
prāṇasāra,,
prāṇahara,ī,
prāṇahāraka,ikā,
prāṇahārin,ī,
prāṇahīna,,
prāṇa,,
prāṇākarṣin,ī,
prāṇāda,,
prāṇānuga,,
prāṇānta,,
prāṇāntika,ī,
prāṇāpahārin,ī,
prāṇāyāmin,ī,
prāṇāyya,,
prāṇārthin,ī,
prāṇika,,
prāṇighātin,ī,
prāṇin,ī,
prāṇibhava,,
prāṇihita,,
prāṇaikaśatavidha,,
prāṇopeta,,
prātaḥsavanika,,
prātaḥsavanīya,,
prātaḥsnāyin,ī,
prātaradhyeya,,
prātaranta,,
prātarapavarga,,
prātarāśita,,
prātargeya,,
prātardana,ī,
prātaryukta,,
prātarvikasvara,,
prātarveṣa,,
prātastana,ī,
prātastya,,
prāta,,
prātikaṇṭhika,ī,
prātikāmin,ī,
prātikūlika,ī,
prātikṣepika,ī,
prātijanīna,ī,
prātidaivasika,ī,
prātipakṣa,ī,
prātipathika,ī,
prātipada,ī,
prātipadika,ī,
prātipāna,,
prātipauruṣika,ī,
prātibha,ī,
prātibhāsika,ī,
prātirūpika,,
prātilambhika,,
prātilomika,ī,
prātiveśya,,
prātiśrutka,ī,
prātisvika,ī,
prātihārika,ī,
prātītika,ī,
prātīpika,ī,
prātuda,,
prātyakṣa,ī,
prātyakṣika,ī,
prātyayika,ī,
prātyahika,ī,
prāthamakalpika,ī,
prāthamika,ī,
prādānika,,
prādurbhūta,,
prāduṣkṛta,,
prāduṣpīta,,
prādeśapāda,ī,
prādeśamātra,ī,
prādeśika,,
prādeśin,ī,
prādoṣa,,
prādoṣika,,
prādhānika,,
prādhīta,,
prādheya,,
prādhvara,ī,
prādhva,,
prāntaga,,
prāntacara,,
prāntanivāsin,ī,
prāntavirasa,,
prāntaśayanāsanabhakta,,
prāntastha,,
prānta,,
prāntāyana,,
prāpaka,ikā,
prāpaṇa,ī,
prāpaṇīya,,
prāpita,,
prāpin,ī,
prāptakārin,ī,
prāptakrama,,
prāptajīvana,,
prāptadoṣa,,
prāptapañcatva,,
prāptaprakāśaka,,
prāptabīja,,
prāptabhāva,,
prāptamanoratha,,
prāptarūpa,,
prāptavara,,
prāptavya,,
prāpta,,
prāptānujña,,
prāptāparādha,,
prāptārtha,,
prāptāvasara,,
prāptodaka,,
prāptodaya,,
prāpyakārin,ī,
prāpyarūpa,,
prāpya,,
prābhākara,ī,
prābhātika,ī,
prābhūtika,ī,
prāmāṇika,ī,
prāmāṇyavādin,ī,
prāmādika,ī,
prāmodika,ī,
prāyagata,,
prāyaṇa,,
prāyaṇīya,,
prāyabhava,,
prāyavidhāyin,ī,
prāyaścitta,,
prāyaścittika,ī,
prāyaścittin,ī,
prāyaścittīya,,
prāyasya,,
prāyāṇika,ī,
prāyātrika,ī,
prāyika,,
prāyoktra,ī,
prāyoga,,
prāyogika,ī,
prāyojya,,
prāyopayogika,,
prāyopaviṣṭa,,
prāyopaveśin,ī,
prāyopeta,,
prāyobhāvin,ī,
prārabdhakārya,,
prārabdha,,
prārambhaṇīya,,
prāripsita,,
prāroha,ī,
prārcchaka,,
prārthaka,ikā,
prārthanīya,,
prārthayitavya,,
prārtha,,
prārthitadurlabha,,
prārthita,,
prārthin,ī,
prārthya,,
prārdaka,,
prālamba,ī,
prālepika,,
prāleya,ī,
prāvaṇa,,
prāvara,ī,
prāvarga,ī,
prāvartaka,ikā,
prāvarṣin,ī,
prāvāra,,
prāvāsa,ī,
prāvāsika,ī,
prāviṣkriyamāṇa,,
prāvṛṇmaya,ī,
prāvṛta,,
prāvṛttika,ī,
prāvṛṣika,,
prāvṛṣija,,
prāvṛṣīṇa,,
prāvṛṣeṇya,,
prāveśana,ī,
prāveśika,ī,
prāśanārthīya,,
prāśanin,ī,
prāśanīya,,
prāśitavya,,
prāśita,,
prāśitriya,,
prāśṛṅga,,
prāśnika,ī,
prāśya,,
prāśliṣṭa,ī,
prāṣṭavarṇa,,
prāṣṭa,,
prāṣṭha,ī,
prāsaṅgika,ī,
prāsaṅgya,,
prāsaca,ī,
prāsādagata,,
prāsādavāsin,ī,
prāsādaśāyin,ī,
prāsādastha,,
prāsādārohaṇīya,,
prāsādīya,,
prāsādya,,
prāsāha,,
prāsika,,
prāsūtika,ī,
prāskaṇva,ī,
prāsta,,
prāstārika,ī,
prāstāvika,ī,
prāsthānika,ī,
prāsthika,ī,
prāsravaṇa,ī,
prāhavanīya,,
prāhṇetana,,
priyaṃkaraṇa,ī,
priyaṃkara,ī,
priyaṃkāra,,
priyaṃdada,,
priyakara,,
priyakalaha,,
priyakāraka,,
priyakāra,,
priyakārin,ī,
priyakṛttama,,
priyakṣatra,,
priyaguḍa,,
priyacatura,,
priyajāta,,
priyajīvita,,
priyatanaya,,
priyatama,,
priyatara,,
priyadarśana,,
priyadarśa,,
priyada,,
priyadevana,,
priyadhānyakara,,
priyadhāma,,
priyaprāṇa,,
priyaprāya,,
priyabhāvuka,,
priyabhāṣin,ī,
priyabhojana,,
priyamaṇḍana,,
priyamānasa,,
priyamedhastuta,,
priyayajña,,
priyaraṇa,,
priyarūpa,,
priyavacana,,
priyavāksahita,,
priyavādin,ī,
priyavinākṛta,,
priyaviśva,,
priyavrata,,
priyasakha,,
priyasatya,,
priyasamucita,,
priyasamprahāra,,
priyasarpiṣka,,
priyasa,,
priyasāhasa,,
priyasevaka,,
priyastotra,,
priyasvapna,,
priyahita,,
priyākhya,,
priyākhyānapuraḥsara,,
priyābhidheya,,
priyārha,,
priyālāpin,ī,
priyaiṣin,ī,
priyodita,,
priyopabhogavandhya,,
priyosriya,,
prīṇana,,
prīṇa,,
prīṇita,,
prītacitta,,
prītatara,,
prītamānasa,,
prīta,,
prītikara,,
prītidatta,,
prītida,,
prītipuroga,,
prītipramukha,,
prītibhojya,,
prītimaya,ī,
prītivardhana,,
prītisnigdha,,
pruṣita,,
pruṣṭa,,
pruṣva,,
prekṣaka,ikā,
prekṣakerita,,
prekṣaṇaka,,
prekṣaṇika,,
prekṣaṇīya,,
prekṣākārin,ī,
prekṣitavya,,
prekṣita,,
prekṣin,ī,
prekṣya,,
preṅkhaṇa,,
preṅkhaṇīya,,
preṅkha,,
preṅkhita,,
preṅkhola,,
preṅkholita,,
preḍaka,,
pretagata,,
pretabhāvastha,,
pretavāhita,,
pretasamkḷpta,,
preta,,
pretyabhāvika,,
preddha,,
prenvanīya,,
prepa,,
premaṇīya,,
premapara,,
premārdra,,
premin,ī,
preyasvin,ī,
preraka,,
preraṇīya,,
prerita,,
preṣaka,,
preṣaṇīya,,
preṣitavya,,
preṣita,,
preṣṭhatama,,
preṣṭha,,
preṣyakara,,
preṣya,,
praiṇāna,,
praiyaṅgava,ī,
praiyaṅgavika,ī,
praiyavrata,ī,
praiṣakara,,
praiṣaṇika,,
praiṣika,,
praiṣyasaṃyuta,,
praiṣya,,
proktakārin,ī,
prokta,,
prokṣaṇīya,,
prokṣitavya,,
prokṣita,,
proccaṇḍa,,
proccārita,,
procchūna,,
procchrita,,
projjhita,,
proḍḍīna,,
protaghana,,
protaśūla,,
prota,,
protkaṭa,,
protkaṇṭha,,
protkṣipta,,
protkhāta,,
prottāna,,
prottāla,,
prottuṅga,,
protthita,,
protpanna,,
protphullanayana,,
protphulla,,
protsārita,,
protsāhita,,
protsikta,,
protha,,
prodaka,,
prodara,,
prodita,,
prodgata,,
prodgārin,ī,
prodgīta,,
prodgīrṇa,,
prodghuṣṭa,,
proddāṇḍa,,
proddāma,,
proddīpta,,
proddhṛṣita,,
prodbuddha,,
prodbhinna,,
prodbhūta,,
prodyata,,
prodvigna,,
pronnata,,
pronnamita,,
pronmāthin,ī,
pronmūlita,,
prombhita,,
prorṇunāva,,
prollāghita,,
prollāsita,,
prollāsin,ī,
prollola,,
proṣita,,
proṣuṣa,,
proṣṭhapāda,ī,
proṣṭheśaya,,
proṣṇa,,
proṣya,,
proha,,
praukta,ī,
prauḍhapāda,,
prauḍhapuṣpa,,
prauḍhapratāpa,,
prauḍhayauvana,,
prauḍha,,
prauḍhākṛṣṭa,,
prauṇa,,
prauṣṭhapada,ī,
prauṣṭhapadika,ī,
prauha,,
praügya,,
plakṣakīya,,
plavaṃga,,
plavaga,,
plākṣa,ī,
plāvita,,
plāvin,ī,
plāvya,,
plāśuka,,
plīhākarṇa,,
plīhodarin,ī,
pluta,,
pluṣṭa,,
ploṣaṇa,,
ploṣin,ī,
psāta,,
phaṇastha,,
phaṇa,,
phaṇātapatra,,
phaṇita,,
phariva,,
phalakāṅkṣin,ī,
phalakin,ī,
phalagraha,,
phalatantra,,
phaladāyin,ī,
phalapuṣpita,,
phalapuṣpopaśobhita,,
phalaprakarṣa,,
phalaprada,,
phalaprayukta,,
phalabandhin,ī,
phalabhakṣa,,
phalabhāgin,ī,
phalabhogin,ī,
phalabhogya,,
phalamaya,ī,
phalamūlamaya,ī,
phalamūlin,ī,
phalayukta,,
phalavandhya,,
phalaśālin,ī,
phalasaṃyukta,,
phalasaṃstha,,
phalasambhava,,
phalasa,,
phalastha,,
phalahārin,ī,
phalahīna,,
phalākāṅkṣin,ī,
phalāgraśākhin,ī,
phalānumeya,,
phalānveṣin,ī,
phalāpeta,,
phalāmlika,,
phalārthin,ī,
phalāvandhya,,
phalāśin,ī,
phalāsakta,,
phalika,,
phalita,,
phalina,,
phalin,ī,
phalīkaraṇamiśra,,
phalīkṛta,,
phalīya,,
phalegrāhin,ī,
phalodbhava,,
phalonmukha,,
phalopagama,,
phalopajīvin,ī,
phalopeta,,
phalka,,
phalguda,,
phalguna,ī,
phalgva,,
pha,,
phāṇitībhūta,,
phāriva,,
phālakuddālalāṅgalin,ī,
phālakṛṣṭa,,
phāla,ī,
phālāhata,,
phālita,,
phālīkaraṇa,,
phālguna,ī,
phālgunika,,
phiraṅga,,
phuṭa,,
phutkārya,,
phutkṛta,,
phupphukāraka,ikā,
phullanayana,,
phullana,,
phullanetra,,
phullalocana,,
phullavadana,,
phullita,,
phetkārin,ī,
phenapa,,
phenaprakhya,,
phenamehin,ī,
phenala,,
phenavāhin,ī,
phenāhāra,,
phenopama,,
phenya,,
pherava,,
baṃhiṣṭha,,
bakālīna,,
bakulita,,
baṭurūpin,ī,
baḍiśayuta,,
baddhakakṣya,,
baddhakadambaka,,
baddhakalāpin,ī,
baddhakesara,,
baddhagudin,ī,
baddhagraha,,
baddhacitta,,
baddhajihva,,
baddhatūṇīra,,
baddhatṛṣṇa,,
baddhadveṣa,,
baddhaniṣyanda,,
baddhanisyanda,,
baddhanepathya,,
baddhaparikara,,
baddhapurīṣa,,
baddhabhūmika,,
baddhamaṇḍala,,
baddhamūtra,,
baddhamauna,,
baddharāga,,
baddharājya,,
baddhalakṣa,,
baddhavatsa,,
baddhaviṭka,,
baddhaviṇmūtra,,
baddhavīra,,
baddhaśikha,,
baddhasneha,,
baddhaspṛha,,
baddha,,
baddhāṅgulitra,,
baddhāṅgulitrāṇa,,
baddhāñjalipuṭa,,
baddhādara,,
baddhānanda,,
baddhānuśaya,,
baddhāndhakāra,,
baddhāyudha,,
baddhāśaṅka,,
baddhāśa,,
baddhotsava,,
baddhodyama,,
badhiratama,,
badhirita,,
badhirīkṛta,,
bandisthita,,
bandīkṛta,,
bandīgṛhīta,,
bandhanakārin,ī,
bandhanastha,,
bandhana,ī,
bandhanīya,,
bandhamaya,ī,
bandhita,,
bandhin,ī,
bandhukāma,,
bandhukin,ī,
bandhujīvābhitāmra,,
bandhudagdha,,
bandhudatta,,
bandhudāyāda,,
bandhupuṣpamāla,,
bandhupriya,,
bandhumatīyaka,,
bandhurita,,
bandhula,,
bandhuhīna,,
bandhūkṛta,,
bandhūra,,
bandhya,,
babhrukarṇa,ī,
babhruka,,
babhrukeśa,ī,
babhrudhūta,,
babhrunīkāśa,,
babhrupiṅgala,,
babhruvaktra,,
babhruśa,,
babhluśa,,
barkarakarkara,,
barkara,,
barbara,,
barbarita,,
barbarin,ī,
barhaṇa,ī,
barhaṇa,,
barhāyita,,
barhiḥṣṭha,,
barhiṇa,,
barhiṣka,,
barhiṣṭha,,
barhiṣya,,
balakara,,
balakāma,,
balakṛta,,
balakṣa,ī,
balakhin,ī,
balaja,,
balajyeṣṭha,,
baladībhūta,,
balana,,
balaprada,,
balabhadra,,
balayukta,,
balayuta,,
balavattama,,
balavattara,,
balavayasanasaṃkula,,
balavarjita,,
balavarṇin,ī,
balavardhana,,
balavardhin,ī,
balavijñāya,,
balavīryaparākrama,,
balaśālin,ī,
balasūdana,,
balastha,,
balahīna,,
bala,,
balākāpaṅktihāsin,ī,
balākin,ī,
balātkārābhilāṣin,ī,
balātkārita,,
balātkṛta,,
balādhika,,
balānvita,,
balābala,,
balārthin,ī,
balāvastha,,
balāsakṣayakara,,
balāsaghna,,
balāsanāśana,ī,
balāsavardhana,,
balāsin,ī,
baliṃdamaprakhya,,
balikara,,
balika,,
baliniyamanodyuta,,
balin,ī,
balipratigrāhaka,ikā,
balivāhana,,
balivyākula,,
baliṣaḍbhāgahārin,ī,
baliṣṭhatama,,
baliṣṭha,,
baliharaṇa,ī,
balihāra,,
balīkṛta,,
balīyasa,,
balīyastara,,
balūla,,
balonmatta,,
balopapanna,,
balopaviṣṭa,,
balopeta,,
balbajamaya,ī,
balbajika,,
baṣkaya,,
baṣkiha,,
bastamukha,ī,
bastavāśin,ī,
bastābhivāśin,ī,
bahala,,
bahalānurāga,,
bahalita,,
bahiḥśīta,,
bahiḥsaṃdhya,,
bahiḥsaṃstha,,
bahiḥstha,,
bahiḥsthāyin,ī,
bahiḥsthita,,
bahiraṅga,,
bahirgata,,
bahirgāmin,ī,
bahirgrāmapratiśraya,,
bahirdvārin,ī,
bahirbhava,,
bahirbhūta,,
bahirmanaska,,
bahirmukha,ī,
bahirlamba,,
bahirloma,,
bahirvartin,ī,
bahirvikāra,,
bahirvedika,,
bahirvyasanin,ī,
bahiścara,,
bahiṣkārya,,
bahiṣkṛta,,
bahiṣkriya,,
bahiṣpavitra,,
bahiṣpiṇḍa,,
bahiṣprajña,,
bahiṣprāṇa,,
bahistanva,,
bahukaṇṭaka,,
bahukaraṇīya,,
bahukara,ī,
bahukalpa,,
bahukāma,,
bahukāraṇīya,,
bahukāra,,
bahukālīna,,
bahukusumita,,
bahukṛtya,,
bahukṣama,,
bahugandha,,
bahuguṇa,,
bahugotraja,,
bahugraha,,
bahucarmaka,ikā,
bahucārin,ī,
bahucitra,,
bahujalpa,,
bahujava,,
bahujāta,,
bahujña,,
bahutanaya,,
bahutama,,
bahutaya,,
bahutaraka,,
bahutitha,,
bahutṛṇa,,
bahutṛṣṇa,,
bahutrivarṣa,,
bahudakṣiṇa,,
bahudaṇḍika,,
bahudaṇḍin,ī,
bahudarśaka,ikā,
bahudarśaka,,
bahudarśin,ī,
bahuda,,
bahudāna,,
bahudāyin,ī,
bahudāsapuruṣa,,
bahudugdha,,
bahudṛṣṭa,,
bahudevata,,
bahudevatya,,
bahudeśadarśin,ī,
bahudaivata,,
bahudaivatya,,
bahudhana,,
bahudhanvin,ī,
bahudhāgata,,
bahudhātmaka,ikā,
bahudhmāta,,
bahuniṣka,,
bahunaiṣkika,,
bahupattra,,
bahupatnīka,,
bahupada,,
bahupākya,,
bahupāyya,,
bahupuṣṭa,,
bahupuṣpaphalopeta,,
bahuprakāra,,
bahuprajña,,
bahuprajñānaśālin,ī,
bahupratigrāhya,,
bahupratijña,,
bahupratyarthika,,
bahupratyavāya,,
bahuprada,,
bahuprapañca,,
bahupralāpin,ī,
bahupravāha,,
bahuprāśnika,,
bahupriya,,
bahuphala,,
bahubala,,
bahubīja,,
bahubhakṣa,,
bahubhāgya,,
bahubhāṣin,ī,
bahubhuja,,
bahubhūmika,,
bahubhojaka,,
bahubhojin,ī,
bahubhauma,ī,
bahumata,,
bahumatsya,,
bahumadhyaga,,
bahumantavya,,
bahumānin,ī,
bahumānya,,
bahumāya,,
bahumālaka,,
bahumāla,,
bahumālyaphala,,
bahumitra,,
bahumukha,ī,
bahumūtra,,
bahumūlaphalānvita,,
bahumūla,,
bahumūlya,,
bahumṛga,,
bahuyājin,ī,
bahuyājya,,
bahuramadhya,,
bahuramya,,
bahurasa,,
bahurūpakaśobhita,,
bahurūpaka,ikā,
bahurūpin,ī,
bahulatara,,
bahulatṛṇa,,
bahulaparṇa,,
bahulānta,,
bahulābhimāna,,
bahulāyāsa,,
bahulāviṣṭa,,
bahulita,,
bahulīkṛta,,
bahulībhūta,,
bahulauṣadika,,
bahuvaktavya,,
bahuvarṇa,,
bahuvarṣasahasrika,,
bahuvarṣasahasrin,ī,
bahuvādin,ī,
bahuvārṣika,ī,
bahuvikrama,,
bahuvighna,,
bahuvidya,,
bahuvidhākāra,,
bahuvista,,
bahuvistīrṇa,,
bahuvaistika,,
bahuvyaya,,
bahuvyayin,ī,
bahuvyāpin,ī,
bahuvyālaniṣevita,,
bahuśasta,,
bahuśākhin,ī,
bahuśāstrajña,,
bahuśikha,,
bahuśūnya,,
bahuśṛṅga,,
bahuśruta,,
bahusaṃkhyāka,,
bahusaṃsthita,,
bahusattva,,
bahusadācāra,,
bahusadṛśa,,
bahusamudācāra,,
bahusarpiṣka,,
bahusava,,
bahusasya,,
bahusādhana,,
bahusādhāraṇa,,
bahusādhāra,,
bahusāra,,
bahusuta,,
bahusuvarṇaka,,
bahusuvarṇa,,
bahusūkta,,
bahusvana,,
bahusvara,,
bahusvarṇalakṣamūlya,,
bahusvāmika,,
bahūdaka,,
bahvakṣara,,
bahvakṣarāntya,,
bahvacka,,
bahvadhyayana,,
bahvadhyāya,,
bahvanartha,,
bahvanna,,
bahvapatya,,
bahvapa,,
bahvapāya,,
bahvabaddhapralāpin,ī,
bahvamitra,,
bahvartha,,
bahvarha,,
bahvavarodha,,
bahvājya,,
bahvādin,ī,
bahvāśin,ī,
bahvāścaryamaya,ī,
bahvāścarya,,
bahvauṣadhika,,
bākula,,
bāḍita,,
bāḍhavikrama,,
bāḍha,,
bāṇatūṇīkṛta,,
bāṇanikṛta,,
bāṇapathavartin,ī,
bāṇapathātīta,,
bāṇapātavartin,ī,
bāṇamaya,ī,
bāṇamukha,,
bāṇavarṣin,ī,
bāṇin,ī,
bādara,ī,
bādarāyaṇa,,
bādarika,,
bādhakamaya,ī,
bādhaka,ikā,
bādhaka,ī,
bādhana,,
bādhanīya,,
bādhitavya,,
bādhita,,
bādhin,ī,
bādhiraka,,
bādhya,,
bāndhavaka,,
bāndhuka,ī,
bāndhupata,ī,
bābhrava,ī,
bābhravīya,,
bābhravyaka,,
bābhruka,,
bārbaraka,,
bārbara,,
bārhata,ī,
bārhatānuṣṭubha,,
bārhadgira,ī,
bārhadbala,ī,
bārhadratha,ī,
bārhavata,ī,
bārhaspata,ī,
bārhaspatya,,
bārha,,
bārhiṇalakṣmaṇa,,
bālakapriya,,
bālaka,ikā,
bālakīya,,
bālakundānuviddha,,
bālajātīya,,
bālambhaṭṭa,ī,
bālaśṛṅga,,
bālasaṃdhyābha,,
bālātaparakta,,
bālāruṇa,,
bālārkakomala,,
bālārkavarṇa,,
bālāvastha,,
bāleya,,
bāleyārdhika,,
bālopacaraṇīya,,
bālbajabhārika,,
bālbaja,ī,
bālbajika,,
bālhāyana,ī,
bālhika,,
bālhija,,
bālhijāta,,
bālhīka,ī,
bāṣkaya,,
bāṣkalaka,ikā,
bāṣkala,,
bāṣpakaṇṭha,ī,
bāṣpakala,,
bāṣpagrathita,,
bāṣpadurdina,,
bāṣpaparyākulekṣaṇa,,
bāṣpapihitalocana,,
bāṣpamukha,,
bāṣpaviklababhāṣin,ī,
bāṣpaviklaba,,
bāṣpasaṃdigdha,,
bāṣpahatekṣaṇa,,
bāṣpākula,,
bāṣpāpluta,,
bāṣpāvilekṣaṇa,,
bāṣpin,ī,
bāsta,ī,
bāhaṭīya,,
bāha,,
bāhirvedika,ī,
bāhīka,,
bāhukara,,
bāhuka,,
bāhukīṭa,,
bāhukuṇṭha,,
bāhukubja,,
bāhugarta,,
bāhucchinna,,
bāhucyuta,,
bāhujanya,,
bāhujūta,,
bāhubalin,ī,
bāhumadhya,,
bāhumaya,ī,
bāhumātra,ī,
bāhula,,
bāhuvartaka,,
bāhuvīrya,,
bāhuśardhin,ī,
bāhuśāla,,
bāhuśālin,ī,
bāhusahasrin,ī,
bāhyatara,,
bāhyavāsin,ī,
bāhyāṃsa,,
bāhyābhyantara,,
bāhyārthavādin,ī,
bāhlika,,
bāhlīka,ī,
bāłha,,
biṭaka,,
biḍālavratika,,
biḍālākṣa,ī,
bidalasaṃhita,,
bindavīya,,
bindukita,,
bindupratiṣṭhāmaya,ī,
bibhakṣayiṣudaṃṣṭrin,ī,
bibhrajjiṣuprakhya,,
bimbaphalādharoṣṭha,,
bimbāgata,,
bimbita,,
bimboṣṭha,ī,
biladhāvana,,
bilavāsa,,
bilavāsin,ī,
bilaśaya,,
bilaśāyin,ī,
bilasa,,
bilevāsin,ī,
bileśaya,,
bilmin,ī,
bilvapattramaya,ī,
bilvamātra,,
bisaguṇa,,
bisatantumaya,ī,
bisila,,
bījakāṇḍaprarohin,ī,
bījakāṇḍaruha,,
bījaprarohin,ī,
bījabhūta,,
bījaruha,,
bījala,,
bījākṛta,,
bījārtha,,
bījika,,
bījita,,
bījin,ī,
bījya,,
bukin,ī,
buddhavapurdhārin,ī,
buddha,,
buddhikṛta,,
buddhigamya,,
buddhigrāhya,,
buddhicintaka,,
buddhicyuta,,
buddhijīvin,ī,
buddhipuraḥsara,,
buddhipūrvaka,,
buddhimattara,,
buddhimaya,ī,
buddhiyukta,,
buddhiyogamaya,ī,
buddhivarjita,,
buddhividhvaṃsaka,,
buddhivivardhana,,
buddhivṛddhikara,,
buddhiśastra,,
buddhiśālin,ī,
buddhiśuddha,,
buddhiśreṣṭha,,
buddhisampanna,,
buddhiskandhamaya,ī,
buddhistha,,
buddhihīna,,
buddhyatīta,,
buddhyadhika,,
budbudākṣa,,
budha,,
budhāna,,
budhita,,
budhila,,
budhniya,,
budhnya,,
budhya,,
bubhukṣāpīḍita,,
bubhukṣita,,
bubhūṣaka,,
bulba,,
bulya,,
busasa,,
būkka,,
bṛṃhaṇa,,
bṛṃhaṇīya,,
bṛṃhayitavya,,
bṛṃhita,,
bṛḍha,,
bṛhaccharīra,,
bṛhacchoka,,
bṛhacchloka,,
bṛhajjaghana,,
bṛhatīka,,
bṛhatkapola,,
bṛhatka,,
bṛhattuhinaśarkara,,
bṛhatpuṣpa,,
bṛhatpṛṣṭha,,
bṛhatphala,,
bṛhatsahāya,,
bṛhatsumna,,
bṛhadaṅga,,
bṛhadanīka,,
bṛhadarka,ī,
bṛhaduktha,,
bṛhadukṣa,,
bṛhadgala,,
bṛhaddiva,,
bṛhadbhuja,,
bṛhadvādin,ī,
bṛhadvrata,,
bṛhanta,,
bṛhanniveśa,,
bṛhannetra,,
bṛhaspatipurohita,,
bṛhaspatipraṇutta,,
bṛhaspatiprasūta,,
bṛhaspatisama,,
bṛhaspatisuta,,
bebhiditavya,,
baijavāpīya,,
baijika,,
baijīya,,
baiḍālavratika,,
baiḍālavratin,ī,
baiḍāla,ī,
baida,,
baila,ī,
bailāyana,,
bailya,,
bailvaka,,
bailvakīya,,
bailvajaka,,
bailvamaya,ī,
bailvalaka,,
bailvavanaka,,
bailva,ī,
boddhavya,,
bodhakara,ī,
bodhaka,ikā,
bodhagamya,,
bodhana,ī,
bodhanīya,,
bodhamaya,ī,
bodhayitavya,,
bodha,,
bodhāna,,
bodhitavya,,
bodhita,,
bodhin,ī,
bodhipakṣika,,
bodhya,,
bauddha,ī,
baudha,ī,
baudhāyana,ī,
baudhāyanīya,,
baudhya,,
baubhukṣa,ī,
bradhnaloka,,
bradhna,,
brahmakalpa,,
brahmakāyika,,
brahmakāra,,
brahmagrāhin,ī,
brahmacārin,ī,
brahmacārivāsin,ī,
brahmacodana,ī,
brahmajajña,,
brahmaja,,
brahmajīvin,ī,
brahmajuṣṭa,,
brahmajūta,,
brahmajña,,
brahmajñānin,ī,
brahmajya,,
brahmajyeṣṭha,,
brahmaṇya,,
brahmatejomaya,ī,
brahmadatta,,
brahmada,,
brahmadāyahara,,
brahmadāya,,
brahmadāyāda,,
brahmadāyopahārin,ī,
brahmadūṣaka,,
brahmadeya,,
brahmadeyātmasaṃtāna,,
brahmadeyānusaṃtāna,,
brahmadveṣin,ī,
brahmadhara,,
brahmaniṣṭha,,
brahmanutta,,
brahmapathakovida,,
brahmapāramaya,ī,
brahmapurākhya,,
brahmapurābhidheya,,
brahmapurogava,,
brahmapurohita,,
brahmapūta,,
brahmaprakṛtika,,
brahmaprasūta,,
brahmaprāpta,,
brahmapriya,,
brahmabruvāṇa,,
brahmabhāvana,,
brahmabhūta,,
brahmabhraṣṭa,,
brahmamaya,ī,
brahmayaśasin,ī,
brahmayonistha,,
brahmalaukika,,
brahmavarcasakāma,,
brahmavarcasin,ī,
brahmavāda,,
brahmavādin,ī,
brahmavivardhana,,
brahmavṛddha,,
brahmavedamaya,ī,
brahmavedin,ī,
brahmavratadhara,,
brahmaśāyin,ī,
brahmaśumbhita,,
brahmasaṃśita,,
brahmasaṃstha,,
brahmasattrin,ī,
brahmasambhava,,
brahmasātkṛta,,
brahmasāmika,,
brahmasūtrin,ī,
brahmasvarūpa,,
brahmākṣaramaya,ī,
brahmāñjalikṛta,,
brahmādya,,
brahmādhigamika,,
brahmārgha,,
brahmāsananiviṣṭa,,
brahmāhuta,,
brahmin,ī,
brahmiṣṭha,,
brahmeddha,,
brahmeśavaiṣṇava,,
brahmojjha,,
brahmottara,,
brāhmaṇakalpa,,
brāhmaṇakāraka,,
brāhmaṇakīya,,
brāhmaṇajātīya,,
brāhmaṇajuṣṭa,,
brāhmaṇadveṣin,ī,
brāhmaṇanindaka,,
brāhmaṇabhakta,,
brāhmaṇabhūyiṣṭha,,
brāhmaṇaliṅga,,
brāhmaṇavarṇin,ī,
brāhmaṇavihita,,
brāhmaṇasaṃstha,,
brāhmaṇasambhāṣa,,
brāhmaṇahita,,
brāhmaṇa,,
brāhmaṇācchaṃsya,,
brāhmaṇātmaka,,
brāhmaṇāda,,
brāhmaṇāpaśraya,,
brāhmaṇāvekṣa,,
brāhmaṇika,,
brāhmaṇokta,,
brāhmaṇya,,
brāhmadeya,,
brāhmaprajāpatya,,
brāhmalaukika,,
brāhma,ī,
brāhmya,,
bruvāṇa,,
bhaktada,,
bhaktadāyaka,,
bhaktadāyin,ī,
bhaktadveṣin,ī,
bhaktarocana,,
bhaktavatsala,,
bhakta,,
bhaktikara,ī,
bhaktigamya,,
bhaktijña,,
bhaktinamra,,
bhaktipravaṇa,,
bhaktila,,
bhaktihīna,,
bhaktīdyāvāpṛthivya,,
bhakṣaṃkāra,,
bhakṣaṃkṛta,,
bhakṣaka,,
bhakṣaṇa,,
bhakṣaṇīya,,
bhakṣayitavya,,
bhakṣita,,
bhakṣin,ī,
bhakṣyabhojyamaya,ī,
bhakṣya,,
bhagadeva,,
bhagadaivata,,
bhagabhakta,,
bhagavattama,,
bhagavattara,,
bhagavadāśrayabhūta,,
bhagavaddṛśa,ī,
bhagavanmaya,ī,
bhagavedana,,
bhagāṅkita,,
bhagādhāna,,
bhagāpahārin,ī,
bhagāsya,,
bhagin,ī,
bhagnaceṣṭa,,
bhagnadaṃṣṭra,,
bhagnadantanakha,,
bhagnadarpa,,
bhagnanidra,,
bhagnanetra,,
bhagnapariṇāma,,
bhagnapārśva,,
bhagnapṛṣṭha,,
bhagnapratijña,,
bhagnabhāṇḍa,,
bhagnamāna,,
bhagnaviṣāṇaka,,
bhagnavrata,,
bhagnaśṛṅga,,
bhagna,,
bhagnāśa,,
bhagnodyama,,
bhagnorudaṇḍa,,
bhaṅgasārtha,,
bhaṅga,,
bhaṅgin,ī,
bhaṅgibhūta,,
bhaṅguraniścaya,,
bhaṅgya,,
bhajanīya,,
bhajamāna,,
bhajitavya,,
bhajenya,,
bhajya,,
bhañjaka,ikā,
bhañjana,,
bhañjin,ī,
bhaṭitra,,
bhaṭīya,,
bhaṭṭaraka,ikā,
bhaṭṭāraka,ikā,
bhaṇana,,
bhaṇanīya,,
bhaṇita,,
bhaṇitimaya,ī,
bhaṇḍanīya,,
bhaṇḍita,,
bhaṇḍīpuṣpanikāśa,,
bhadraṃkaraṇa,,
bhadraṃkara,,
bhadrakalpika,,
bhadraka,ikā,
bhadrakāraka,,
bhadrajātika,,
bhadratara,,
bhadrapāda,,
bhadramukha,,
bhadravādin,ī,
bhadravrāta,,
bhadrahasta,,
bhadrākāra,,
bhadrābhadra,,
bhadrāvaha,,
bhandanīya,,
bhandiṣṭha,,
bhapa,,
bhapraśasta,,
bhayaṃkara,ī,
bhayakara,,
bhayatrasta,,
bhayadarśin,ī,
bhayada,,
bhayadāyin,ī,
bhayadruta,,
bhayadhana,,
bhayanāśana,,
bhayanāśin,ī,
bhayanimīlitākṣa,,
bhayapradāyin,ī,
bhayabhraṣṭa,,
bhayavidhāyin,ī,
bhayavipluta,,
bhayavihvala,,
bhayaśīla,,
bhayaśokasamāviṣṭa,,
bhayasaṃtrastamānasa,,
bhayahāraka,,
bhayahārin,ī,
bhayākrānta,,
bhayātura,,
bhayānvita,,
bhayāpaha,,
bhayābādha,,
bhayārta,,
bhayāvadīrṇa,,
bhayāvaha,,
bhayaikapravaṇa,,
bhayottara,,
bhayya,,
bharaṭika,ī,
bharaṇa,ī,
bharaṇika,ī,
bharaṇīya,,
bharaṇya,,
bharatajña,,
bharita,,
bhariṣa,,
bharjana,,
bharjita,,
bhartavya,,
bhartṛghna,,
bhartṛtāṃgata,,
bhartṛdarśanalālasa,,
bhartṛpriya,,
bhartṛbhakta,,
bhartṛrūpa,,
bhartṛvyasanapīḍita,,
bhartṛśokapara,,
bhartṛśokaparītāṅgin,ī,
bhartṛśokābhipīḍita,,
bhartṛsnehaparīta,,
bhartṛhāryadhana,,
bhartṛhīna,,
bhartrima,,
bhartsaka,,
bhartsita,,
bharṣṭavya,,
bhalla,,
bhavadanya,,
bhavadīya,,
bhavadvidha,,
bhavanigaḍanibandhacchedana,ī,
bhavanigaḍanibandhacchedana,,
bhavanigaḍanibandhavināśin,ī,
bhavanibandhavināśin,ī,
bhavanīya,,
bhavabhāvana,,
bhavabhūta,,
bhavamaya,ī,
bhavalābhalobhasatkāraparāṅmukha,,
bhavavratadhara,,
bhavasaṅgin,ī,
bhavātiga,,
bhavādṛkṣa,ī,
bhavādṛśa,ī,
bhavābhibhāvin,ī,
bhavāśarvīya,,
bhavika,,
bhavicārin,ī,
bhavitavya,,
bhavita,,
bhavin,ī,
bhavila,,
bhaviṣyadvādin,ī,
bhaviṣyapurāṇīya,,
bhaviṣya,,
bhavītva,,
bhavya,,
bhaṣa,ī,
bhasadya,,
bhasita,,
bhastrika,ī,
bhastrīya,,
bhasmaka,,
bhasmakṛta,,
bhasmacchanna,,
bhasmanihuta,,
bhasmapraharaṇa,,
bhasmabhūta,,
bhasmarāśīkṛta,,
bhasmarogin,ī,
bhasmaśāyin,ī,
bhasmākhya,,
bhasmāṅga,,
bhasmānta,,
bhasmāvaśeṣa,,
bhasmāvṛtāṅga,,
bhasmīkṛta,,
bhasmībhūta,,
bhāṛjīka,,
bhāḥsatya,,
bhākta,ī,
bhāktika,,
bhākṣa,ī,
bhākṣālaka,,
bhāgaka,,
bhāgadheya,ī,
bhāgadheya,,
bhāgalaka,,
bhāgavata,ī,
bhāgavittikīya,,
bhāgahara,,
bhāgahārin,ī,
bhāga,,
bhāgārthin,ī,
bhāgārha,,
bhāgin,ī,
bhāgīya,,
bhāgīrathatīrtha,,
bhāgīratha,ī,
bhāgyarahita,,
bhāgya,,
bhāgyāyatta,,
bhāṅga,ī,
bhāṅgīna,ī,
bhājanībhūta,,
bhājita,,
bhājin,ī,
bhājya,,
bhāḍita,,
bhāṇḍapūrṇa,,
bhāṇḍānusārin,ī,
bhāṇḍita,,
bhāta,,
bhādradārava,,
bhādramauñja,ī,
bhānava,,
bhānavīya,,
bhānumaya,ī,
bhānta,,
bhāmita,,
bhāmin,ī,
bhārakṣama,,
bhāratara,,
bhārata,ī,
bhāradvājaka,ikā,
bhāradvāja,ī,
bhāradvājīya,,
bhārapratyavara,,
bhārabhārin,ī,
bhāravāha,,
bhāravāhika,,
bhāravāhin,ī,
bhārasādhana,,
bhārasādhin,ī,
bhārahara,,
bhārahārika,,
bhārahārin,ī,
bhārika,,
bhārin,ī,
bhārujika,,
bhārūjika,,
bhārūpa,,
bhārgavarāghavīya,,
bhārgava,ī,
bhārgavīya,,
bhārya,,
bhāryājita,,
bhāryāṭa,,
bhāryādrohin,ī,
bhāryādhikārika,,
bhāryārthin,ī,
bhāryāsama,,
bhāladarśin,ī,
bhālandanaka,,
bhālāṅka,,
bhāllakīya,,
bhāllapāleya,,
bhālla,,
bhālleya,,
bhāvaṃgama,,
bhāvakartṛka,,
bhāvaka,,
bhāvagamya,,
bhāvagrāhin,ī,
bhāvagrāhya,,
bhāvajña,,
bhāvata,,
bhāvatka,,
bhāvana,ī,
bhāvanāmaya,ī,
bhāvanāyukta,,
bhāvanīya,,
bhāvabandhana,,
bhāvabodhaka,ikā,
bhāvamadhura,,
bhāvayitavya,,
bhāvarūpa,,
bhāvavacana,,
bhāvavṛtta,,
bhāvaśūnya,,
bhāvasamanvita,,
bhāvasamāhita,,
bhāvastha,,
bhāvasthira,,
bhāvasnigdha,,
bhāvātmaka,,
bhāvānuga,,
bhāvārtha,,
bhāvāva,,
bhāvika,ī,
bhāvitabhāvana,,
bhāvita,,
bhāvin,ī,
bhāvuka,,
bhāvaikarasa,,
bhāvya,,
bhāṣaka,,
bhāṣika,,
bhāṣitapuṃska,,
bhāṣitavya,,
bhāṣita,,
bhāṣin,ī,
bhāṣyabhūta,,
bhāsaka,,
bhāsanta,,
bhāsin,ī,
bhāsuradeha,,
bhāsura,,
bhāskara,,
bhāskarīya,,
bhāstrāyaṇaka,,
bhāsmana,ī,
bhāsya,,
bhāsvaravarṇa,,
bhikṣācara,ī,
bhikṣācāra,,
bhikṣāṭana,,
bhikṣārthin,ī,
bhikṣārha,,
bhikṣāśin,ī,
bhikṣāhāra,,
bhikṣitavya,,
bhikṣita,,
bhikṣin,ī,
bhikṣopajīvin,ī,
bhikṣopabhegin,ī,
bhidākara,,
bhidura,,
bhidelima,,
bhinnakaṭa,,
bhinnakaraṭa,,
bhinnakarīndrakumbhamuktāmaya,ī,
bhinnakarṇa,,
bhinnakalpa,,
bhinnaka,,
bhinnakāla,,
bhinnakūṭa,,
bhinnakrama,,
bhinnakleśa,,
bhinnagaṇḍakaraṭa,,
bhinnagarbha,,
bhinnajātīya,,
bhinnatantra,,
bhinnadarśin,ī,
bhinnadeśa,,
bhinnadeha,,
bhinnanauka,,
bhinnaprakāra,,
bhinnamantra,,
bhinnamaryāda,,
bhinnamaryādin,ī,
bhinnamastakapiṇḍaka,,
bhinnamastakapiṇḍika,,
bhinnaliṅgaka,ikā,
bhinnavarṇa,,
bhinnaviṭka,,
bhinnavṛtta,,
bhinnasvaramukhavarṇa,,
bhinnasvara,,
bhinnahṛdaya,,
bhinna,,
bhinnāñjanacayopama,,
bhinnāñjanavarṇa,,
bhinnāñjanasaṃnibha,,
bhinnāñjanākāra,,
bhinnāñjanābha,,
bhinnābhinna,,
bhinnārtha,,
bhiyasāna,,
bhiṣaktama,,
bhiṣaktara,,
bhiṣajyita,,
bhīkara,,
bhītacārin,ī,
bhītacitta,,
bhītaparitrāṇavastūpālambhapaṇḍita,,
bhītabhīta,,
bhīta,,
bhīmakārmuka,,
bhīmadarśana,,
bhīmadhanvāyana,ī,
bhīmaparākrama,,
bhīmarūpa,,
bhīmala,,
bhīmavikrama,,
bhīmavikrānta,,
bhīmavigraha,,
bhīmavegarava,,
bhīmavega,,
bhīmasenamaya,,
bhīra,,
bhīruka,,
bhīruyodha,,
bhīrusattva,,
bhīruhṛdaya,,
bhīluka,,
bhīṣaṇaka,,
bhīṣaṇīya,,
bhīṣita,,
bhīṣma,,
bhuktapīta,,
bhuktapūrvin,ī,
bhuktavibhukta,,
bhuktasupta,,
bhukta,,
bhuktivarjita,,
bhuktotohiṣṭa,,
bhuktvāsuhita,,
bhugnanetra,,
bhugna,,
bhujaṃgadīrgha,,
bhujaṃgapihita,,
bhujaṃgamamaya,ī,
bhujavīrya,,
bhujaśālin,ī,
bhujiṣya,,
bhutopasṛṣṭa,,
bhuraṇa,,
bhuvanacyava,,
bhuvanapāvana,ī,
bhuvanavidita,,
bhuvanādbhuta,,
bhuviṣṭha,,
bhūḥkhāra,,
bhūgata,,
bhūtakālika,,
bhūtagrasta,,
bhūtadāhīya,,
bhūtadhara,,
bhūtanāśana,,
bhūtabhava,,
bhūtabhāvanabhāvana,,
bhūtabhāvana,,
bhūtabhāvin,ī,
bhūtabhāṣāmaya,ī,
bhūtabhautika,,
bhūtamaya,ī,
bhūtarūpa,,
bhūtalastha,,
bhūtavādin,ī,
bhūtavāhana,,
bhūtasaṃkrāmin,ī,
bhūtasampṛkta,,
bhūtasammohana,,
bhūtasādhana,ī,
bhūtastha,,
bhūtātmaka,,
bhūtādika,,
bhūtārabdha,,
bhūtārta,,
bhūtāviṣṭa,,
bhūtikāma,,
bhūtimalina,,
bhūtivardhana,,
bhūtivāhana,,
bhūtiśubhra,,
bhūtisita,,
bhūtejya,,
bhūtopahatacitta,,
bhūtopahata,,
bhūdhara,,
bhūpatita,,
bhūmaya,ī,
bhūmikapāla,,
bhūmigata,,
bhūmiga,,
bhūmigṛha,,
bhūmija,,
bhūmijāta,,
bhūmida,,
bhūmidṛṃha,,
bhūmipra,,
bhūmiprāpta,,
bhūmibudhna,,
bhūmibhūta,,
bhūmibhedin,ī,
bhūmimaya,ī,
bhūmivāsin,ī,
bhūmiśaya,,
bhūmiṣṭha,,
bhūmisambhava,,
bhūmīśayya,,
bhūmyanantara,,
bhūmya,,
bhūyaḥstana,,
bhūyarūpa,,
bhūyaśchandika,,
bhūyaskara,,
bhūyaskāma,,
bhūyasvin,ī,
bhūyiṣṭhatara,,
bhūyokṣaratara,,
bhūyoguṇa,,
bhūyovidya,,
bhūrikṛtrimamāṇikyamaya,ī,
bhūriguṇa,,
bhūrija,,
bhūritara,,
bhūritejasa,,
bhūritoka,,
bhūridakṣiṇa,,
bhūrida,,
bhūridātra,,
bhūridāvattara,,
bhūridhana,,
bhūrinidhana,,
bhūripādāta,,
bhūripoṣin,ī,
bhūriprayoga,,
bhūribhāra,,
bhūribhoja,,
bhūrimūla,,
bhūrilābha,,
bhūrivikrama,,
bhūriviyoga,,
bhūrivetasa,,
bhūrisakha,,
bhūristhātra,,
bhūryakṣa,,
bhūṣaṇadāyaka,,
bhūṣaṇabhūṣaṇa,,
bhūṣaṇa,ī,
bhūṣaṇīya,,
bhūṣayitavya,,
bhūṣin,ī,
bhūṣya,,
bhūstha,,
bhūsthita,,
bhṛkuṭidhara,,
bhṛkta,,
bhṛgavāṇa,,
bhṛgukaccha,,
bhṛgudevata,,
bhṛṅgaka,,
bhṛtaka,,
bhṛtakādhyāpita,,
bhṛtarandhra,,
bhṛta,,
bhṛtyabhāvin,ī,
bhṛtyaśālin,ī,
bhṛtya,,
bhṛmala,,
bhṛśakopana,,
bhṛśadaṇḍa,,
bhṛśadāruṇa,,
bhṛśaduḥkhita,,
bhṛśanāstika,,
bhṛśapīḍita,,
bhṛśavismita,,
bhṛśaśokavardhana,ī,
bhṛśasaṃyuta,,
bhṛśasaṃhṛṣṭa,,
bhṛśa,,
bhṛṣṭa,,
bhetavya,,
bhettavya,,
bhedakara,ī,
bhedaka,,
bhedakārin,ī,
bhedadarśin,ī,
bhedana,,
bhedanīya,,
bhedasaha,,
bhedita,,
bhedin,ī,
bhedonmukha,ī,
bhedyaliṅga,,
bhedya,,
bheya,,
bherīśaṅkhavāda,,
bhela,,
bheṣajakṛta,,
bheṣaja,ī,
bhaikṣava,,
bhaikṣa,ī,
bhaikṣārthin,ī,
bhaikṣāśin,ī,
bhaikṣāhāra,,
bhaikṣopajīvin,ī,
bhaiḍaka,,
bhaiṇḍaka,,
bhaidika,,
bhaimaratha,ī,
bhaima,ī,
bhairavakāraka,,
bhairavīya,,
bhaiṣaja,,
bhaiṣṇaja,,
bhaiṣmaka,ī,
bhoktavya,,
bhogakara,ī,
bhogajāta,,
bhogārha,,
bhogin,ī,
bhogīna,,
bhogya,,
bhojaka,,
bhojanavyagra,,
bhojana,ī,
bhojanārthin,ī,
bhojanīyamṛta,,
bhojanīya,,
bhojayitavya,,
bhojarājīya,,
bhoja,,
bhojin,ī,
bhojyamaya,,
bhojya,,
bhojyānna,,
bhojyoṣṇa,,
bhoṭīya,,
bhovādin,ī,
bhaujaṃga,ī,
bhaujakaṭa,,
bhaujīya,,
bhautatulya,,
bhautaprāya,,
bhauta,ī,
bhautika,ī,
bhautya,ī,
bhauma,ī,
bhaumika,ī,
bhaumya,,
bhaurikividha,,
bhaulikividha,,
bhauvana,,
bhauvādika,,
bhraṃśana,,
bhraṃśita,,
bhraṃśin,ī,
bhrakuṭīmukha,,
bhramabhūta,,
bhramaraja,,
bhramaravilasita,,
bhramarita,,
bhramita,,
bhramin,ī,
bhraśiṣṭha,,
bhraṣṭakriya,,
bhraṣṭaguda,,
bhraṣṭanidra,,
bhraṣṭapariśrama,,
bhraṣṭamārga,,
bhraṣṭayoga,,
bhraṣṭarājya,,
bhraṣṭavya,,
bhraṣṭa,,
bhraṣṭādhikāra,,
bhrājaka,ī,
bhrājasvin,ī,
bhrāja,,
bhrājin,ī,
bhrājiṣṭha,,
bhrātṛka,ī,
bhrātṛdatta,,
bhrātṛvala,,
bhrātṛvyakṣayaṇa,,
bhrātṛvyacātana,,
bhrātrīya,,
bhrāntacitta,,
bhrānta,,
bhrāntākulitacetana,,
bhrāntikara,ī,
bhrāmaka,ikā,
bhrāmara,ī,
bhrāmarin,ī,
bhrāmita,,
bhrāmin,ī,
bhrāśya,,
bhrāṣṭraja,,
bhrāṣṭramindha,,
bhrāṣṭra,ī,
bhrūkuṭīkuṭika,,
bhrūkuṭīkuṭila,,
bhrūkuṭīkuṭilānana,,
bhrūcāpākṛṣṭamukta,,
bhrūṇaghna,,
bhrūbhedin,ī,
bhrauṇaghna,ī,
maṃhanīya,,
maṃhiṣṭha,,
makarāyaṇa,,
makuṣṭha,,
makṣūtama,,
makhamaya,ī,
makhamukha,,
makha,,
magadin,ī,
magadhapratiṣṭha,,
magadhīya,,
magna,,
maṅktavya,,
maṅgalakalaśamaya,,
maṅgalakāraka,,
maṅgalakārin,ī,
maṅgalapuṣpamaya,ī,
maṅgalapūjita,,
maṅgalaprada,,
maṅgalamaya,ī,
maṅgalamātrabhūṣaṇa,,
maṅgalavādin,ī,
maṅgalasaṃstava,,
maṅgalasūcaka,,
maṅgalācārayukta,,
maṅgalāyana,,
maṅgalārambha,,
maṅgalārha,,
maṅgalālaṃkṛta,,
maṅgalālaya,,
maṅgalāvaha,,
maṅgalāvrata,,
maṅgalīya,,
maccitta,,
macchākṣāṅka,,
majjanagata,,
majja,,
majjūka,,
mañcakagata,,
mañcastha,,
mañjarita,,
mañjaridhārin,ī,
mañjarījāladhārin,ī,
mañjarīpiñjarita,,
mañjiṣṭhābha,,
mañjiṣṭhāmehin,ī,
mañjugamana,,
mañjuguñjatsamīra,,
mañjughoṣa,,
mañjutara,,
mañjunetra,,
mañjubhāṣin,ī,
mañjula,,
mañjuvaktra,,
mañjuvacana,,
mañjuvādin,ī,
mañjusvana,,
mañjusvara,,
maṭacīhata,,
maṭhara,,
maṭha,ī,
maṇikarṇa,,
maṇigrīva,,
maṇidaṇḍa,,
maṇidhara,,
maṇipuccha,ī,
maṇimaṇḍita,,
maṇimaya,ī,
maṇimekhala,,
maṇiratnamaya,ī,
maṇiratnasuvarṇin,ī,
maṇiradana,,
maṇirāga,,
maṇila,,
maṇiva,,
maṇivāla,,
maṇiśaṅkhaśarkara,,
maṇiśyāma,,
maṇḍana,,
maṇḍanārha,,
maṇḍapa,,
maṇḍamaya,ī,
maṇḍalakārmuka,,
maṇḍalāgra,,
maṇḍalāsana,,
maṇḍalitahastakāṇḍa,,
maṇḍalita,,
maṇḍalin,ī,
maṇḍalīkṛta,,
maṇḍalībhūta,,
maṇḍita,,
maṇḍūkagatilālasa,,
maṇḍūkayoganiyata,,
maṇḍūkayogaśayana,,
maṇḍūkaśāyin,ī,
matajña,,
mata,,
matākṣa,,
matāvalambin,ī,
matigarbha,,
matipūrvaka,,
matipūrva,,
matiśālin,ī,
matihīna,,
matka,,
matkuṇagandha,,
matkṛta,,
mattaka,,
mattara,,
mattavāraṇavikrama,,
mattavāraṇīya,,
matta,,
mattebhakumbhapariṇāhin,ī,
matparama,,
matpara,,
matparāyaṇa,,
matpūrva,,
matprasūta,,
matsara,,
matsarin,ī,
matsin,ī,
matsyaghātin,ī,
matsyajīvin,ī,
matsyavratin,ī,
matsyasagandhin,ī,
matsyāda,,
matsyāśin,ī,
matsyodarīya,,
mathana,ī,
mathitapādapa,,
mathita,,
mathitorasa,,
mathya,,
mathra,,
madakara,ī,
madakala,,
madakārin,ī,
madagurupakṣa,,
madacyuta,,
madanakliṣṭa,,
madanamaya,ī,
madanavaśa,,
madanaviklava,,
madana,,
madanātura,,
madanāvastha,,
madanīya,,
madanotsuka,,
madaprada,,
madamohita,,
madavikṣipta,,
madavihvala,,
madavihvalita,,
madavṛddha,,
madasrāvin,ī,
madākula,,
madāḍhya,,
madātyayita,,
madāndha,,
madāmada,,
madālasa,,
madin,ī,
madira,,
madirākṣa,ī,
madirāmadāndha,,
madirāmaya,ī,
madirāvaśaga,,
madirotkaṭa,,
madironmatta,,
madīya,,
madotkaṭa,,
madoddhata,,
madonmatta,,
madorjita,,
madbandhanasamudbhava,,
madbhakta,,
madyapīta,,
madyamaya,ī,
madraṃkara,,
madraka,,
madrakādhama,,
madrakāra,,
madraja,,
madrikākalpa,,
madrikāmānin,ī,
madvargīṇa,,
madvargīya,,
madvargya,,
madvidha,,
madvihīna,,
madhavya,,
madhukaramaya,,
madhuka,,
madhugandhika,,
madhucyuta,,
madhujihva,,
madhudogha,,
madhuparkika,,
madhuparkya,,
madhupātama,,
madhupānakala,,
madhupiṅgākṣa,,
madhupṛṣṭha,,
madhupeya,,
madhupriya,,
madhupluta,,
madhubhāga,,
madhumattama,,
madhumatta,,
madhumaya,ī,
madhumiśra,,
madhumehin,ī,
madhurakaṇṭhin,ī,
madhuraka,,
madhuragātra,ī,
madhurapragīta,,
madhurapralāpin,ī,
madhurabhāṣin,ī,
madhuramaya,ī,
madhurarāvin,ī,
madhuravacana,,
madhuraśuklamūtra,,
madhurasamaya,ī,
madhurasambhāṣa,,
madhurasa,,
madhurasvana,,
madhurasvara,,
madhurāṅgaka,ikā,
madhurāmlakaṭuka,,
madhurāmlakaṣāya,,
madhurāmlatikta,,
madhurāmlalavaṇa,,
madhurāmla,,
madhurālāpanisargapaṇḍita,,
madhurālāpa,,
madhurāsvāda,,
madhuvarṇa,,
madhuvāhana,,
madhuvāhin,ī,
madhuvṛṣa,,
madhuśākha,,
madhuścyuta,,
madhuṣuttama,,
madhusaṃdṛśa,,
madhusaṃśliṣṭa,,
madhusammiśra,,
madhusrava,,
madhuhastya,,
madhūcchiṣṭasthita,,
madhūttha,,
madhūdakaprasravaṇa,,
madhūdyuta,,
madhūlaka,ikā,
madhūla,,
madhūlika,,
madhyaṃdinagata,,
madhyaṃdina,,
madhyaṃdinārkasaṃtapta,,
madhyaṃdinīya,,
madhyagata,,
madhyacārin,ī,
madhyadeśa,,
madhyadeśīya,,
madhyadeśya,,
madhyanihita,,
madhyanya,,
madhyapatita,,
madhyapraviṣṭa,,
madhyabhakta,,
madhyamaka,ikā,
madhyamajāta,,
madhyamavayaska,,
madhyamastha,,
madhyamasvabhāva,,
madhyamasvara,,
madhyamīya,,
madhyameṣṭha,,
madhyameṣṭheya,,
madhyayogin,ī,
madhyavartin,ī,
madhyavivartin,ī,
madhyavivekin,ī,
madhyaśarīra,,
madhyaśāyin,ī,
madhyasthita,,
madhyasvarita,,
madhyāyin,ī,
madhyenidhana,,
madhyodātta,,
madhvakṣa,,
madhvāśin,ī,
madhvāsavakṣība,,
madhvāsvāda,,
manaāpa,,
manaṛṅga,,
manaḥkānta,,
manaḥkṣobhakara,,
manaḥpūta,,
manaḥpraṇīta,,
manaḥśalya,,
manaḥśilāvicchurita,,
manaḥśīghra,,
manaḥṣaṣṭha,,
manaḥsāramaya,ī,
manaḥsukha,,
manaḥsparśa,,
mananayukta,,
manana,,
mananīya,,
mananya,,
manarañjana,ī,
manasājñāyin,ī,
manasin,ī,
manasimanda,,
manaskānta,,
manasmaya,ī,
manasvigarhita,,
manasvitara,,
manasvin,ī,
manākkara,,
manākpriya,,
manāna,,
manāpa,,
manita,,
manīṣitavarṣin,ī,
manīṣita,,
manīṣin,ī,
manujāta,,
manupraṇīta,,
manuprīta,,
manurhita,,
manuvṛta,,
manuṣyakāya,,
manuṣyakṛta,,
manuṣyacara,,
manuṣyadurga,,
manuṣyamātra,,
manuṣyayaśasin,ī,
manogata,,
manogamya,,
manogupta,,
manogṛhīta,,
manogrāhin,ī,
manogrāhya,,
manoghna,,
manojavasa,,
manojava,,
manojavin,ī,
manojaviṣṭha,,
manojāta,,
manojighra,,
manodatta,,
manoduṣṭa,,
manonīta,,
manonukūla,,
manonuga,,
manonetra,,
manopahārin,ī,
manopeta,,
manobhava,,
manobhiprāyaga,,
manobhirāma,,
manomaya,ī,
manomuṣigṛhīta,,
manoyāyin,ī,
manorathakṛta,,
manorathamaya,ī,
manovāgdehaja,,
manovāta,,
manohata,,
manoharatara,,
manoharākāra,,
manohārin,ī,
manohlādin,ī,
mantavya,,
mantrakuśala,,
mantrakṛta,,
mantrakovida,,
mantrajña,,
mantrajyeṣṭha,,
mantraṇārhīya,,
mantradarśin,ī,
mantrada,,
mantrapūta,,
mantrabaddha,,
mantramaya,ī,
mantravarṇa,ī,
mantrasādhya,,
mantrasiddha,,
mantrahīna,,
mantrita,,
mantridhura,,
mantrin,ī,
mantrokta,,
manthaka,,
manthaguṇīkṛta,,
manthadaṇḍīkṛta,,
manthana,,
mantharagāmin,ī,
mantharaviveka,,
mantharita,,
manthitavya,,
manthin,ī,
manthipa,,
manthyagra,,
manthya,,
mandakarṇa,,
mandaka,,
mandakārin,ī,
mandakiraṇa,,
mandagamana,,
mandaga,,
mandagāmin,ī,
mandacārin,ī,
mandacchāya,,
mandajāta,,
mandatara,,
mandadvīra,,
mandadhāra,,
mandapuṇya,,
mandaprajña,,
mandaprāṇaviceṣṭita,,
mandaprāṇa,,
mandaphala,,
mandabala,,
mandabhāgin,ī,
mandabhāgya,,
mandamandātapa,,
mandayatsakha,,
mandaradevīya,,
mandara,,
mandaregin,ī,
mandavibhraṃśa,,
mandavirikta,,
mandavivekin,ī,
mandaviṣa,,
mandavisarpin,ī,
mandavīrya,,
mandavedana,,
mandaśisira,,
mandasāna,,
mandahāsa,,
mandākrānta,,
mandākṣa,ī,
mandācāra,,
mandādara,,
mandānala,,
mandānusārin,ī,
mandābhiniveśa,,
mandin,ī,
mandiṣṭha,,
mandīkṛta,,
mandībhūta,,
manduraja,,
mandotsāha,,
mandodaka,,
mandoṣṇa,,
mandautsukya,,
mandrajihva,,
mandratama,,
mandratara,,
mandrasnigdha,,
manmathasamāna,,
manmathāviṣṭa,,
manmathin,ī,
manmaya,ī,
manmasādhana,,
manya,,
manyāgata,,
manyuparita,,
manyuparopta,,
manyumaya,ī,
manyuśamana,,
manyuṣāvin,ī,
manviddha,,
mamaka,,
mamatāyukta,,
mamatāśūnya,,
mamattara,,
mayanirmita,,
mayaskara,,
mayūkhapṛkta,,
mayūkhin,ī,
mayūrapattrin,ī,
mayūrapicchamaya,ī,
mayūramaya,ī,
mayūraśepya,,
mayūrasārin,ī,
mayobhava,,
mayobhuva,,
marakatamaya,ī,
marakataśyāma,,
maraṇaja,,
maraṇaniścaya,,
maraṇabhīruka,,
maraṇaśīla,,
maraṇāgresara,,
maraṇātmaka,ikā,
maraṇānta,,
maraṇāntika,,
maraṇābhimukha,,
maraṇīya,,
maraṇonmukha,,
mara,,
marāla,,
marīcin,ī,
marīcipa,,
marīcimālin,ī,
marīmṛja,,
marīmṛśa,,
marukacchanivāsin,ī,
marugata,,
maruttama,,
marutvatīya,,
marutvatya,,
marutsakha,,
marutsahāya,,
marutstotra,,
marudgaṇa,,
maruddatta,,
marudvṛdha,,
marunnāma,,
marunmaya,ī,
maruvaka,,
marusthita,,
markaṭakarṇa,,
markaṭajoḍa,,
markaṭanāsa,,
markaṭalocana,,
markaṭāsya,,
markaṭībhūta,,
marjya,,
martavya,,
martyakṛta,,
martyadharmin,ī,
martya,,
martyeṣita,,
mardaka,,
mardana,ī,
mardanīya,,
marda,,
marditavya,,
mardin,ī,
marmaghātin,ī,
marmacchedin,ī,
marmajña,,
marmapāraga,,
marmabhedin,ī,
marmamaya,ī,
marmaraka,ikā,
marmarapattramokṣa,,
marmara,,
marmarībhūta,,
marmavidāraṇa,,
marmavibhedin,ī,
marmavedhin,ī,
marmātiga,,
marmānveṣin,ī,
marmāvaraṇabhedin,ī,
marmāvin,ī,
marmika,,
marmṛjenya,,
maryādāmaya,ī,
maryādin,ī,
marṣaṇa,,
marṣaṇīya,,
marṣita,,
marṣin,ī,
malakarṣaṇa,,
malaghna,,
malaja,,
maladāyaka,,
maladigdhāṅga,,
maladūṣita,,
maladrāvin,ī,
malapaṅkin,ī,
malaprāladeśīya,,
malamallakaśeṣa,,
malayaja,,
malavāhin,ī,
malaviśodhana,,
malahāraka,,
mala,,
malābha,,
malāvaha,,
malinaprabha,,
malinamukha,,
malina,,
malināsya,,
malinita,,
malinīkaraṇīya,,
malinīkara,,
maliṣṭha,,
maliha,,
malopahata,,
malla,,
mallikapūrva,,
malva,,
mavita,,
maśakajambhana,ī,
maśakārtha,,
maṣībhāvuka,,
maṣīmaya,,
maṣīlipta,,
maṣīvarṇa,,
masāragalvarkamaya,ī,
masina,,
masṛṇa,,
masṛṇitaśila,,
masṛṇita,,
masta,,
mahatkatha,,
mahatkṣetra,,
mahattamapada,,
mahattama,,
mahattara,,
mahattvarahita,,
mahadabhikhya,,
mahada,,
mahadāśraya,,
mahadgata,,
mahadguṇa,,
mahadbhūta,,
mahanīyaśāsana,,
mahanīya,,
mahayya,,
mahallaka,ikā,
mahasvin,ī,
maha,,
mahākara,,
mahākaruṇa,,
mahākarṇa,,
mahākalyāṇaka,,
mahākāyaśirodhara,,
mahākāya,,
mahākāra,,
mahākāruṇika,,
mahākula,,
mahākulotpanna,,
mahākulodbhava,,
mahākeśa,,
mahākośa,,
mahākrodha,,
mahākṣa,,
mahākhāta,,
mahākhyāta,,
mahāgada,,
mahāgaya,,
mahāgarbha,,
mahāgala,,
mahāga,,
mahāguṇa,,
mahāgranthika,,
mahāgrīva,,
mahāghāsa,,
mahāghora,,
mahāṅga,,
mahācaitanya,,
mahājaṭa,,
mahājana,,
mahājanīya,,
mahājaya,,
mahāja,,
mahājātīya,,
mahājihva,,
mahājvāla,,
mahāḍhya,,
mahātapasvin,ī,
mahātapa,,
mahātiktaka,,
mahātikta,,
mahātīkṣṇa,,
mahāteja,,
mahātmya,,
mahātyaya,,
mahātyayika,,
mahātyāgacitta,,
mahātyāgamaya,,
mahātyāga,,
mahātyāgin,ī,
mahādaṃṣṭra,,
mahādaṇḍa,,
mahādanta,,
mahādambha,,
mahādaridra,,
mahādāna,,
mahādurga,,
mahādevahata,,
mahādevāhata,,
mahādevīya,,
mahādeha,,
mahādbhuta,,
mahādhanika,,
mahādhvanika,,
mahānakha,,
mahānana,,
mahānābha,,
mahānāmnika,,
mahānāsa,,
mahānidra,,
mahānīlamaya,,
mahānīla,,
mahānuśaṃsaka,,
mahānūpa,,
mahānetra,,
mahānta,,
mahāpakṣa,,
mahāpaṇḍita,,
mahāpathika,,
mahāpavitra,,
mahāpātakin,ī,
mahāpāta,,
mahāpāda,,
mahāpāra,,
mahāpūta,,
mahāpṛṣṭhagalaskandha,,
mahāpṛṣṭha,,
mahāpratāpa,,
mahāprabha,,
mahāpramāṇa,,
mahāpravṛddha,,
mahāprasāda,,
mahāprasthānika,,
mahāprājña,,
mahāprāṇa,,
mahāprāsthānika,,
mahābalaparākrama,,
mahābādha,,
mahābārhata,,
mahābīja,,
mahābudhna,,
mahābhāgin,ī,
mahābhāgya,,
mahābhāsura,,
mahābhāsvara,,
mahābhijanajāta,,
mahābhijana,,
mahābhisyandin,ī,
mahābhīta,,
mahābhīṣaṇaka,,
mahābhuja,,
mahābhūta,,
mahābhūmika,,
mahābhairava,ī,
mahābhoga,,
mahābhogin,ī,
mahābhraghoṣa,,
mahāmata,,
mahāmatta,,
mahāmanaska,,
mahāmarakata,,
mahāmarṣa,,
mahāmaha,,
mahāmahimaśālin,ī,
mahāmahivrata,,
mahāmātra,,
mahāmānin,ī,
mahāmānya,,
mahāmāla,,
mahāmukha,ī,
mahāmūḍha,,
mahāmūlya,,
mahāmeghanibhasvana,,
mahāmeghasvana,,
mahāmeghaughanirghoṣa,,
mahāmohana,,
mahāmla,,
mahāyaśaska,,
mahāyasa,,
mahāyudha,,
mahārajata,,
mahārajana,,
mahāratnamaya,,
mahāratha,,
mahārambha,,
mahārasa,,
mahārājakulīna,,
mahārāṣṭraka,ikā,
mahārāṣṭravariṣṭhabhāṣāmaya,,
mahāruja,,
mahārūpa,,
mahārūpin,ī,
mahārogin,ī,
mahāromaśa,,
mahārgha,,
mahārthaka,,
mahārha,,
mahālalāṭa,,
mahāliṅga,,
mahālola,,
mahāvaṃśasamudbhava,,
mahāvaṃśa,,
mahāvaṃśya,,
mahāvakāśa,,
mahāvaktra,,
mahāvaṭūrin,ī,
mahāvadha,,
mahāvana,,
mahāvikrama,,
mahāvijña,,
mahāvidagdha,,
mahāviśiṣṭa,,
mahāviṣa,,
mahāvistara,,
mahāvīryaparākrama,,
mahāvīrya,,
mahāvṛkṣagalaskandha,,
mahāvṛddha,,
mahāvela,,
mahāvailastha,,
mahāvratadhara,,
mahāvratikaveṣa,,
mahāvratika,,
mahāvratin,ī,
mahāvratīya,,
mahāvrāta,,
mahāvrīhimaya,,
mahāśaṅkhamaya,ī,
mahāśaya,,
mahāśarīra,,
mahāśalkalin,ī,
mahāśākha,,
mahāśālīna,,
mahāśāsana,,
mahāśirodhara,,
mahāśveta,,
mahāsaṃkaṭa,,
mahāsattva,,
mahāsanaparicchada,,
mahāsaha,,
mahāsāra,,
mahāsāhasika,,
mahāsāhasin,ī,
mahāsugandha,,
mahāsūkṣma,,
mahāsena,,
mahāsaukhya,,
mahāstoma,,
mahāsthūla,,
mahāspada,,
mahāsya,,
mahāsragvin,ī,
mahāsvara,,
mahāsvāda,,
mahāhasta,,
mahāhastin,ī,
mahāhāsa,,
mahāhrasva,,
mahikṣatra,,
mahita,,
mahintama,,
mahin,ī,
mahimagha,,
mahiratna,,
mahilāpāda,,
mahivrata,,
mahiṣaga,,
mahiṣacara,,
mahiṣita,,
mahiṣṭha,,
mahiṣvanta,,
mahīcara,,
mahīcārin,ī,
mahīja,,
mahīdurga,,
mahīdhara,,
mahīmaya,ī,
maheccha,,
mahendrayājin,ī,
mahendriya,,
mahendrīya,,
mahelāpāda,,
maheśākhya,,
mahocchraya,,
mahotpātaprāyaścitta,,
mahotsavamaya,ī,
mahotsavin,ī,
mahotsāha,,
mahodaya,,
mahodara,ī,
mahodāra,,
mahodyama,,
mahodyoga,,
mahonnata,,
mahonmāna,,
mahoragadaṣṭa,,
mahoraska,,
mahormin,ī,
mahoṣṭha,,
mahaujaska,,
mahya,,
māṃścatva,,
māṃsakāma,,
māṃsagṛdhyin,ī,
māṃsaja,,
māṃsadhauta,,
māṃsapiṇḍagṛhītavadana,,
māṃsabhakṣa,,
māṃsabhūta,,
māṃsamaya,ī,
māṃsamukha,ī,
māṃsala,,
māṃsalubdha,,
māṃsavarṣin,ī,
māṃsaśīla,,
māṃsaśukrala,,
māṃsaśoṇitapaṅkin,ī,
māṃsasāra,,
māṃsāda,,
māṃsādin,ī,
māṃsāśin,ī,
māṃsika,,
māṃsaudanika,ī,
māṃspacana,ī,
māṃspṛṣṭa,,
mākandaka,,
mākaranda,ī,
mākara,ī,
mākṣika,,
māgadya,,
māgadhaka,,
māgadhadeśīya,,
māgadha,ī,
māghapākṣika,ī,
māghamāsika,ī,
māghavata,ī,
māghavana,ī,
māgha,ī,
māghona,,
māṅgalika,ī,
māṅgalikya,,
māṅgalya,,
māñjiṣṭhaka,,
māñjiṣṭha,,
māñjiṣṭhika,,
māṭharaka,,
māḍārya,,
māṇavīna,,
māṇikyamaya,ī,
māṇipāla,,
māṇirūpyaka,,
māṇḍapa,ī,
māṇḍarika,,
māṇḍalika,ī,
māṇḍavyāyana,ī,
māṇḍūka,ī,
māṇḍūkeyīya,,
mātaṃgaja,,
mātariśvaka,,
mātalīya,,
māta,,
mātāpitṛvihīna,,
mātāpitṛsaṃjñin,ī,
mātāmaha,ī,
mātāmahīya,,
mātulaka,,
mātṛkalpika,,
mātṛka,,
mātṛkāmaya,ī,
mātṛkṛta,,
mātṛgarbhastha,,
mātṛgāmin,ī,
mātṛjña,,
mātṛtama,,
mātṛdeva,,
mātṛpakṣa,,
mātṛpitṛkṛtābhyāsa,,
mātṛbhogīṇa,,
mātṛmukha,,
mātṛmṛṣṭa,,
mātṛvaṃśya,,
mātṛvatsala,,
mātṛvidūṣita,,
mātṛṣaṣṭha,,
mātraka,,
mātratraya,,
mātrākṛta,,
mātrādhika,,
mātrāśitīya,,
mātrāśin,ī,
mātrika,,
mātsara,ī,
mātsarika,,
mātsyaka,,
mātsya,,
māthitika,,
māthuradeśya,,
māthura,ī,
mādaka,,
mādadya,,
mādana,,
mādanīya,,
mādin,ī,
mādugha,,
mādṛśa,ī,
mādrakūlaka,,
mādrukasthalaka,,
mādhava,ī,
mādhavīya,,
mādhukara,ī,
mādhukarṇika,ī,
mādhuka,,
mādhucchandasa,,
mādhutailika,,
mādhuparkika,ī,
mādhumataka,,
mādhumata,ī,
mādhura,ī,
mādhurya,,
mādhūkara,,
mādhūka,,
mādhyaṃdinaśākhīya,,
mādhyaṃdina,ī,
mādhyamaka,ikā,
mādhyama,,
mādhyamika,,
mādhyamikīya,,
mādhyastha,,
mādhya,,
mādhyāvarṣa,,
mādhyāhnika,ī,
mānaḥśila,ī,
mānada,,
mānadhana,,
mānadhmāta,,
mānana,,
mānanīya,,
mānaprāṇa,,
mānamānya,,
mānampaca,,
mānayāna,,
mānayitavya,,
mānavarjita,,
mānavardhana,,
mānava,ī,
mānavikrayin,ī,
mānavīya,,
mānaveya,,
mānasavega,,
mānasa,ī,
mānasika,,
mānasthalaka,,
mānādhika,,
mānāndha,,
mānārha,,
mānāsakta,,
mānāsa,,
mānita,,
mānin,ī,
mānuṣadaivika,,
mānuṣanikāśana,,
mānuṣapradhana,,
mānuṣamāṃsāda,,
mānuṣalaukika,,
mānuṣasambhava,,
mānuṣa,ī,
mānuṣopeta,,
mānuṣyaka,,
mānotsekaparākramavyasanin,ī,
mānonnata,,
mānonmukta,,
māntravarṇika,ī,
māntra,ī,
māntrita,,
mānthya,,
mānda,,
māndāraka,,
māndra,,
māndhātra,,
mānmatha,ī,
mānyava,,
mānya,,
māpaka,,
māpya,,
māmaka,,
māmakīna,,
māmpaśya,,
māya,,
māyācaṇa,,
māyācāra,,
māyāchadmapara,,
māyātmaka,ikā,
māyādhara,,
māyādhika,,
māyānvita,,
māyāmaṇavaka,,
māyāmaya,ī,
māyāyin,ī,
māyāyodhin,ī,
māyārasika,,
māyāvasika,,
māyāvidhijña,,
māyāvin,ī,
māyāśīla,,
māyika,,
māyin,ī,
māyīya,,
māyuka,,
māyūka,,
māyūra,ī,
māyeya,,
māyopajīvin,ī,
mārakata,ī,
māraka,,
mārakāyika,,
māramohita,,
mārava,ī,
māra,,
mārāṅka,,
mārātmaka,,
mārābhirāma,,
mārāvika,,
mārāvida,,
mārica,,
māricika,,
mārita,,
mārin,ī,
mārīca,,
mārīya,,
mārutakopana,,
mārutapūrṇarandhra,,
mārutamaya,ī,
māruta,ī,
mārutāndolita,,
mārutāpūrṇa,,
mārutāśana,,
mārutipraṣṭha,,
mārutodvellita,,
mārkaṭa,ī,
mārkaṇḍa,,
mārkaṇḍeya,,
mārgaṇa,,
mārgapranaṣṭa,,
mārgamadhyaga,,
mārgarodhin,ī,
mārgavaśāgata,,
mārgavaśānuga,,
mārgavaśāyāta,,
mārgaśīrṣa,ī,
mārgastha,,
mārga,ī,
mārgāgata,,
mārgāyāta,,
mārgāvalokin,ī,
mārgitavya,,
mārgita,,
mārgaiṣin,ī,
mārgya,,
mārjaka,,
mārjana,ī,
mārjanīya,,
mārja,,
mārjāraliṅgin,ī,
mārjāravaktra,,
mārjālīya,,
mārjālya,,
mārjita,,
mārṇāla,,
mārtaṇḍīya,,
mārttika,ī,
mārttikāvataka,,
mārdvīka,,
mārmika,,
mārṣṭavya,,
mālaya,,
mālavaka,,
mālava,ī,
mālavīya,,
mālavya,,
mālādhara,,
mālāprasthaka,,
mālāmaya,ī,
mālita,,
mālinya,,
mālin,ī,
mālīya,,
mālya,,
māllavāstava,,
māṣamaya,ī,
māṣamudgamaya,ī,
māṣavarṇa,,
māṣavāpa,,
māṣavāpin,ī,
māṣasthalaka,,
māṣika,ī,
māṣīṇa,,
māṣoṇa,,
māṣona,,
māṣya,,
māsakālika,,
māsacārika,,
māsajāta,,
māsatama,ī,
māsatulya,,
māsadeya,,
māsapāka,,
māsapūrva,,
māsapramita,,
māsasaṃcayika,,
māsānumāsika,,
māsāpavarga,,
māsāvadhika,,
māsāhāra,,
māsika,ī,
māsīna,,
māsūra,ī,
māsopavāsin,ī,
māsya,,
māhakasthalaka,,
māhakīprastha,ī,
māhata,,
māhākula,,
māhākulīna,,
māhājanika,,
māhājanīna,,
māhātmika,,
māhānada,ī,
māhānasa,ī,
māhānāmana,ī,
māhānāmika,,
māhānāmnika,,
māhāprāṇa,,
māhārajana,ī,
māhārājika,ī,
māhārāṣṭra,ī,
māhāvārttika,ī,
māhāvratika,,
māhāvratīya,,
māhita,,
māhiṣasthalaka,,
māhiṣa,ī,
māhiṣmateyaka,,
māhīyatva,,
māhendra,ī,
māheya,ī,
māheśvara,ī,
miṇmiṇa,,
mitabhāṣin,ī,
mitabhukta,,
mitamedha,,
mitarāvin,ī,
mitarocin,ī,
mitavyayin,ī,
mitaśāyin,ī,
mita,,
mitākṣara,,
mitārthabhāṣin,ī,
mitārtha,,
mitāśana,,
mitāhāra,,
mitrakāma,,
mitragupta,,
mitraghna,,
mitradrohin,ī,
mitradveṣin,ī,
mitranandana,,
mitrabandhuhīna,,
mitramukha,,
mitravatsala,,
mitravardhana,,
mitravinda,,
mitrasāha,,
mitrahana,,
mitrākhya,,
mitrāvaruṇasamīrita,,
mitrin,ī,
mitriya,,
mitrīkṛta,,
mitrya,,
mithunavratin,ī,
mithunīcārin,ī,
mithoavadyapa,,
mithyākāruṇika,,
mithyākṛta,,
mithyācāra,,
mithyātvaniyata,,
mithyātvin,ī,
mithyāpratijña,,
mithyāprayukta,,
mithyāpravādin,ī,
mithyāprasupta,,
mithyābhigṛdhna,,
mithyābhiyogin,ī,
mithyābhiśaṃsin,ī,
mithyābhiśapta,,
mithyābhiśasta,,
mithyāmanorama,,
mithyāliṅgadhara,,
mithyāvāda,,
mithyāvyāhārin,ī,
mithyāhāravihārin,ī,
mithyopayojita,,
minna,,
minmina,,
mimikṣa,,
miyedhya,,
mirmira,,
miladvyādha,,
milita,,
miśraka,,
miśraṇīya,,
miśradhānya,,
miśraprakṛtika,,
miśravarṇa,,
miśrita,,
miśla,,
miṣṭapācaka,,
miṣṭavākya,,
miṣṭa,,
mīḍha,,
mīḍhuṣṭama,,
mīnapucchanibha,,
mīnākṣa,,
mīmāṃsitavya,,
mīmāṃsya,,
mīlita,,
mīvara,ī,
mukuṭin,ī,
mukurita,,
mukulāyita,,
mukulitanayana,ī,
mukulita,,
mukulitākṣa,ī,
mukulin,ī,
mukulīkṛta,,
mukuṣṭha,,
muktakañcuka,,
muktakaṇṭha,,
muktakara,,
muktaka,,
muktanidra,,
muktanirmoka,,
muktaphūtkāra,,
muktabandhana,,
muktarodhonitamba,,
muktaroṣa,,
muktalajja,,
muktavasana,,
muktavyāpāra,,
muktaśikha,,
muktasaṃśaya,,
muktasaṅga,,
mukta,,
muktākāra,,
muktājālamaya,ī,
muktāphalamaya,,
muktābharaṇa,,
muktāmaya,ī,
muktāmukta,,
muktāmbara,,
muktāratnaraśmimaya,,
muktāvalīmaya,ī,
muktāsana,,
muktāsthūla,,
muktāhāra,,
mukhagata,,
mukhaja,,
mukhatīya,,
mukhadaghna,,
mukhanirīkṣaka,,
mukhapriya,,
mukhaprekṣa,,
mukhaprekṣin,ī,
mukhabāhūrupajja,,
mukhamātra,ī,
mukharita,,
mukharogika,,
mukharogin,ī,
mukhavāsana,,
mukhaśapha,,
mukhaśeṣa,,
mukhaśodhana,,
mukhaśodhin,ī,
mukhaśoṣin,ī,
mukhaṣṭhīla,,
mukhasammita,,
mukhādāna,,
mukhīya,,
mukhyasadṛśa,,
mukhyārtha,,
mugdhagaṇḍaphalaka,,
mugdhasvabhāva,,
mugdha,,
mugdhānana,,
mugdhāloka,,
muca,ī,
mucira,,
muñjaṃdhaya,ī,
muñjadhārin,ī,
muñjanejana,,
muñjamaya,ī,
muñjājyābalbajamaya,ī,
muṇḍaka,,
muṇḍadhārin,ī,
muṇḍitamuṇḍa,,
muṇḍita,,
muṇḍin,ī,
muthaśilita,,
muthaśilin,ī,
muda,,
mudānvita,,
mudāyukta,,
mudāyuta,,
mudita,,
mudgarākāra,,
mudgābha,,
mudra,,
mudrāṅka,,
mudrāṅkita,,
mudritamukha,,
mudrita,,
mudritākṣa,ī,
munikeśa,,
muniveṣa,,
munivrata,,
munivratin,ī,
muniśa,,
muṣitaka,,
muṣitatrapa,,
muṣita,,
muṣkabhāra,,
muṣkara,,
muṣṭa,,
muṣṭiṃdhama,ī,
muṣṭigrāhya,,
muṣṭidhaya,,
muṣṭimukha,,
muṣṭimeya,,
musalita,,
musalin,ī,
musalīya,,
musalya,,
mustaka,,
musta,,
muhuḥprokta,,
muhurdīkṣin,ī,
muhuścārin,ī,
mūkāṇḍaja,,
mūkita,,
mūḍhacetana,,
mūḍhatama,,
mūḍhasattva,,
mūḍha,,
mūtakārya,,
mūta,,
mūtākāra,,
mūtāvabaddha,,
mūtrakara,,
mūtrakṛcchrin,ī,
mūtrakṛta,,
mūtrabhāvita,,
mūtrala,,
mūtravardhaka,,
mūtravaha,,
mūtravibandhaghna,,
mūtraviṣa,,
mūtrasaṅgin,ī,
mūtrita,,
mūtrya,,
mūra,,
mūrkhabhrātṛka,,
mūrkhavyasanināyaka,,
mūrchana,,
mūrchāparipluta,,
mūrchāparīta,,
mūrchāprada,,
mūrchāmaya,ī,
mūrchita,,
mūrṇa,,
mūrta,,
mūrtidhara,,
mūrtimaya,ī,
mūrtisaṃcara,,
mūrtisaṃcāra,,
mūrtisanātha,,
mūrdhaga,,
mūrdhanya,,
mūrdhabhinna,,
mūrdhābhiṣikta,,
mūrvāmaya,ī,
mūlaka,ikā,
mūlaja,,
mūlanikṛntana,ī,
mūlapraṇihita,,
mūlabandha,,
mūlabarhaṇa,ī,
mūlabhūta,,
mūlamantramaya,ī,
mūlavāsin,ī,
mūlavibhuja,,
mūlavratin,ī,
mūlasa,,
mūlasthāyin,ī,
mūlahara,,
mūla,,
mūlāvidyāvināśaka,,
mūlāśin,ī,
mūlika,,
mūlin,ī,
mūlībhūta,,
mūlotkhāta,,
mūlyavivarjita,,
mūlya,,
mūṣavāhana,,
mūṣikanirviśeṣa,,
mūṣikādanta,,
mūṣita,,
mūṣyāyaṇa,,
mṛkta,,
mṛgagartāśrayāpcara,,
mṛgacārin,ī,
mṛgadharma,,
mṛganābhimaya,ī,
mṛganirmokavasana,,
mṛgaprekṣin,ī,
mṛgamaya,ī,
mṛgayāvihāra,,
mṛgayāvihārin,ī,
mṛgayāśīla,,
mṛgarūpin,ī,
mṛgaromaja,,
mṛgalomika,,
mṛgavyālaniṣevita,,
mṛgaśīrṣa,,
mṛgāṅkadattīya,,
mṛgāsya,,
mṛgita,,
mṛgendrāsya,,
mṛgya,,
mṛcaya,,
mṛcchilāmaya,ī,
mṛja,,
mṛjānvaya,,
mṛjāvarṇabalaprada,,
mṛjāvihīna,,
mṛjāhīna,,
mṛjita,,
mṛjopeta,,
mṛjya,,
mṛḍa,,
mṛṇālaka,,
mṛṇālakomala,,
mṛṇāladhavala,,
mṛṇālamaya,ī,
mṛṇālikāpelava,,
mṛṇālikāmaya,ī,
mṛtakalpa,,
mṛtajāta,,
mṛtajīvana,ī,
mṛtadhāraka,,
mṛtadhāra,,
mṛtanātha,,
mṛtaprāya,,
mṛtamātṛka,,
mṛtasaṃjīvana,,
mṛtasaṃjīvin,ī,
mṛtasnāta,,
mṛta,,
mṛtāśana,,
mṛtisādhana,,
mṛtotthita,,
mṛtkarmasampanna,,
mṛtyuṃjaya,,
mṛtyukara,,
mṛtyuka,,
mṛtyuda,,
mṛtyunivartaka,,
mṛtyupratibaddha,,
mṛtyubhīta,,
mṛtyusaṃdhita,,
mṛtyusaṃyuta,,
mṛtyusammita,,
mṛdara,,
mṛditakukṣika,,
mṛdita,,
mṛduka,,
mṛdukopa,,
mṛdukoṣṭha,,
mṛdugāmin,ī,
mṛducārubhāṣin,ī,
mṛdujātīya,,
mṛdutīkṣṇatara,,
mṛdutīkṣṇa,,
mṛduprayatna,,
mṛduprauḍha,,
mṛdubhāṣin,ī,
mṛdumadhyādhimātra,,
mṛdumṛtsna,,
mṛduyuddha,,
mṛdula,,
mṛdusūrya,,
mṛduhṛdaya,,
mṛddāruśaila,,
mṛddha,,
mṛdvaṅga,ī,
mṛnmayaka,,
mṛnmaya,ī,
mṛśīta,,
mṛṣānuśāsin,ī,
mṛṣābhāṣin,ī,
mṛṣārthaka,,
mṛṣārtha,,
mṛṣāvāda,,
mṛṣāvādin,ī,
mṛṣāsākṣin,ī,
mṛṣodya,,
mṛṣṭakuṇḍala,,
mṛṣṭatama,,
mṛṣṭaluñcita,,
mṛṣṭavākya,,
mṛṣṭasalila,,
mṛṣṭa,,
mṛṣṭānulepana,,
mṛṣṭāśana,,
mṛṣṭāśin,ī,
mṛṣṭeruka,,
mekalaprabhava,,
mekhalāla,,
mekhalāvin,ī,
mekhalika,,
mekhalin,ī,
mekhalottha,,
meghaṃkara,,
meghagambhīra,,
meghadundubhinirghoṣa,,
meghadundubhirāvin,ī,
meghadūtābhidha,,
meghanāda,,
meghanādin,ī,
meghanirghoṣa,,
meghamaya,ī,
meghamedura,,
meghavarṇa,,
meghaśyāma,,
meghahīna,,
meghahrāda,,
meghācchanna,,
meghācchādita,,
meghāvatata,,
meghya,,
mecakita,,
mecaṭika,,
meḍhībhūta,,
metthita,,
methiṣṭha,,
medaḥsāra,,
medasvin,ī,
medin,ī,
medura,,
medurita,,
medoghna,,
medorūpa,,
medya,,
medha,,
medhākāma,,
medhākāra,,
medhājanana,,
medhāvin,ī,
medhira,,
medhiṣṭha,,
medhyatama,,
medhyatara,,
medhyamaya,ī,
memiṣa,,
meya,,
meṣavṛṣaṇa,,
meṣānana,,
meṣāsya,,
mehala,,
mehin,ī,
maigha,ī,
maitracitta,,
maitravardhaka,,
maitravardhraka,,
maitra,ī,
maitrābārhaspatya,,
maitrāyaṇaka,,
maitrāvaruṇacamasīya,,
maitrāvaruṇa,ī,
maitrāvaruṇīya,,
maitrin,ī,
maitrīpūrva,,
maitrīmaya,ī,
maitreya,,
maithila,ī,
maithunagata,,
maithunadharmin,ī,
maithuna,ī,
maithunika,,
maithunin,ī,
maithunya,,
maidhātitha,ī,
mairava,ī,
maihika,ī,
moktavya,,
moktukāma,,
mokṣaka,,
mokṣakāṅkṣin,ī,
mokṣakāma,,
mokṣakriyāsamācāra,,
mokṣaṇa,,
mokṣaṇīya,,
mokṣaparāyaṇa,,
mokṣabhāgīya,,
mokṣayitavya,,
mokṣavārttika,,
mokṣāntaraṅga,,
mokṣita,,
mokṣin,ī,
mokṣya,,
moghajñāna,,
moghabāṣpa,,
moghahāsin,ī,
moghāśa,,
moghībhūta,,
mocaka,,
mocanaka,ikā,
mocana,ī,
mocanīya,,
mocayitavya,,
mocita,,
mocin,ī,
mocya,,
moṭana,,
modakamaya,ī,
modaka,,
modana,,
modanīya,,
modamāna,,
modita,,
modin,ī,
momugha,,
moṣaṇa,,
moṣya,,
mohakara,,
mohaka,,
mohana,ī,
mohanīya,,
mohamaya,ī,
mohātmaka,,
mohita,,
mohin,ī,
mohuka,,
maukunda,,
mauktikamaya,ī,
mauktika,,
mauktikābha,,
maukṣika,,
maukha,,
maukhika,,
maujavata,,
mauñjavata,ī,
mauñjavivāna,,
mauñja,ī,
mauñjin,ī,
mauñjīdhara,,
mauñjībandhanacihnita,,
mauñjīya,,
mautrakṛcchrika,ī,
maudaka,ī,
maudakika,ī,
maudaneyaka,,
maudgalīya,,
maudgalya,,
maudgika,,
maudgīna,ī,
maunadhārin,ī,
maunavratadhara,,
maunavratadhārin,ī,
maunavrata,,
maunavratin,ī,
maunika,,
maunin,ī,
maunisthalika,,
maunīndra,,
maurava,ī,
maurva,ī,
maurvīmekhalin,ī,
maulabhārika,,
maulika,,
maulin,ī,
maulimālin,ī,
maulya,,
mauṣika,,
mausala,ī,
mauhūrtika,,
mrakṣa,,
mrakṣita,,
mradimānvita,,
mradiṣṭha,,
mritasaṃjīvaka,,
mlakta,,
mlāta,,
mlānakṣīṇa,,
mlānavaktra,,
mlānavrīḍa,,
mlāna,,
mlānāṅga,ī,
mlānendriya,,
mlāpin,ī,
mlāyadvaktra,,
mlāyin,ī,
mliṣṭa,,
mlecchataskarasevita,,
mlecchita,,
yakṛdvarṇa,,
yakṣagrahaparipīḍita,,
yakṣavitta,,
yakṣin,ī,
yakṣmagṛhīta,,
yakṣmagrasta,,
yakṣmanāśana,ī,
yakṣmin,ī,
yakṣya,,
yacchīla,,
yacchraddha,,
yajanīya,,
yajapraiṣa,,
yajamānadevatya,,
yajamāna,,
yajāka,,
yajiṣṭha,,
yajuḥśākhin,ī,
yajuruttama,,
yajurmaya,ī,
yajuryukta,,
yajurvedin,ī,
yajurvedīya,,
yajuṣkalpa,,
yajuṣka,,
yajuṣkṛta,,
yajuṣṭama,,
yajuṣṭara,,
yajuṣpriya,,
yajuṣya,,
yajūdara,,
yajñakarmārha,,
yajñakalpa,,
yajñakāma,,
yajñakāra,,
yajñagamya,,
yajñajña,,
yajñatyāgin,ī,
yajñadattaka,ikā,
yajñadattīya,,
yajñadugdha,,
yajñadhīra,,
yajñapātrīya,,
yajñapuruṣāsammita,,
yajñaprāpya,,
yajñapriya,,
yajñaphalada,,
yajñabhāga,,
yajñabhāvana,,
yajñabhāvita,,
yajñamaya,ī,
yajñarūpa,,
yajñarta,,
yajñavardhana,,
yajñavāhana,,
yajñavāha,,
yajñavāhin,ī,
yajñavibhraṣṭa,,
yajñavṛddha,,
yajñavrata,,
yajñaśīla,,
yajñasaṃśita,,
yajñasammita,,
yajñasādhana,,
yajñastha,,
yajñahana,,
yajñahṛdaya,,
yajñānukāśin,ī,
yajñānta,,
yajñāyudhin,ī,
yajñārādhya,,
yajñārha,,
yajñāvakīrṇa,,
yajñāvacara,,
yajñāvayava,,
yajñin,ī,
yajñīya,,
yajñopavītin,ī,
yajya,,
yajvin,ī,
yatacittendriyānala,,
yatanīya,,
yatama,,
yatamānasa,,
yatamaithuna,,
yatara,,
yatavrata,,
yata,,
yatitavya,,
yatita,,
yatitha,ī,
yatibhraṣṭa,,
yatuna,,
yatendriya,,
yatodbhava,,
yatomūla,,
yatkāma,,
yatkārin,ī,
yatkiṃcanakāraka,,
yatkiṃcanakārin,ī,
yatkiṃcanapralāpin,ī,
yatkula,,
yatta,,
yatnapratipādya,,
yatparākrama,,
yatpṛṣṭha,,
yatprathama,,
yatya,,
yatrakāmāvasāyin,ī,
yatratatraśaya,,
yatratya,,
yatrasāyaṃgṛha,,
yatrasāyampratiśraya,,
yatrastha,,
yatrāstamitaśāyin,ī,
yatrecchaka,,
yatrodbhūta,,
yatsaṃkhyāka,,
yatsena,,
yatsvabhāva,,
yathartuka,,
yathartupuṣpita,,
yathākathita,,
yathākartavya,,
yathākāmajyeya,,
yathākāmaprayāpya,,
yathākāmavadhya,,
yathākāmavicārin,ī,
yathākāma,,
yathākāmārcitārthin,ī,
yathākāmin,ī,
yathākārin,ī,
yathākārya,,
yathākālaprabodhin,ī,
yathākṛta,,
yathākhyata,,
yathāgata,,
yathāgama,,
yathāgīta,,
yathācārin,ī,
yathācintita,,
yathācintitānubhāvin,ī,
yathājātarūpadhara,,
yathājāta,,
yathājātīyaka,,
yathājñapta,,
yathātatha,,
yathātmaka,,
yathādatta,,
yathādiṣṭa,,
yathādravya,,
yathādhīta,,
yathānirdiṣṭa,,
yathānivāsin,ī,
yathānyupta,,
yathāparādhadaṇḍa,,
yathāpāṭha,,
yathāpūrvaka,,
yathāpūrva,,
yathāpṛṣṭhya,,
yathāpaurāṇa,,
yathābhāva,,
yathābhijñāya,,
yathābhiniviṣṭa,,
yathābhipreta,,
yathābhimata,,
yathābhirucita,,
yathābhilaṣita,,
yathābhilikhita,,
yathābhīṣṭa,,
yathābhūtadarśin,ī,
yathābhyarthita,,
yathāmukhīna,,
yathāmūlya,,
yathāyācita,,
yathāyukta,,
yathāyogya,,
yathārabdha,,
yathārthaka,,
yathārthanāmaka,,
yathārthabhāṣin,ī,
yathārthākṣara,,
yathārthākhya,,
yathārthita,,
yathārpita,,
yathārhakṛtapūja,,
yathārha,,
yathālabdha,,
yathālikhitānubhāvin,ī,
yathāvacanakārin,ī,
yathāvidha,,
yathāvīrya,,
yathāvṛtta,,
yathāśāstrānusārin,ī,
yathāśraya,,
yathāśruta,,
yathāślakṣṇa,,
yathāsaṃkalpita,,
yathāsaṃdiṣṭa,,
yathāsamīhita,,
yathāsambhava,,
yathāsambhavin,ī,
yathāsambhāvita,,
yathāsiddha,,
yathāsukhamukha,,
yathāsūkṣma,,
yathāsthāna,,
yathāsthita,,
yathāsmṛtimaya,ī,
yathāhāra,,
yatheccha,,
yathepsita,,
yatheṣṭasaṃcārin,ī,
yatheṣṭa,,
yatheṣṭācāra,,
yatheṣṭāsana,,
yathoktavādin,ī,
yathocita,,
yathottara,,
yathotsāha,,
yathodaya,,
yathodita,,
yathodgata,,
yathoddiṣṭa,,
yathopadiṣṭa,,
yathopapanna,,
yathopapādin,ī,
yathopta,,
yadanna,,
yadartha,,
yadavasāna,,
yadaśana,,
yadātmaka,,
yadārṣeya,,
yadīya,,
yadṛcchalābhasaṃtuṣṭa,,
yadgotra,,
yaddevata,,
yaddevatya,,
yadbala,,
yadbhaviṣya,,
yadbhūyaskārin,ī,
yadvada,,
yadvidha,,
yadvīrya,,
yantavya,,
yantraka,ikā,
yantraka,,
yantradṛḍha,,
yantrapūta,,
yantramaya,ī,
yantramukta,,
yantrayukta,,
yantrāpīḍa,,
yantrārūḍha,,
yantritakatha,,
yantritasāyaka,,
yantrita,,
yantrin,ī,
yannimitta,,
yanmaya,ī,
yanmātra,,
yanmūla,,
yamaka,,
yamaghna,,
yamaja,,
yamajātaka,,
yamajāta,,
yamadevata,,
yamadevatya,,
yamadaivata,,
yamana,ī,
yamanetra,,
yamaśreṣṭha,,
yamasabhīya,,
yamasāna,,
yamānuga,,
yamita,,
yamin,ī,
yamiṣṭha,,
yamya,,
yayin,ī,
yavaka,,
yavakya,,
yavakhadika,,
yavagodhūmaja,,
yavagrīva,,
yavanadeśaja,,
yavanadeśodbhava,,
yavana,,
yavabusaka,,
yavamaya,ī,
yavamātra,,
yavasaprathama,,
yava,,
yavākāra,,
yavāgūmaya,ī,
yavācita,,
yavāna,,
yavānvita,,
yavāṣika,,
yavāṣin,ī,
yavāhāra,,
yavika,,
yavin,ī,
yavila,,
yaviṣṭha,,
yaviṣṭhya,,
yavya,,
yaśaḥkhaṇḍin,ī,
yaśaḥśeṣa,,
yaśaḥśeṣībhūta,,
yaśasin,ī,
yaśaskara,ī,
yaśaskāma,,
yaśastama,,
yaśastara,,
yaśasya,,
yaśasvin,ī,
yaśa,,
yaśoghna,,
yaśoda,,
yaśodhana,,
yaśodhara,,
yaśobhagin,ī,
yaśobhagīna,,
yaśobhagya,,
yaśomedhāsamanvita,,
yaśoyuta,,
yaśoviśāla,,
yaśohara,,
yaśohīna,,
yaṣṭigraha,,
yaṣṭiprāna,,
yaṣṭukāma,,
yaṣṭṛtara,,
yasta,,
yasya,,
yahva,ī,
yākṛtka,,
yākṛlloma,,
yākṣa,ī,
yāgamaya,ī,
yācanīya,,
yācitaka,,
yācitavya,,
yācita,,
yācin,ī,
yācñāprāpta,,
yācya,,
yājanīya,,
yājamānika,,
yājin,ī,
yājurvedika,,
yājurvaidika,,
yājuṣa,ī,
yājuṣmata,ī,
yājñadattaka,,
yājñadatta,,
yājñapata,,
yājñavalka,,
yājñavalkīya,,
yājñavalkya,,
yājña,,
yājñika,ī,
yājñiya,,
yājñīya,,
yājya,,
yātanārthīya,,
yātayajjana,,
yātayāma,,
yātavya,,
yāta,,
yātucātana,,
yātujambhana,,
yātudhānakṣayaṇa,,
yātudhānapreṣita,,
yātopayātika,,
yātrākara,,
yātrika,,
yātrin,ī,
yāthārthika,,
yāthāsaṃstarika,,
yādava,ī,
yādura,ī,
yādṛkṣa,ī,
yādṛgguṇa,,
yādṛcchika,ī,
yādṛśa,ī,
yādva,,
yānaga,,
yāna,,
yāntrika,,
yāpaka,,
yāpana,,
yāpanīyaka,,
yāpanīya,,
yāpayitavya,,
yāpita,,
yāpya,,
yāmalāyana,,
yāmaśruta,,
yāma,ī,
yāmāvasthita,,
yāmikasthita,,
yāmika,,
yāminīvirahin,ī,
yāmuna,,
yāmyottara,,
yāmyottarāyata,,
yāyāta,ī,
yāyāvara,,
yāyin,ī,
yāvakavratin,ī,
yāvacchakya,,
yāvaccharāva,,
yāvacchreṣṭha,,
yāvajjīvika,,
yāvatitha,,
yāvatima,,
yāvatpramāṇa,,
yāvatpriya,,
yāvatsamasta,,
yāvadaṅgīna,,
yāvadantya,,
yāvadartha,,
yāvadādiṣṭa,,
yāvadāyuḥpramāṇa,,
yāvadāvāsa,,
yāvadukta,,
yāvadgṛhītin,ī,
yāvaddevatya,,
yāvaddehabhāvin,ī,
yāvadbhāṣita,,
yāvana,ī,
yāva,ī,
yāvāsa,,
yāvya,,
yāṣṭīka,ī,
yiyakṣamāṇa,,
yuktakārin,ī,
yuktaceṣṭa,,
yuktatama,,
yuktatara,,
yuktadaṇḍa,,
yuktamada,,
yuktamāṃsala,,
yuktarūpa,,
yuktavādin,ī,
yuktaśītoṣṇa,,
yuktasena,,
yuktasenīya,,
yuktasvapnāvabodha,,
yukta,,
yuktārohin,ī,
yuktārtha,,
yuktāśva,,
yuktāhāravihāra,,
yuktikara,,
yuktikṛta,,
yuktijña,,
yuktibāhya,,
yuktiyukta,,
yugadīrgha,,
yugapatkāla,,
yugapārśvaka,,
yugapārśvaga,,
yugamātradarśin,ī,
yugamātraprekṣin,ī,
yugamātra,ī,
yugalāyita,,
yugalin,ī,
yugmaka,,
yugmacārin,ī,
yugmadayuja,,
yugmalāṅgalin,ī,
yugmin,ī,
yugyastha,,
yugya,,
yujya,,
yuñjaka,,
yuñjānaka,,
yuñjāna,,
yutaka,,
yuta,,
yutkāra,,
yuddhakārin,ī,
yuddhaparāṅmukha,,
yuddhapravīṇa,,
yuddhamaya,ī,
yuddhayogya,,
yuddhayojaka,,
yuddhaviśārada,,
yuddhaśālin,ī,
yuddhasāra,,
yuddha,,
yuddhānivartin,ī,
yuddhārthin,ī,
yuddhonmatta,,
yudhiṃgama,,
yudhika,,
yudhenya,,
yupita,,
yuyutsārahita,,
yuvaddevatya,,
yuvadhita,,
yuvamārin,ī,
yuvaśa,,
yuvādatta,,
yuvānaka,,
yuvānīta,,
yuvībhūta,,
yuṣmadāyatta,,
yuṣmadīya,,
yuṣmadvidha,,
yuṣmādatta,,
yuṣmādṛśa,ī,
yuṣmānīta,,
yuṣmeṣita,,
yuṣmota,,
yūthacārin,ī,
yūthaparibhraṣṭa,,
yūthabhraṣṭa,,
yūthara,,
yūthavibhraṣṭa,,
yūthahata,,
yūthya,,
yūpavāha,,
yūpavraska,,
yūpīya,,
yūpolūkhalika,,
yeṣṭha,,
yoktavya,,
yogakṣemakara,,
yogakṣemavaha,,
yogagāmin,ī,
yogaja,,
yogadharmin,ī,
yogaprāpta,,
yogabhraṣṭa,,
yogamaya,ī,
yogayukta,,
yogayogin,ī,
yogarūḍha,,
yogavaha,,
yogavāsiṣṭhīya,,
yogavāhaka,,
yogavāhin,ī,
yogaśarīrin,ī,
yogaśāyin,ī,
yogasiddha,,
yogastha,,
yogāgnimaya,,
yogārūḍha,,
yogita,,
yogin,ī,
yogya,,
yojanaka,,
yojanika,,
yojanīya,,
yojayitavya,,
yojita,,
yojya,,
yoddhavya,,
yoddhukāma,,
yodhanīya,,
yodhahara,,
yodhin,ī,
yodhya,,
yonija,,
yonin,ī,
yonimukta,,
yonisambhava,,
yoniha,,
yonyajāta,,
yonya,,
yoṣitkṛta,,
yoṣinmaya,ī,
yaukarīya,,
yauktika,,
yaugaṃdhara,,
yaugaṃdharāyaṇīya,,
yaugaka,,
yaugikarūḍha,,
yaugika,ī,
yaujanaśatika,ī,
yaujanika,,
yautaka,ī,
yauthya,,
yaudha,ī,
yaudhiṣṭhira,ī,
yauna,ī,
yaupa,ī,
yaupya,,
yauvanabhinnaśaiśava,,
yauvanastha,,
yauvanānta,,
yauvanārūḍha,,
yauvanin,ī,
yauvanīya,,
yauṣmāka,ī,
raṃsujihva,,
raṃhita,,
raktakaṇṭha,ī,
raktakaṇṭhin,ī,
raktaka,,
raktakṛṣṇa,,
raktagaura,,
raktacchada,,
raktaja,,
raktajihva,,
raktatara,,
raktadūṣaṇa,,
raktanayana,,
raktanīla,,
raktanetra,,
raktapaṭamaya,ī,
raktapaṭīkṛta,,
raktapa,,
raktapāda,,
raktapāyin,ī,
raktapittakara,,
raktapittika,,
raktapittin,ī,
raktapucchaka,ikā,
raktapuṣpa,,
raktapūrṇa,,
raktapaitta,,
raktapaittika,,
raktaphala,,
raktabhāva,,
raktamaṇḍala,,
raktamatta,,
raktamaya,ī,
raktamehin,ī,
raktavarṇaka,,
raktavarṇa,,
raktavāsin,ī,
raktavirakta,,
raktaśmaśruśiroruha,,
raktaśyāma,,
raktasāra,,
raktahīna,,
raktākta,,
raktākṣa,ī,
raktānta,,
raktābha,,
raktāmiṣāda,,
raktāmbaradhara,,
raktāmbara,,
raktāruṇa,,
raktotpalābha,,
raktodara,,
rakṣaḥpāla,,
rakṣaka,ikā,
rakṣaṇīya,,
rakṣasvin,ī,
rakṣa,ī,
rakṣādhikṛta,,
rakṣābhyadhikṛta,,
rakṣitaka,,
rakṣitavya,,
rakṣita,,
rakṣin,ī,
rakṣoghna,,
rakṣodevatya,,
rakṣodaivata,,
rakṣohaṇaka,,
rakṣohaṇa,,
rakṣyatama,,
rakṣya,,
raghuja,,
raṅka,,
raṅgita,,
raṅgin,ī,
racitapūrva,,
racitamaṅgala,,
racitaśikhara,,
racitasvāgata,,
racita,,
racitātithya,,
racitārtha,,
racitotsava,,
rajaḥpluta,,
rajaḥsnāta,,
rajatamaya,ī,
rajata,,
rajatānvita,,
rajana,ī,
rajanimmanya,,
rajanīcara,,
rajasa,,
rajastamaska,,
rajastamomaya,ī,
rajasya,,
rajasvin,ī,
rajāśaya,,
rajita,,
rajiṣṭha,,
rajeṣita,,
rajoguṇamaya,ī,
rajodhika,,
rajonimīlita,,
rajonmiśra,,
rajopama,,
rajoviśāla,,
rajjumaya,ī,
rajjuśārada,,
rajjūddhṛta,,
rajjvambara,,
rajjvavalambin,ī,
rañjaka,ikā,
rañjana,ī,
rañjanīya,,
rañjita,,
raṭita,,
raṇakāmin,ī,
raṇakārin,ī,
raṇagocara,,
raṇamatta,,
raṇamārgakovida,,
raṇaraṇāyita,,
raṇarasika,,
raṇaviśārada,,
raṇaśauṇḍa,,
raṇastha,,
raṇāpeta,,
raṇita,,
raṇecara,,
raṇaiṣin,ī,
raṇotkaṭa,,
raṇoddāma,,
raṇḍa,,
raṇya,,
raṇvita,,
ratamānasa,,
rata,,
ratārambhāvasānika,,
ratārthin,ī,
ratikara,ī,
ratikhedasupta,,
ratijña,,
ratipriya,,
ratiphala,,
ratiraṇadhīra,,
ratirasa,,
ratilampaṭa,,
rativardhana,,
ratisaṃhita,,
ratoparatasaṃsupta,,
ratnakhacita,,
ratnagarbha,,
ratnadaṇḍātapatrin,ī,
ratnadrumamaya,ī,
ratnadha,,
ratnadhātama,,
ratnanābha,,
ratnabhūta,,
ratnamaya,ī,
ratnamālin,ī,
ratnasaṃghātamaya,ī,
ratnākarāyita,,
ratnāḍhya,,
ratnānuviddha,,
ratnin,ī,
ratnojjvala,,
rathaṃtarapṛṣṭha,,
rathakrīta,,
rathakṣaya,,
rathajñānin,ī,
rathadhūrgata,,
rathamadhyastha,,
rathavāha,ī,
rathavimocanīya,,
rathastha,,
rathaspaṣṭa,,
rathākṣamātra,,
rathāṅgāhvayana,,
rathārūḍha,,
rathārohin,ī,
rathika,ī,
rathita,,
rathina,,
rathin,ī,
rathira,,
rathītama,,
rathītara,,
ratheṣṭha,,
rathoḍha,,
rathoddhata,,
rathołha,,
rathya,,
rada,,
raddha,,
radhita,,
radhracodana,,
radhracoda,,
radhra,,
rantavya,,
rantya,,
randhaka,ikā,
randhaka,,
randhana,,
randhita,,
randhraka,ikā,
randhraprahārin,ī,
randhrānusārin,ī,
randhrānveṣin,ī,
randhrāpekṣin,ī,
randhropanipātin,ī,
raphita,,
rabdha,,
rabhasāna,,
ramaka,,
ramaṇa,ī,
ramaṇāsakta,,
ramaṇīyacaraṇa,,
ramaṇīyaḍāmara,,
ramaṇīyatama,,
ramaṇīyatara,,
ramaṇīsakta,,
ramaṇya,,
rama,,
ramita,,
rambha,,
rambhin,ī,
ramyadāruṇa,,
ramyapatha,,
ramyarūpa,,
ramyāntara,,
rayida,,
rayintama,,
rayiṣṭha,,
rayiṣṭhāna,,
rayisthāna,,
rayīṣin,ī,
rarāṇa,,
ravaṇa,,
ravikāntamaya,ī,
ravidīpta,,
ravisamaprabha,,
raśanasammita,,
raśanākṛta,,
raśmipavitra,,
raśmimaya,ī,
raśmimālin,ī,
rasaguṇa,,
rasagraha,,
rasagrāhaka,,
rasaghana,,
rasaja,,
rasajña,,
rasada,,
rasanīya,,
rasabhedin,ī,
rasabhedīya,,
rasabhojana,,
rasamaya,ī,
rasamiśra,,
rasayitavya,,
rasaratnamaya,ī,
rasavattara,,
rasavaha,,
rasasiddha,,
rasaharaṇa,ī,
rasahārin,ī,
rasātmaka,ikā,
rasādhika,,
rasābhyantara,,
rasāyanakara,,
rasāyanin,ī,
rasāyya,,
rasāvaha,,
rasita,,
rasitāśin,ī,
rasin,ī,
rasollāsin,ī,
rasyamāna,,
rasya,,
rahaḥśīla,,
raharūḍhabhāva,,
rahaskara,,
rahastha,,
rahasyadhārin,ī,
rahasya,,
rahasyākhyāyin,ī,
rahasyālocanāpara,,
rahitaratnacaya,,
rahitaratna,,
rahita,,
rahitāsura,,
rahībhūta,,
rahogata,,
rahomānin,ī,
ra,,
rākya,,
rākṣasa,ī,
rākṣasībhūta,,
rākṣoghna,ī,
rākṣosura,ī,
rāgada,,
rāgaprāpta,,
rāgabandhin,ī,
rāgamaya,ī,
rāgātmaka,ikā,
rāgāndha,,
rāgānvita,,
rāgārha,,
rāgin,ī,
rāghavānuja,,
rāṅkavaka,ī,
rāṅkavakūṭaśāyin,ī,
rāṅkava,ī,
rāṅkavājinaśāyin,ī,
rāṅkavāyaṇa,ī,
rāṅkavāstṛta,,
rājakarmin,ī,
rājaka,,
rājakilbiṣin,ī,
rājakīya,,
rājakulaprajāta,,
rājakulānumantavya,,
rājakulya,,
rājakṛtapratijña,,
rājakṛta,,
rājagāmin,ī,
rājagṛhaka,,
rājagṛha,,
rājata,ī,
rājatānvita,,
rājadaṇḍabhayākula,,
rājaduhitṛmaya,ī,
rājadaivika,,
rājana,,
rājanirdhūtadaṇḍa,,
rājanyaka,,
rājapauruṣika,ī,
rājabījin,ī,
rājabhṛta,,
rājabhogīna,,
rājabhojana,,
rājamātra,,
rājamāna,,
rājamārgaviśārada,,
rājamāṣya,,
rājambhavya,,
rājayakṣmin,ī,
rājayājaka,,
rājayogya,,
rājavaṃśīya,,
rājavaṃśya,,
rājavarcasin,ī,
rājavaśībhūta,,
rājavahana,,
rājasaṃśraya,,
rājasabhāstha,,
rājasa,,
rājasākṣika,,
rājasika,,
rājasūyayājin,ī,
rājasūya,,
rājasūyika,ī,
rājasthalaka,,
rājāntakaraṇa,,
rājārha,,
rājika,,
rājita,,
rājīkṛta,,
rājīvanetra,,
rājīvamukha,,
rājīvalocana,,
rājīvavilocana,,
rājīvaśubhalocana,,
rājīva,,
rājeya,,
rājjudāla,ī,
rājyakara,,
rājyacyuta,,
rājyadravyamaya,ī,
rājyaparibhraṣṭa,,
rājyaprada,,
rājyabhedamara,,
rājyabhraṣṭa,,
rājyastha,,
rājyasthāyin,ī,
rājyahara,,
rājya,,
rājyābhiṣikta,,
rāḍha,ī,
rāḍhīya,,
rāṇḍya,,
rātahavya,,
rāta,,
rātin,ī,
rātna,ī,
rātraka,ikā,
rātrika,,
rātriparyuṣita,,
rātrimaya,ī,
rātrimmanya,,
rātrivihārin,ī,
rātriśṛta,,
rātrisācaya,,
rātrīkaraṇa,,
rātraubhava,,
rātryandha,,
rāthaṃtara,ī,
rāthakārika,ī,
rāthya,,
rāddha,,
rāddhāntita,,
rādhaka,,
rādhānurādhīya,,
rādhāvedhin,ī,
rādhogūrta,,
rādhya,,
rāndrya,,
rāpya,,
rābhasika,,
rāmaka,,
rāmaṇīyaka,,
rāmādhikaraṇa,,
rāmāyaṇa,ī,
rāmāyaṇika,,
rāmāyaṇīya,,
rāmāśvamedhika,,
rāyaskāma,,
rāyaspoṣaka,,
rāyaspoṣa,,
rārakṣāṇa,,
rārahāṇa,,
rāvaṇa,,
rāvita,,
rāvin,ī,
rāśika,,
rāśigata,,
rāśistha,,
rāśīkṛta,,
rāśībhūtadhana,,
rāśībhūta,,
rāṣṭraka,,
rāṣṭrakāma,,
rāṣṭrapata,,
rāṣṭravardhana,,
rāṣṭrika,,
rāṣṭrin,ī,
rāṣṭriya,,
rāṣṭrīya,,
rāsana,,
rāsabhadhūsara,,
rāsabhayukta,,
rāsabhāruṇa,,
rāsāyana,,
rāsnāva,,
rāspina,,
rāspira,,
rāhavīya,,
rāhugata,,
rāhugamya,,
rāhugrastaniśākara,,
rāhugrasta,,
rāhusapatnavaktra,,
rāhūgaṇa,,
riktaka,,
riktahasta,,
rikta,,
riktīkṛtahṛdaya,,
rikthagrāha,,
rikthabhāgin,ī,
rikthahara,,
rikthahāra,,
rikthahārin,ī,
rikthāda,,
rikthin,ī,
rikthīya,,
riṅgin,ī,
riddha,,
ripuṃjaya,,
ripughātin,ī,
ripughna,,
ripunipātin,ī,
ripupakṣa,,
ripumardin,ī,
ripurakṣin,ī,
ripuvarjita,,
ripuvaśa,,
ripusūdana,,
ripuhaṇa,,
ripta,,
ripravāha,,
ripra,,
riphita,,
riśa,,
riṣīkara,,
riṣīka,,
riṣṭadeha,,
riṣṭa,,
riṣva,,
rīḍha,,
rīṇa,,
rītijña,,
rītibaddha,,
rītībhūta,,
ruṃṣita,,
ruka,,
rukkāma,,
rukmapattra,,
rukmapuṅkha,,
rukmapṛṣṭha,,
rukmaprastaraṇa,,
rukmamaya,ī,
rukmaratha,,
rukmalalāṭa,,
rukmavāhana,,
rukmāṅgada,,
rukmābha,,
rukmin,ī,
ruganvita,,
rugārta,,
rugṇaraya,,
rugṇa,,
rucaka,,
ruca,,
rucikara,,
rucita,,
ruciprada,,
rucirabhāṣaṇa,,
ruciravadana,,
rucirānana,,
rucivaha,,
ruciṣya,,
rucisamprakḷpta,,
rucistha,,
rujaskara,,
rujākara,,
rujāpaha,,
rujāvin,ī,
ruṇḍa,,
rutajña,,
ruta,,
rutābhijña,,
rutāyata,,
rudita,,
ruddhataṭābhimukhya,,
ruddhapravāha,,
ruddhamukha,,
ruddhamūtra,,
ruddhavaktra,,
ruddhavadana,,
ruddhavasudha,,
ruddhavīrya,,
ruddha,,
ruddhāpāṅgaprasara,,
ruddhāloka,,
rudrajapakalpa,,
rudrajāpaka,,
rudrajāpin,ī,
rudradarśana,,
rudramaya,ī,
rudravadgaṇa,,
rudrasammita,,
rudrasāvarṇika,,
rudra,,
rudrādhyāyin,ī,
rudrāvasṛṣṭa,,
rudrāhva,,
rudrīya,,
rudhiracarcitasarvāṅga,ī,
rudhiratāmrākṣa,ī,
rudhirapradigdha,,
rudhiraplāvita,,
rudhiramaya,ī,
rudhirarūṣita,,
rudhiralālasa,,
rudhirasāra,,
rudhira,,
rudhirāvila,,
rudhirāśana,,
rudhirodgārin,ī,
rundra,,
rumra,,
ruśadvatsa,,
ruṣānvita,,
ruṣita,,
ruṣṭa,,
rūkṣaṇa,,
rūkṣadurbala,,
rūkṣamlānāṅga,,
rūkṣavarṇa,,
rūkṣavādin,ī,
rūkṣavāśin,ī,
rūkṣasvara,,
rūkṣābhibhāṣin,ī,
rūkṣita,,
rūkṣīkṛta,,
rūḍhatṛṇāṅkura,,
rūḍhaparicchada,,
rūḍhaparyāya,,
rūḍhapraṇaya,,
rūḍhamūla,,
rūḍhayoga,,
rūḍhayauvana,,
rūḍharāgapravāla,,
rūḍhavaṃśa,,
rūḍhavraṇa,,
rūḍhaśādvala,,
rūḍhasauhṛda,,
rūḍhaskandha,,
rūḍha,,
rūpaka,,
rūpaguṇa,,
rūpaguṇopeta,,
rūpagraha,,
rūpajīva,,
rūpajña,,
rūpadhara,,
rūpadhārin,ī,
rūpanāśin,ī,
rūpayauvanotsāhin,ī,
rūpaśālin,ī,
rūpasamṛddha,,
rūpasampanna,,
rūpastha,,
rūpasvin,ī,
rūpābhigrāhita,,
rūpāśraya,,
rūpita,,
rūpin,ī,
rūpopajīvin,ī,
rūpyada,,
rūpyamaya,ī,
rūpyarukmamaya,ī,
rūpyasvarṇamaṇimaya,ī,
rūpya,,
rūra,,
rūṣita,,
rekhākāra,,
rekhin,ī,
recaka,ikā,
recakita,,
recana,ī,
recita,,
reja,,
reṇukakāṭa,,
reṇuguṇṭhita,,
retaḥpātin,ī,
retaḥpīta,,
retaja,,
retasvin,ī,
retin,ī,
retovasikta,,
repa,,
rephalakāropānta,,
repha,,
rephin,ī,
rebha,,
rebhin,ī,
reriha,,
rerihāṇa,,
revatīpṛṣṭha,,
reśayadārin,ī,
reśaya,,
reṣaṇa,,
reṣita,,
reṣin,ī,
reṣmachinna,,
reṣmaṇya,,
reṣmamathita,,
reṣmya,,
raitasa,ī,
raitika,ī,
raitya,,
raivatapṛṣṭha,,
raivata,ī,
raivatikīya,,
raivatya,,
rogagrasta,,
rogaghna,,
rogada,,
roganāśana,,
rogaprada,,
rogamukta,,
rogasambaddha,,
rogasambandha,,
rogahara,,
rogahārin,ī,
rogāntaka,,
rogānvita,,
rogārta,,
rogārdita,,
rogāviṣṭa,,
rogita,,
rogin,ī,
rogiṣṭha,,
rogonmādita,,
rogya,,
rocaka,,
rocakin,ī,
rocana,ī,
rocamāna,,
roca,,
rociṣṇumukha,,
rocuka,,
rocya,,
roḍa,,
roditavya,,
roddhavya,,
rodhaḥpatanakaluṣa,,
rodhaka,,
rodhana,ī,
rodhastha,,
rodha,,
rodhin,ī,
rodhya,,
ropaṇa,ī,
ropaṇa,,
ropaṇīya,,
ropita,,
ropin,ī,
ropya,,
romabaddha,,
romavāhin,ī,
romaharṣaṇaka,ikā,
romaharṣaṇa,,
romaharṣita,,
romaharṣin,ī,
romāñcita,,
romāñcin,ī,
rorūya,,
rolamba,,
roṣaka,,
roṣaṇa,,
roṣatāmrākṣa,ī,
roṣaparīta,,
roṣamaya,ī,
roṣarūkṣa,,
roṣavāhaṇa,,
roṣākulita,,
roṣāṇa,,
roṣita,,
roṣin,ī,
rohaka,,
rohapūrva,,
roha,,
rohiṇa,,
rohitākṣa,ī,
rohidaśva,,
rohin,ī,
raukma,ī,
raukṣacitta,,
raucanika,ī,
raucya,,
raudradaṃṣṭra,,
raudradarśana,,
raudra,ī,
raudrākṣa,ī,
raudrāgna,ī,
raudhādika,ī,
raudhira,ī,
raupyaka,,
raupyamaya,ī,
raupyarukmamaya,ī,
raupya,,
raupyāyasahiraṇmaya,ī,
raumaka,,
raumakīya,,
raumaṇya,,
raumaśīya,,
raumaharṣaṇaka,ikā,
raumāyaṇa,,
raurava,ī,
raurukīya,,
rauhika,,
rauhiṇa,ī,
rauhitaka,,
rauhita,ī,
rauhītaka,,
rauheya,,
lakuṭin,ī,
lakṣaka,,
lakṣaṇaka,ikā,
lakṣaṇajña,,
lakṣaṇapraśasta,,
lakṣaṇabhraṣṭa,,
lakṣaṇa,,
lakṣaṇānvita,,
lakṣaṇin,ī,
lakṣaṇīya,,
lakṣaṇya,,
lakṣabhūta,,
lakṣavedhin,ī,
lakṣaśloka,,
lakṣasupta,,
lakṣa,,
lakṣitalakṣaṇa,,
lakṣitavya,,
lakṣita,,
lakṣin,ī,
lakṣīkṛtanāsa,,
lakṣīkṛta,,
lakṣmaṇya,,
lakṣmivardhana,,
lakṣmisampanna,,
lakṣmīnārāyaṇa,,
lakṣmīpraṇayin,ī,
lakṣmībahiṣkṛta,,
lakṣmīsanātha,,
lakṣyakrama,,
lakṣyabhūta,,
lakṣyavedhin,ī,
lakṣyasupta,,
lakṣya,,
lakṣyālakṣya,,
lagaḍa,,
laganīya,,
lagita,,
laguḍin,ī,
lagnagraha,,
lagna,,
laghiṣṭha,,
laghuka,,
laghukāya,,
laghukoṣṭha,,
laghukrama,,
laghucitrahasta,,
laghucchedya,,
laghutara,,
laghudrāvin,ī,
laghuparākrama,,
laghuparikrama,,
laghupāka,,
laghupākin,ī,
laghuprayatnatara,,
laghuprayatna,,
laghumātra,,
laghumūla,,
laghuvikrama,,
laghuvedhin,ī,
laghusaṃtāpa,,
laghusattva,,
laghusamutthāna,,
laghusamudīraṇa,,
laghusāra,,
laghuhasta,,
laghuhṛdaya,,
laghūkṛta,,
laghūtthāna,,
laghūtthita,,
laghvakṣara,,
laghvāśin,ī,
laghvāhāra,,
laṅkāsthāyin,ī,
laṅga,,
laṅgin,ī,
laṅghaka,,
laṅghanīya,,
laṅghitavya,,
laṅghita,,
laṅghya,,
lajjākara,ī,
lajjākārin,ī,
lajjānvita,,
lajjāyita,,
lajjārahita,,
lajjāśīla,,
lajjāśūnya,,
lajjāhīna,,
lajjojjhita,,
lajjodvahanākṣama,,
laṭabha,,
laṭaha,,
laḍaha,,
laḍita,,
laṇḍraja,,
lapita,,
lapsudin,ī,
labdhaka,ikā,
labdhakāma,,
labdhatīrtha,,
labdhadhana,,
labdhanidrāsukha,,
labdhaparabhāga,,
labdhapratiṣṭha,,
labdhapratyaya,,
labdhapraśamanasvastha,,
labdhalakṣaṇa,,
labdhalakṣa,,
labdhalakṣya,,
labdhavara,,
labdhavarṇa,,
labdhavidya,,
labdhavya,,
labdhaśabda,,
labdhasaṃjña,,
labdhasaṃhāra,,
labdhasambhāra,,
labdha,,
labdhātiśaya,,
labdhānujña,,
labdhāntara,,
labdhāspada,,
labdhodaya,,
labhya,,
lampāka,,
lambakeśa,,
lambajaṭhara,,
lambajihva,,
lambana,,
lambamāla,,
lambasaṭa,,
lambālaka,,
lambita,,
lambin,ī,
lambodara,ī,
lamboṣṭha,,
lambauṣṭha,,
lambhaka,,
lambhanīya,,
lambhayitavya,,
lambhitalobha,,
lambhita,,
lambhuka,,
layagata,,
layamadhya,,
layaśuddha,,
laya,,
lalana,,
lalanāpriya,,
lalanāvarūthin,ī,
lalaha,,
lala,,
lalāṭaṃtapa,,
lalāṭalikhita,,
lalāṭākṣa,ī,
lalāṭika,,
lalāṭūla,,
lalāṭya,,
lalāma,ī,
lalitalalita,,
lalita,,
lalitārthabandha,,
lalitārtha,,
lavaka,,
lavaṇakaṭuka,,
lavaṇakaṣāya,,
lavaṇajala,,
lavaṇatikta,,
lavaṇatoya,,
lavaṇapragāḍha,,
lavaṇamehin,ī,
lavaṇita,,
lavaṇotkaṭa,,
lavaṇodakamiśra,,
lavaṇodaka,,
lavana,,
lavanīya,,
lavalīphalapāṇḍura,,
lavitavya,,
lavya,,
laśunīya,,
laṣaṇa,,
laṣita,,
lasaka,,
lasa,,
lasita,,
lasta,,
lākuca,ī,
lākṣaṇa,ī,
lākṣaṇika,ī,
lākṣaṇya,,
lākṣārakta,,
lākṣika,ī,
lākṣmaṇa,ī,
lākṣma,ī,
lākṣyika,ī,
lāghavakārin,ī,
lāghavānvita,,
lāghavika,,
lāṅgalaka,,
lāṅgalāpakarṣin,ī,
lāṅgalika,,
lāṅgalin,ī,
lāṅgūlin,ī,
lāñchita,,
lāṭaka,ikā,
lāṭa,ī,
lāṭīya,,
lāta,,
lāndraka,,
lāpin,ī,
lāpya,,
lābhakara,,
lābhin,ī,
lāyaka,,
lālaka,ikā,
lālana,,
lālanīya,,
lālayitavya,,
lālasaka,ikā,
lālāklinna,,
lālāṭa,ī,
lālāṭika,ī,
lālāmika,ī,
lālāyita,,
lālāviṣa,,
lālāsrāvin,ī,
lālita,,
lālin,ī,
lālya,,
lāvaṇasaindhava,ī,
lāvaṇa,ī,
lāvaṇika,ī,
lāvaṇyakalita,,
lāvaṇyamaya,ī,
lāvaṇyaśeṣa,,
lāvaṇyārjita,,
lāva,ī,
lāveraṇīya,,
lāvya,,
lāṣuka,,
lāsaka,,
lāsika,,
lāsin,ī,
likha,,
likhitavya,,
likhita,,
liṅgaka,,
liṅgakḷpta,,
liṅgadhara,,
liṅgadhāraṇa,,
liṅgadhārin,ī,
liṅgavardhana,,
liṅgavardhin,ī,
liṅgin,ī,
lipikarmanirmita,,
lipijña,,
liptaka,,
liptavāsita,,
liptahasta,,
lipta,,
liptāṅga,,
lipsitavya,,
lipsita,,
lipsya,,
limpaṭa,,
lilakṣayiṣita,,
liṣṭa,,
līḍhamukta,,
līḍha,,
līna,,
līpsitavya,,
līlākhela,,
līlāṅga,,
līlācatura,,
līlātāṇḍavapaṇḍita,,
līlādagdha,,
līlāmaya,,
līlāmānuṣavigraha,,
līlāyita,,
līlāvadhūta,,
līlāsādhya,,
līsuṣa,,
luñcaka,,
luñcana,,
luñca,,
luñcita,,
luṭhita,,
luṇṭita,,
luṇṭhita,,
luṇḍīkṛta,,
luptadharmakriya,,
luptapada,,
luptapiṇḍodakakriya,,
luptapratibha,,
luptavisarga,,
lupta,,
luptāhatavisarga,,
luptopama,,
luptopamāna,,
lubdhajana,,
lubdha,,
lubhita,,
lumbinīya,,
lulitakuṇḍala,,
lulitapallava,,
lulitamakaranda,,
lulitamaṇḍana,,
lulitasragākula,,
lulita,,
lulitākulakeśānta,,
lulitālakakeśānta,,
lūkṣa,,
lūta,,
lūnaduṣkṛta,,
lūnapakṣa,,
lūnamāṃsa,,
lūnaviṣa,,
lūna,,
lūyamāna,,
lūha,,
lekhana,ī,
lekhanīya,,
lekhasaṃdeśahārin,ī,
lekhahārin,ī,
lekhābhrummanya,,
lekhāsthavṛtta,,
lekhita,,
lekhin,ī,
lekhyaka,,
lekhyakṛta,,
lekhyagata,,
lekhyamaya,ī,
lekhyarūpa,,
lekhya,,
lekhyārūḍha,,
lepaka,,
lepanīya,,
lepin,ī,
lepyamaya,ī,
lepya,,
leliha,,
lelihāna,,
leśin,ī,
leśokta,,
leśya,,
leṣṭavya,,
lehanīya,,
lehin,ī,
lehya,,
laiṅga,ī,
laiṅgika,,
lokakalpa,,
lokakānta,,
lokakāma,,
lokacara,,
lokacārin,ī,
lokajña,,
lokadambhaka,,
lokadūṣaṇa,,
lokanātha,,
lokanindita,,
lokanīya,,
lokaparokṣa,,
lokapūjita,,
lokapravāhin,ī,
lokaprasiddha,,
lokabāhya,,
lokabhāvana,,
lokabhāvin,ī,
lokamaya,ī,
lokampṛṇa,,
lokayātrika,,
lokavādhin,ī,
lokavikruṣṭa,,
lokavijñāta,,
lokavidviṣṭa,,
lokaviruddha,,
lokavirodha,,
lokavirodhin,ī,
lokaviśruta,,
lokavisargika,ī,
lokavisargin,ī,
lokaśreṣṭha,,
lokasaṃgrāhin,ī,
lokasampanna,,
lokasākṣika,,
lokasākṣin,ī,
lokasātkṛta,,
lokasādhaka,,
lokasādhāraṇa,,
lokasiddha,,
lokasīmātivartin,ī,
lokasīmānurodhin,ī,
lokasundara,ī,
lokahāsya,,
lokahita,,
lokātiga,,
lokātiśaya,,
lokātīta,,
lokādhika,,
lokānukampaka,,
lokāntaragata,,
lokāntaraprāpta,,
lokāntarastha,,
lokāntarita,,
lokābhibhāvin,ī,
lokābhilaṣita,,
lokāyata,,
lokālokin,ī,
lokita,,
lokin,ī,
lokeśaprabhavāpyaya,,
lokopakārin,ī,
locaka,,
locanaparuṣa,,
locanamaya,ī,
locanahita,,
locana,,
loḍita,,
lopaka,,
lopin,ī,
lopya,,
lobhana,,
lobhanīyatama,,
lobhanīya,,
lobhamohita,,
lobhayāna,,
lobhaviraha,,
lobhaśūnya,,
lobhākṛṣṭa,,
lobhānvita,,
lobhābhipātin,ī,
lobhita,,
lobhin,ī,
lobhya,,
lomapravāhin,ī,
lomavāhana,,
lomavāhin,ī,
lomaviṣa,,
lomaśasaktha,,
lomasaṃharṣaṇa,,
lomaharṣaṇaka,ikā,
lomaharṣin,ī,
lomahārin,ī,
loma,,
lolakarṇa,ī,
lolakuṇḍala,,
lolajihva,,
loladbhuja,,
lolanayana,,
lolanetra,,
lolalocana,,
lolalola,,
lolāpāṅga,,
lolita,,
loluva,,
lolūya,,
loloṣṭha,,
loṣṭakapāla,,
loṣṭamaya,ī,
loṣṭamardin,ī,
lohadrāvin,ī,
lohabaddha,,
lohamaya,ī,
lohamāraka,,
lohamekhala,,
lohala,,
lohalekhya,,
lohaśleṣaṇa,,
lohastha,,
loha,,
lohāṇḍa,ī,
lohāyasa,,
lohitakalmāṣa,,
lohitaka,ikā,
lohitakṛṣṇa,,
lohitakṣayaka,,
lohitagrīva,,
lohitatūla,,
lohitadhvaja,,
lohitanayana,,
lohitapacanīya,,
lohitapātra,,
lohitapādaka,ikā,
lohitapittin,ī,
lohitapuṣpaka,,
lohitapuṣpa,,
lohitapravāṇa,,
lohitabinducitra,,
lohitamaya,ī,
lohitamiśra,,
lohitarasa,,
lohitaśabala,,
lohitasāraṅga,,
lohitākṣa,ī,
lohitāda,,
lohitānana,,
lohitāyasa,,
lohitārdra,,
lohitālaṃkṛta,,
lohitāvabhāsa,,
lohitāśva,,
lohitāsya,,
lohitekṣaṇa,,
lohitaita,,
lohitorṇa,ī,
lohitoṣṇīṣa,,
laukikajña,,
laukika,ī,
laukya,,
laumakāyana,,
laumakīya,,
laumana,,
laumanya,,
laumaśīya,,
laumaharṣaṇaka,ikā,
lauma,,
laumāyana,,
lauha,ī,
lauhāyasa,,
lauhitīka,,
lauheṣa,,
lvīna,,
vaṃśakramāgata,,
vaṃśakramāhitagaurava,,
vaṃśaja,,
vaṃśadhara,,
vaṃśadhārin,ī,
vaṃśapattrapatita,,
vaṃśabhava,,
vaṃśabhojya,,
vaṃśamaya,ī,
vaṃśamṛnmaya,ī,
vaṃśarājyadhara,,
vaṃśalūna,,
vaṃśavardhana,ī,
vaṃśavardhin,ī,
vaṃśaviśuddha,,
vaṃśahīna,,
vaṃśāgata,,
vaṃśānuga,,
vaṃśika,,
vaṃśin,ī,
vaṃśīdhara,,
vaṃśīya,,
vaṃśya,,
vaktavyahṛdaya,,
vaktukāma,,
vaktrabhedin,ī,
vaktrarogin,ī,
vaktva,,
vakmarājasatya,,
vakmya,,
vakragata,,
vakraga,,
vakratuṇḍa,,
vakratodin,ī,
vakranāsa,,
vakrapakṣa,,
vakrapāda,,
vakrapluta,,
vakraśṛṅga,ī,
vakrasaṃstha,,
vakrita,,
vakrin,ī,
vakrima,,
vakrīkṛta,,
vakrībhūta,,
vakretara,,
vakva,,
vakṣaḥstha,,
vakṣaṇa,ī,
vakṣyamāṇa,,
vagvana,,
vaṅka,,
vaṅkya,,
vaṅkhara,,
vaṅgīya,,
vacanakara,ī,
vacanakāra,,
vacanakārin,ī,
vacanagocara,,
vacanagrāhin,ī,
vacanaviruddha,,
vacana,,
vacanānuga,,
vacanīkṛta,,
vacanīya,,
vacanesthita,,
vacasa,,
vacaskara,,
vacasya,,
vacasvin,ī,
vaca,,
vacomārgātīta,,
vajraka,,
vajrakṛta,,
vajraghoṣa,,
vajratuṇḍa,,
vajradaṃṣṭra,,
vajradakṣiṇa,,
vajradaṇḍa,,
vajradanta,,
vajradeha,,
vajradehin,ī,
vajradhara,,
vajradhāra,,
vajranakha,ī,
vajranābha,,
vajranābhīya,,
vajrapāṇin,ī,
vajrapātadāruṇa,,
vajrapātaduḥsahatara,,
vajrapātasadṛśa,,
vajrapāta,,
vajraprāya,,
vajramaya,ī,
vajraratha,,
vajrarūpa,,
vajralepaghaṭita,,
vajravihata,,
vajraśarīra,,
vajrasaṃghāta,,
vajrasaṃsparśa,,
vajrasamānasāra,,
vajrasamutkīrṇa,,
vajrasāramaya,ī,
vajrasāra,,
vajrahasta,,
vajra,,
vajrākāra,,
vajrākhya,,
vajrāṅkita,,
vajrāśanivibhūṣita,,
vajrāśanisamasvana,,
vajrāhata,,
vajrin,ī,
vajrībhūta,,
vañcanapravaṇa,,
vañcanāpaṇḍita,,
vañcanīya,,
vañcayitavya,,
vañcita,,
vañcuka,,
vañcūka,,
vañcya,,
vaṭara,,
vaṭārakamaya,ī,
vaṭin,ī,
vaṭibha,,
vaṭūrin,ī,
vaṭya,,
vaṭhara,,
vaḍabāhṛta,,
vaḍabin,ī,
vaḍra,,
vaṇita,,
vaṇṭanīya,,
vaṇṭa,,
vaṇṭita,,
vaṇṭha,,
vataṃsita,,
vata,,
vatsanikānta,,
vatsamukha,,
vatsaśāla,,
vatsin,ī,
vatsīya,,
vadanya,,
vadamāna,,
vada,,
vadāvada,,
vadāvadin,ī,
vaditavya,,
vadiṣṭha,,
vadya,,
vadhaka,,
vadhakāṅkṣin,ī,
vadhakāma,,
vadhakṣama,,
vadhatra,,
vadharata,,
vadhārha,,
vadhin,ī,
vadhūdarśa,,
vadhaiṣin,ī,
vadhodarka,,
vadhodyata,,
vadhyaghātaka,,
vadhyaghna,,
vadhya,,
vanakāma,,
vanakrakṣa,,
vanacara,ī,
vanacārin,ī,
vanajapattrākṣa,ī,
vanaja,,
vanajākṣa,ī,
vanajāta,,
vanajāyata,,
vanadurga,,
vananīya,,
vanapuṣpamaya,ī,
vanapratiṣṭha,,
vanaprastha,,
vanamāla,,
vanamālin,ī,
vanavartin,ī,
vanavāsa,,
vanavāsin,ī,
vanasaṃnivāsin,ī,
vanasa,,
vanastha,,
vanasthāyin,ī,
vanasthita,,
vanādhivāsin,ī,
vanāntaracara,,
vanāntaracārin,ī,
vanāntavāsin,ī,
vanāntastha,,
vanānta,,
vanābhilāva,,
vanāyuja,,
vanāyudeśya,,
vanālayajīvin,ī,
vanāśa,,
vanāśraya,,
vanita,,
vanitāsakha,,
vanin,ī,
vanila,,
vaniṣṭha,,
vanīvāhita,,
vanecara,ī,
vaneśaya,,
vanodbhava,,
vanopeta,,
vandanīya,,
vandanestha,,
vanda,,
vanditavya,,
vandita,,
vandin,ī,
vandya,,
vandra,,
vandhyaphala,,
vanyāśana,,
vanyetara,,
vapanīya,,
vapurmalasamācita,,
vapuṣa,,
vapuṣṭama,,
vapuṣṭara,,
vapuṣya,,
vapodara,,
vaptavya,,
vaprānata,,
vamanārthīya,,
vamanīya,,
vama,ī,
vamitavya,,
vamita,,
vamin,ī,
vamya,,
vamraka,,
vayaḥsama,,
vayaḥsthāpana,,
vayasya,,
vayākin,ī,
vayuna,,
vayunādha,,
vayogata,,
vayodhika,,
vayonādha,,
vayonurūpa,,
vayobāla,,
vayorūpasamanvita,,
vayovidha,,
vayovṛddha,,
varagātra,ī,
varaṇaka,,
varaṇīya,,
varaṇḍaka,,
varatama,,
varatara,,
varadatta,,
varadarājīya,,
varadānamaya,ī,
varadānika,,
varapakṣīya,,
varaprada,,
varaphala,,
varayitavya,,
vararūpa,,
varalabdha,,
varavarṇin,ī,
varavṛta,,
varākaka,ikā,
varāka,ī,
varākāṅkṣin,ī,
varāṅgarūpopeta,,
varāṅga,,
varāṇasa,,
varārthin,ī,
varāla,,
varāsana,,
varāhadanta,,
varivasita,,
varivasyita,,
varivoda,,
variṣṭhaka,,
variṣṭha,,
varīvṛta,,
varuṇagṛhīta,,
varuṇadevatya,,
varuṇapariyatama,,
varuṇapraghāsika,,
varuṇapraśiṣṭa,,
varuṇāriṣṭakamaya,ī,
varuṇeśa,,
varūthin,ī,
varūthya,,
vareṇya,,
vareśa,,
vareśvara,,
vargapraśaṃsin,ī,
vargastha,,
vargin,ī,
vargīkṛta,,
vargīṇa,,
vargīya,,
vargya,,
varcasya,,
varcasvin,ī,
varcobhedin,ī,
varjaka,,
varjanīya,,
varjayitavya,,
varjita,,
varjin,ī,
varjya,,
varṇakacitrita,,
varṇakamaya,ī,
varṇaka,ikā,
varṇakita,,
varṇagata,,
varṇacitrita,,
varṇaja,,
varṇada,,
varṇadūṣaka,ikā,
varṇadvayamaya,ī,
varṇanīya,,
varṇamaya,ī,
varṇayitavya,,
varṇaśreṣṭha,,
varṇasaṃkarika,,
varṇasa,,
varṇahīna,,
varṇātmaka,,
varṇāpeta,,
varṇāvara,,
varṇāśramin,ī,
varṇika,,
varṇita,,
varṇin,ī,
varṇila,,
varṇopeta,,
varṇya,,
vartaka,,
vartana,,
vartanārthin,ī,
vartanīya,,
vartamāna,,
vartitavya,,
vartita,,
vartin,ī,
vartiṣyamāṇa,,
vartulākāra,,
vartra,ī,
vardhaka,,
vardhanaka,ikā,
vardhanaśīla,,
vardhana,ī,
vardhana,,
vardhanīya,,
vardhamānapurīya,,
vardhamāna,,
vardha,,
vardhāpanika,,
vardhitavya,,
vardhita,,
vardhin,ī,
vardhravyuta,,
varmahara,,
varmika,,
varmita,,
varmitāṅga,,
varmin,ī,
varṣakara,,
varṣaka,,
varṣakāma,,
varṣakṛtya,,
varṣaghna,,
varṣaja,,
varṣaṇa,ī,
varṣadhārādhara,,
varṣapavitra,,
varṣavardhana,,
varṣavṛddha,,
varṣaśatādhika,,
varṣaśatin,ī,
varṣasahasraka,,
varṣasahasrin,ī,
varṣasahasrīya,,
varṣākālika,,
varṣākālīna,,
varṣācara,,
varṣājya,,
varṣādhṛta,,
varṣārha,,
varṣāsuja,,
varṣika,,
varṣita,,
varṣin,ī,
varṣiṣṭhakṣatra,,
varṣiṣṭha,,
varṣīṇa,,
varṣīya,,
varṣeja,,
varṣaika,,
varṣoṣita,,
varṣmala,,
varṣmābha,,
valaṃruja,,
valagin,ī,
valayita,,
valayin,ī,
valayīkṛta,,
valitakaṃdhara,,
valitagrīva,,
valita,,
valitānana,,
valitāpāṅga,ī,
valina,,
valibha,,
valira,,
valīka,,
valūka,,
valkalasaṃvīta,,
valkalājinasaṃvṛta,,
valkalin,ī,
valgāṅka,,
valgitakaṇṭha,,
valgita,,
valguka,,
valgunāda,,
valbhita,,
valmīkamātra,,
vallabhatama,,
vallabhatara,,
vallarīka,,
vavra,,
vaśaṃkara,,
vaśaṃkṛta,,
vaśaṃgata,,
vaśaṃgama,,
vaśaṃvada,,
vaśaṃvadita,,
vaśakara,ī,
vaśakāraka,,
vaśagata,,
vaśagāmin,ī,
vaśanīya,,
vaśavartin,ī,
vaśastha,,
vaśāgata,,
vaśānna,,
vaśāyāta,,
vaśāyita,,
vaśika,,
vaśin,ī,
vaśiprāpta,,
vaśīkara,,
vaśīkṛta,,
vaśībhūta,,
vaśendriya,,
vaśyakara,,
vaśyakārin,ī,
vaśya,,
vaṣaṭkṛta,,
vasanamaya,ī,
vasantaja,,
vasavya,,
vasātīya,,
vasāmaya,ī,
vasāmehin,ī,
vasāvaśeṣamalina,,
vasika,,
vasitavya,,
vasita,,
vasitṛtama,,
vasiṣṭhapramukha,,
vasiṣṭhabhṛgvatrisama,,
vasiṣṭha,,
vasuṃdhara,,
vasudāna,,
vasudhātama,,
vasudhātara,,
vasudhādhara,,
vasudhāna,ī,
vasudhāra,,
vasudhārāmaya,,
vasunītha,,
vasuprada,,
vasubharita,,
vasumadgaṇa,,
vasumaya,ī,
vasumekhala,,
vasuraṇva,,
vasura,,
vasurūpa,,
vasuvarmadhara,,
vasuvāhana,,
vasuvittama,,
vasuvinda,,
vasuśreṣṭha,,
vasusampūrṇa,,
vasūpamāna,,
vastavya,,
vastuka,,
vastukṛta,,
vastutantra,,
vastudharmin,ī,
vastupatita,,
vastubhūta,,
vastuvivarta,,
vastuśūnya,,
vastūpahita,,
vastracchanna,,
vastrada,,
vastradhāvin,ī,
vastrapūta,,
vastramukhya,,
vastrayugin,ī,
vastraveṣṭita,,
vastrārdhaprāvṛta,,
vastrārdhasaṃvīta,,
vastrārdhasaṃvṛta,,
vasnika,,
vasnya,,
vasya,,
vasvanta,,
vahana,,
vahanīya,,
vaharāvin,ī,
vahin,ī,
vahiṣṭha,,
vahnikara,,
vahnika,,
vahnikārya,,
vahnitama,,
vahnidagdha,,
vahnida,,
vahnidāhasamudbhava,,
vahnidaivata,,
vahnidhauta,,
vahnināśana,,
vahnibhayada,,
vahnimaya,ī,
vahnimāraka,,
vahnivarṇa,,
vahniśuddha,,
vahyaka,,
vahya,,
va,,
vāṃśakaṭhinika,,
vāṃśabhārika,,
vāṃśa,ī,
vāṃśika,,
vāḥstha,,
vāka,,
vākcapala,,
vākchalānvita,,
vākpatha,,
vākpavitra,,
vākpūta,,
vākpraśasta,,
vākprasārikāma,,
vākprasārin,ī,
vākyakaṇṭha,,
vākyakara,,
vākyapūraṇa,,
vākyavajraviṣama,,
vākyaviśārada,,
vākyastha,,
vākyasthita,,
vākśasta,,
vāganta,,
vāgapahāraka,,
vāgapeta,,
vāgīśa,,
vāgdaridra,,
vāgduṣṭa,,
vāgdevatāka,,
vāgdevatya,,
vāgdaivatya,,
vāgbaddha,,
vāgmin,ī,
vāgyata,,
vāgya,,
vāgyāma,,
vāgvajra,,
vāgvidagdha,,
vāgvidheya,,
vāgviniḥsṛta,,
vāgvin,ī,
vāgvīrya,,
vāṅnidhana,,
vāṅmadhura,,
vāṅmaya,ī,
vāṅmūla,,
vācaṃniyama,,
vācakapada,,
vācaka,ikā,
vācanika,ī,
vācaminva,,
vācamīṅkhaya,,
vācaspatya,,
vācākarmīṇa,,
vācāviruddha,,
vācāstena,,
vācika,,
vācin,ī,
vācyacitra,,
vācyaliṅgaka,,
vācyaliṅga,,
vācya,,
vājagandhya,,
vājajaṭhara,,
vājapastya,,
vājapīta,,
vājapeyaka,,
vājapeyika,ī,
vājapeyin,ī,
vājaprasavīya,,
vājaprasavya,,
vājaprasuta,,
vājambhara,,
vājaśruta,,
vājasaṃnyasta,,
vājasana,ī,
vājasaneyaka,,
vājasaneyin,ī,
vājita,,
vājina,,
vājin,ī,
vājipīta,,
vājivega,,
vājīkaraṇa,ī,
vājīkara,,
vājreya,,
vāñchaka,,
vāñchanīya,,
vāñchitavya,,
vāñchita,,
vāñchin,ī,
vāñchya,,
vāṭamūla,,
vāṭa,ī,
vāṭya,,
vāḍabakarṣīya,,
vāḍaba,,
vāḍabīya,,
vāṇijakavidha,,
vāṇin,ī,
vātaṃdhama,,
vātakara,,
vātakalākalīya,,
vātakin,ī,
vātakopana,,
vātagaṇḍa,,
vātagulmin,ī,
vātagopa,,
vātagrasta,,
vātaghna,ī,
vātacada,,
vātacodita,,
vātajava,,
vātaja,,
vātajūta,,
vātanāśana,,
vātapittaka,,
vātapittaja,,
vātaprabala,,
vātabahula,,
vātabhakṣa,,
vātamaja,,
vātamaya,ī,
vātaraṃha,,
vātaratha,,
vātaraśana,,
vātara,,
vātareṇusuvarṇa,,
vātarogin,ī,
vātavahaka,,
vātavikārin,ī,
vātavega,,
vātavya,,
vātaśoṇitaka,ī,
vātaśoṇitin,ī,
vātaścika,,
vātasakha,,
vātasvana,,
vātahata,,
vātahara,,
vāta,,
vātāgara,,
vātāgarīya,,
vātājira,,
vātātapika,,
vātātmaka,,
vātānulomana,,
vātānulomin,ī,
vātāpaha,,
vātāpya,,
vātāyanagata,,
vātāyanastha,,
vātāyana,,
vātāsaha,,
vātāhata,,
vātāhāra,,
vātika,ī,
vātiga,,
vātīkṛtanāśana,,
vātīya,,
vātula,,
vātaikabhakṣa,,
vātottha,,
vātodarin,ī,
vātona,,
vātopajūta,,
vātopadhūta,,
vātopasṛṣṭa,,
vātya,,
vātyaupamya,,
vātsaka,,
vātsaprīya,,
vātsalyabandhin,ī,
vātsaśāla,,
vātsoddharaṇa,,
vātsya,,
vātsyāyana,ī,
vādakara,,
vādaka,,
vādada,,
vādayuddhapradhāna,,
vādarata,,
vādavāda,,
vāda,,
vādānya,,
vādika,,
vāditavya,,
vādita,,
vādin,ī,
vādiśa,,
vādyamāna,,
vādya,,
vādhūya,,
vānakauśāmbeya,,
vānaprasthadharma,,
vānaprastha,,
vānara,ī,
vānavāsaka,ikā,
vāna,ī,
vāna,,
vānāyuja,,
vānika,,
vānīya,,
vāneya,ī,
vānta,,
vāntāśin,ī,
vāntida,,
vāpita,,
vāpin,ī,
vāpīka,,
vāpuṣa,,
vāpya,,
vāmakaṭistha,,
vāmaka,ikā,
vāmaka,,
vāmakirīṭin,ī,
vāmajāta,,
vāmadeva,ī,
vāmadevya,,
vāmanaka,ikā,
vāmanata,,
vāmanarūpin,ī,
vāmanīkṛta,,
vāmanībhūta,,
vāmanīya,,
vāmabhāṣin,ī,
vāmamoṣa,,
vāmalocana,,
vāmaśīla,,
vāmastha,,
vāma,ī,
vāma,,
vāmācāra,,
vāmārambha,,
vāmāvacara,,
vāmāvarta,,
vāmin,ī,
vāmila,,
vāmīratha,,
vāmetara,,
vāmya,,
vāyava,ī,
vāyavīya,,
vāyasatīrīya,,
vāyasatuṇḍa,,
vāyasavidyika,,
vāyasa,ī,
vāyasīkṛta,,
vāyasībhūta,,
vāyin,ī,
vāyukeśa,,
vāyugīta,,
vāyugopa,,
vāyugrasta,,
vāyughna,,
vāyudattamaya,ī,
vāyudattarūpya,,
vāyudatteya,,
vāyudīpta,,
vāyudaivata,,
vāyudaivatya,,
vāyudhāraṇa,,
vāyunighna,,
vāyupūta,,
vāyupraṇetra,,
vāyubhakṣaka,,
vāyubhakṣya,,
vāyubhūta,,
vāyubhojana,,
vāyumaya,ī,
vāyura,,
vāyurugṇa,,
vāyuvegaka,ikā,
vāyuvegasama,,
vāyuvega,,
vāyuvegin,ī,
vāyusama,,
vāyuhīna,,
vāyodhasa,,
vāyvadhika,,
vāyvabhibhūta,,
vāraṇa,ī,
vāraṇa,,
vāraṇāvataka,,
vāraṇīya,,
vāratraka,,
vārayitavya,,
vāraruca,,
vārāṭakīya,,
vārāṇaseya,,
vārāvaskandin,ī,
vārāhaka,,
vārāha,ī,
vārigarbhodara,,
vāricara,,
vāricārin,ī,
vārija,,
vārijākṣa,,
vārijīvaka,,
vāritavāma,,
vārita,,
vārida,,
vāripathika,,
vāripathopajīvin,ī,
vāripa,,
vārimaya,ī,
vārira,,
vārirārava,,
vārivāhaka,,
vārivāhin,ī,
vāriśaya,,
vāristha,,
vāruka,,
vāruṇapraghāsika,ī,
vāruṇa,ī,
vāruṇya,,
vārendra,ī,
vārevṛta,,
vārkarūpya,,
vārkārya,,
vārkṣa,ī,
vārkṣya,,
vārcalīya,,
vārjyaka,,
vārṇaka,,
vārṇavaka,,
vārṇava,,
vārṇa,,
vārtana,,
vārtamānika,,
vārtāka,ī,
vārttataraka,,
vārtta,,
vārttānujīvin,ī,
vārttānuyoga,,
vārttāmūla,,
vārttāvaśeṣa,,
vārttāhārin,ī,
vārttikasūtrika,,
vārttika,,
vārtraghna,ī,
vārtrahatya,,
vārdhrakaṭhinika,,
vārdhra,ī,
vārdhrīṇasa,,
vārdhrīnasa,,
vārmateyaka,,
vārmateya,,
vāryavṛta,,
vārya,,
vāryupajīvin,ī,
vārṣadaṃśa,,
vārṣada,,
vārṣaparvaṇa,,
vārṣabha,,
vārṣala,,
vārṣaśatika,,
vārṣasahasrika,,
vārṣa,ī,
vārṣākapa,,
vārṣika,ī,
vārṣikya,,
vārṣuka,,
vārṣṭya,,
vārṣṇivṛddha,,
vārṣṇeyasahita,,
vārṣṇeya,,
vārṣmaṇa,,
vārṣyāyaṇīya,,
vālaja,,
vālana,,
vālapriya,,
vālamaya,ī,
vālāgra,,
vālikājyavidha,,
vālikāyana,,
vāluka,,
vālukāmaya,ī,
vālkala,,
vālka,ī,
vālguka,ī,
vālmīka,,
vālmīkīya,,
vāvadūka,,
vāvāta,,
vāvṛtta,,
vāvṛdhenya,,
vāśaka,ikā,
vāśaka,,
vāśana,,
vāśa,,
vāśita,,
vāśin,ī,
vāsaka,ikā,
vāsaka,,
vāsatīvara,,
vāsateya,,
vāsanastha,,
vāsana,,
vāsanāmaya,ī,
vāsanīya,,
vāsantaka,ikā,
vāsanta,ī,
vāsayitavya,,
vāsara,ī,
vāsavadattika,,
vāsava,ī,
vāsaveya,,
vāsavopama,,
vāsātaka,,
vāsāta,,
vāsātya,,
vāsāyanika,,
vāsita,,
vāsin,ī,
vāsila,,
vāsiṣṭha,ī,
vāsiṣṭhika,,
vāsuka,,
vāsukija,,
vāsukra,,
vāsudevamaya,ī,
vāsudevavargīṇa,,
vāsudevavargya,,
vāsudeva,ī,
vāsumata,,
vāsoda,,
vāsovāya,,
vāstava,ī,
vāstavika,,
vāstavya,,
vāstuka,,
vāstuja,,
vāstupa,,
vāstumaya,ī,
vāstuvidya,,
vāstuvidyākuśala,,
vāstusaṃśamanīya,,
vāstuha,,
vāsteya,ī,
vāstra,,
vāstvamaya,ī,
vāstva,,
vāstvya,,
vāsya,,
vāhaka,ikā,
vāhana,,
vāhanika,,
vāhita,,
vāhin,ī,
vāhna,,
vāhya,,
vāhlīka,ī,
viṃśaka,,
viṃśatitama,ī,
viṃśatitaulika,,
viṃśatidvija,,
viṃśatima,,
viṃśativarṣadeśīya,,
viṃśativārṣika,ī,
viṃśatividha,,
viṃśatyakṣara,,
viṃśa,ī,
viṃśin,ī,
vikaṅkaṭika,,
vikaṅkatīmukha,,
vikaca,,
vikacita,,
vikacchapa,,
vikaccha,,
vikaṭaka,,
vikaṭa,,
vikaṭākṣa,ī,
vikaṭānana,,
vikatthana,,
vikatthanīya,,
vikatthin,ī,
vikapāla,,
vikapita,,
vikampa,,
vikampita,,
vikampin,ī,
vikaraṇa,,
vikara,,
vikarālin,ī,
vikarṇa,,
vikartana,,
vikartita,,
vikarmanirata,,
vikarmastha,,
vikarmika,,
vikarmin,ī,
vikarṣaṇa,,
vikarṣin,ī,
vikalaṅka,,
vikalāṅga,ī,
vikalendriya,,
vikalpananīya,,
vikalpayitavya,,
vikalpa,,
vikalpāsaha,,
vikalpita,,
vikalpin,ī,
vikalpya,,
vikavaca,,
vikaśyapa,,
vikasitakumudendīvarālokin,ī,
vikasitanayanavadanakamala,,
vikasitavadana,,
vikasita,,
vikasta,,
vikasvara,,
vikāṅkṣa,,
vikāṅkṣin,ī,
vikāma,,
vikāraṇa,,
vikāramaya,ī,
vikārita,,
vikārin,ī,
vikārya,,
vikāśin,ī,
vikāsaka,,
vikāsana,,
vikāsita,,
vikāsin,ī,
vikiriḍa,,
vikirida,,
vikiridra,,
vikīrṇakeśa,,
vikīrṇamūrdhaja,,
vikīrṇa,,
vikuja,,
vikuñcita,,
vikuṇṭha,,
vikuṇṭhita,,
vikuṇḍala,,
vikurvāṇa,,
vikūbara,,
vikṛtadarśana,,
vikṛtamūrdhaja,,
vikṛtarakta,,
vikṛtalocana,,
vikṛtavadana,,
vikṛtaveṣin,ī,
vikṛta,,
vikṛtākāra,,
vikṛtākṣa,,
vikṛtāṅga,,
vikṛtānana,,
vikṛṣṭasīmānta,,
vikṛṣṭa,,
vikeśa,ī,
vikautuka,,
vikta,,
vikramārjita,,
vikramin,ī,
vikrayya,,
vikrānta,,
vikriḍa,,
vikrīḍita,,
vikrīta,,
vikruṣṭa,,
vikretavya,,
vikreya,,
vikrodha,,
viklavānana,,
viklānta,,
viklidha,,
viklinnahṛdaya,,
viklinna,,
vikliṣṭa,,
vikṣata,,
vikṣāma,,
vikṣālita,,
vikṣiṇatka,,
vikṣita,,
vikṣiptacitta,,
vikṣipta,,
vikṣīṇa,,
vikṣuṇṇa,,
vikṣudra,,
vikṣubdha,,
vikṣobhita,,
vikṣobhin,ī,
vikhaṇḍita,,
vikhaṇḍin,ī,
vikha,,
vikheda,,
vikhyāta,,
vigaṇita,,
vigatakalmaṣa,,
vigataklama,,
vigatajñāna,,
vigatajvara,,
vigatanayana,,
vigatanāsika,ī,
vigatapuṃska,,
vigatarāga,,
vigataśrīka,,
vigatasaṃkalpa,,
vigatasaṃtrāsa,,
vigatasnehasauhṛda,,
vigatasneha,,
vigataspṛha,,
vigata,,
vigatāśaṅka,,
vigadita,,
vigandha,,
vigarhaṇīya,,
vigarhita,,
vigarhitācāra,,
vigarhin,ī,
vigarhya,,
vigalitakeśa,,
vigalitabandha,,
vigalitalajja,,
vigalitavasana,,
vigalita,,
vigāḍhamanmatha,,
vigāḍha,,
vigāha,,
vigāhya,,
vigīta,,
viguṇa,,
vigulpha,,
vigūḍhacārin,ī,
vigūḍha,,
vigṛhīta,,
vigṛhya,,
vigna,,
vigrathita,,
vigrahapara,,
vigraha,,
vigrahin,ī,
vigra,,
vigrāhita,,
vigrāhya,,
vigrīva,,
vighaṭita,,
vighaṭṭana,,
vighaṭṭanīya,,
vighaṭṭita,,
vighaṭṭin,ī,
vighana,,
vighanin,ī,
vighasāśa,,
vighasāśin,ī,
vighātaka,,
vighātana,,
vighātin,ī,
vighuṣṭa,,
vighūrṇita,,
vighṛṣṭa,,
vighnakara,,
vighnakārin,ī,
vighnatantrita,,
vighnanāśaka,,
vighnahārin,ī,
vighnitadṛṣṭipāta,,
vighnitapada,,
vighnitasamāgamasukha,,
vighnita,,
vighniteccha,,
vicakilamaya,ī,
vicakramāṇa,,
vicakra,,
vicakropaskaropastha,,
vicakṣaṇammanya,,
vicakṣaṇa,,
vicakṣya,,
vicatura,,
vicayiṣṭha,,
vicaraṇa,,
vicaraṇīya,,
vicara,,
vicarita,,
vicarcita,,
vicarṣaṇa,,
vicala,,
vicalita,,
vicārajña,,
vicāraṇīya,,
vicāramūḍha,,
vicāraśīla,,
vicārita,,
vicārin,ī,
vicārya,,
vicālana,ī,
vicāla,,
vicikitsārthīya,,
vicita,,
vicitta,,
vicitya,,
vicitraka,,
vicitracaritra,,
vicitradeha,,
vicitramālyābharaṇa,,
vicitrarūpa,,
vicitravarṣin,ī,
vicitravāgurocchrāyamaya,ī,
vicitrita,,
vicintanīya,,
vicintita,,
vicintya,,
vicinvatka,,
vicīrṇa,,
vicūrṇita,,
vicūlin,ī,
vicṛtta,,
vicetavya,,
viceyatāraka,,
viceya,,
viceṣṭa,,
viceṣṭita,,
vicchanda,,
vicchardita,,
vicchinnadhūmaprasara,,
vicchinnaprasara,,
vicchinnamadya,,
vicchinna,,
vicchurita,,
vicchedaka,ikā,
vicchedana,,
vicchedanīya,,
vicchedin,ī,
vicyuta,,
vijagdha,,
vijaṅgha,,
vijaṅghākūbara,,
vijañjapa,,
vijaṭa,,
vijana,,
vijanita,,
vijanīkṛta,,
vijapila,,
vijayaka,,
vijayapratyarthin,ī,
vijayaphala,,
vijayabhāga,,
vijaya,,
vijayārthin,ī,
vijayina,,
vijayin,ī,
vijayiṣṭha,,
vijara,,
vijarjara,,
vijala,,
vijalpita,,
vijavala,,
vijāta,,
vijātīya,,
vijānaka,,
vijigīṣa,,
vijigīṣāvivarjita,,
vijigīṣin,ī,
vijigīṣīya,,
vijighatsa,,
vijijñāsitavya,,
vijijñāsya,,
vijitarūpa,,
vijita,,
vijitāmitra,,
vijitāsana,,
vijitin,ī,
vijitendriya,,
vijina,,
vijipila,,
vijila,,
vijivila,,
vijihma,,
vijihva,,
vijṛmbhita,,
vijṛmbhin,ī,
vijetavya,,
vijenya,,
vijeya,,
vijjala,,
vijñapta,,
vijñapya,,
vijña,,
vijñātavīrya,,
vijñātavya,,
vijñāta,,
vijñātārtha,,
vijñānakevala,,
vijñānamaya,ī,
vijñānavādin,ī,
vijñānākala,,
vijñānāstitvamātravādin,ī,
vijñānika,,
vijñānin,ī,
vijñānīya,,
vijñāpaka,,
vijñāpanīya,,
vijñāpita,,
vijñāpin,ī,
vijñāpya,,
vijñābhimānin,ī,
vijñāya,,
vijñeya,,
vijya,,
vijharjhara,,
viṭaṅka,,
viṭaṅkita,,
viṭapin,ī,
viṭhaṅka,,
viṭhara,,
viḍaṅga,,
viḍambaka,,
viḍambana,,
viḍambanīya,,
viḍamba,,
viḍambita,,
viḍambiteśvara,,
viḍambin,ī,
viḍja,,
viḍbhava,,
viḍbhedin,ī,
viḍbhojin,ī,
vitata,,
vitatādhvara,,
vitatāyudha,,
vitatotsava,,
vitathaprayatna,,
vitathamaryāda,,
vitathavādin,ī,
vitathya,,
vitantasāyya,,
vitamaska,,
vitaraṇa,,
vitara,,
vitarkya,,
vitaṣṭa,,
vitasta,,
vitastideśya,,
vitāna,,
vitānībhūta,,
vitāmasa,,
vitāra,,
vitāla,,
vitimira,,
vitilaka,,
vitīrṇatara,,
vitīrṇa,,
vituṅgabhāga,,
vitunnaka,ikā,
vitunna,,
vituṣa,,
vituṣṭa,,
vitṛṇa,,
vitṛṇṇa,,
vitṛtīya,,
vitṛptaka,,
vitṛptakāma,,
vitṛpta,,
vitṛṣa,,
vittaka,,
vittakāma,,
vittaja,,
vittadha,,
vittamaya,ī,
vittavardhana,ī,
vittavivardhin,ī,
vittahīna,,
vitta,,
vittāḍhya,,
vittāyana,ī,
vitrastaka,,
vitrasta,,
vitrāsana,ī,
vitrāsayitukāma,,
vitrāsa,,
vitrāsitavihaṃgama,,
vitrāsita,,
vitvakṣaṇa,,
vidakṣiṇa,,
vidagdhavacana,,
vidagdha,,
vidagdhālāpa,,
vidatta,,
vidathya,,
vidanta,,
vidarbhābhimukha,,
vidarvya,,
vidala,,
vidalita,,
vidalīkṛta,,
vidaśa,,
vidaṣṭa,,
vidasta,,
vida,,
vidāna,,
vidāyin,ī,
vidāyya,,
vidāraka,,
vidāraṇa,ī,
vidārita,,
vidārin,ī,
vidāhin,ī,
vidita,,
vidīpita,,
vidīpta,,
vidīrṇamukha,,
vidīrṇahṛdaya,,
vidīrṇa,,
vidura,,
viduṣita,,
viduṣkṛta,,
viduṣṭara,,
vidūna,,
vidūrakramaṇakṣama,,
vidūraga,,
vidūrajāta,,
vidūravigata,,
vidūrasaṃśrava,,
vidūṣaka,,
vidūṣaṇaka,,
videya,,
videva,,
videśagata,,
videśaga,,
videśaja,,
videśanirata,,
videśavāsin,ī,
videśastha,,
videśin,ī,
videśīya,,
videśya,,
videha,,
vidoha,,
viddhakarṇa,ī,
viddha,,
vidmana,,
vidyamānakeśa,,
vidyamāna,,
vidyākara,,
vidyācaṇa,,
vidyācaraṇasampanna,,
vidyājambhakavārttika,,
vidyādhara,,
vidyādharīparijana,,
vidyānupālin,ī,
vidyānusevin,ī,
vidyāntaga,,
vidyābhīpsin,ī,
vidyāmaya,ī,
vidyārjita,,
vidyārtha,,
vidyārthin,ī,
vidyālabdha,,
vidyāvayovṛddha,,
vidyāviruddha,,
vidyāviśiṣṭa,,
vidyāvihīna,,
vidyāvṛddha,,
vidyāvedavratasnāta,,
vidyāvrataka,,
vidyāvratasnāta,,
vidyāśrutasampanna,,
vidyāsnātaka,,
vidyāsnāta,,
vidyāhīna,,
vidyujjihva,,
vidyutprabha,,
vidyutya,,
vidyuddhasta,,
vidyudratha,,
vidyunmālin,ī,
vidyotaka,,
vidyotana,,
vidyotayitavya,,
vidyota,,
vidyotin,ī,
vidyopārjita,,
vidrāvaka,,
vidrāvaṇa,,
vidrāvita,,
vidrāvin,ī,
vidrāvya,,
vidruta,,
vidrumacchāya,,
vidrumataṭa,,
vidrumamaya,ī,
vidruma,,
vidvatkalpa,,
vidvattara,,
vidvaddeśīya,,
vidvaddeśya,,
vidviṣa,,
vidviṣāṇa,,
vidviṣṭa,,
vidveṣaka,,
vidveṣaṇa,,
vidveṣin,ī,
vidveṣiprabhava,,
vidveṣya,,
vidhana,,
vidhanuṣka,,
vidhamana,,
vidharaṇa,ī,
vidharmastha,,
vidharma,,
vidharmin,ī,
vidhātavya,,
vidhānaka,,
vidhānajña,,
vidhānayukta,,
vidhāna,ī,
vidhānokta,,
vidhāyaka,,
vidhāyin,ī,
vidhāraṇa,ī,
vidhāraya,,
vidhārayitavya,,
vidhārin,ī,
vidhāvita,,
vidhikara,ī,
vidhighna,,
vidhijña,,
vidhitsamāna,,
vidhitsita,,
vidhidṛṣṭa,,
vidhiparyāgata,,
vidhiprayukta,,
vidhilopaka,,
vidhivihita,,
vidhiśoṇitīya,,
vidhihīna,,
vidhutatriliṅga,,
vidhutapakṣa,,
vidhutabandhana,,
vidhutamārtya,,
vidhuta,,
vidhumaya,ī,
vidhurita,,
vidhurīkṛta,,
vidhūtakalmaṣa,,
vidhūtakeśa,,
vidhūtanidra,,
vidhūtaveśa,,
vidhūta,,
vidhūnana,ī,
vidhūnita,,
vidhūpa,,
vidhūmra,,
vidhūsara,,
vidhṛta,,
vidhṛtāyudha,,
vidheyajña,,
vidheyavartin,ī,
vidheya,,
vidheyīkṛta,,
vidhauta,,
vidhmāpana,,
vidhya,,
vidhyātmaka,,
vidhvaṃsana,,
vidhvaṃsita,,
vidhvaṃsin,ī,
vidhvastakavaca,,
vidhvastanagarāśrama,,
vidhvastaparaguṇa,,
vidhvastavipaṇāpaṇa,,
vidhvasta,,
vinaṃśin,ī,
vinagna,,
vinatakāya,,
vinata,,
vinatānana,,
vinatodara,,
vinadin,ī,
vinaddha,,
vinamita,,
vinamrakaṃdhara,,
vinayagrāhin,ī,
vinayana,,
vinayapradhāna,,
vinayapramāthin,ī,
vinayamaya,ī,
vinayayogin,ī,
vinayastha,,
vinaya,,
vinayānvita,,
vinayāvanata,,
vinardin,ī,
vinaśvara,ī,
vinaṣṭadharma,,
vinaṣṭa,,
vinaṣṭopajīvin,ī,
vinākṛta,,
vinādita,,
vinādin,ī,
vinābhāvya,,
vinābhūta,,
vināmita,,
vināyaka,ikā,
vināla,,
vināśaka,,
vināśana,ī,
vināśānta,,
vināśita,,
vināśin,ī,
vināśonmukha,,
vināśya,,
vināsaka,,
vināsadaśana,,
vināsika,,
viniḥsṛta,,
viniḥsṛṣṭa,,
vinikarttavya,,
vinikīrṇa,,
vinikṛta,,
vinikṛtta,,
vinikṛntana,,
viniketa,,
vinikṣipta,,
vinikṣepya,,
vinigaḍa,,
vinigamaka,,
vinigūhita,,
vinigrahārthīya,,
vinigrāhya,,
vinighūrṇita,,
vinighna,,
vinidhvasta,,
vinindaka,,
vininda,,
vinipatita,,
vinipātaka,,
vinipātagata,,
vinipātaśaṃsin,ī,
vinipātita,,
vinibarhaṇa,,
vinibarhin,ī,
vinimagna,,
vinimitta,,
vinimīlita,,
vinimīlitekṣaṇa,,
viniyata,,
viniyatāhāra,,
viniyamya,,
viniyukta,,
viniyoktavya,,
viniyojita,,
viniyojya,,
vinirodha,,
vinirodhin,ī,
vinirgata,,
vinirjita,,
vinirṇīta,,
vinirdagdha,,
vinirdiṣṭa,,
vinirdeśya,,
vinirdhuta,,
vinirdhūta,,
vinirbhagnanayana,,
vinirbhagna,,
vinirbhinna,,
vinirmala,,
vinirmita,,
vinirmukta,,
vinirmūḍhapratijña,,
vinirmūḍha,,
viniryāta,,
vinirvṛtta,,
vinirhata,,
vinivartaka,,
vinivartita,,
vinivārita,,
vinivārya,,
viniviṣṭa,,
vinivṛttakāma,,
vinivṛttaśāpa,,
vinivṛtta,,
vinivedita,,
viniveśita,,
viniveśin,ī,
viniścayajña,,
viniścala,,
viniścāyin,ī,
viniścita,,
viniścitārtha,,
viniṣūdita,,
viniṣkampa,,
viniṣkrānta,,
viniṣkriya,,
viniṣṭapta,,
viniṣpatita,,
viniṣpādya,,
viniṣpiṣṭa,,
vinismṛta,,
vinihata,,
vinihita,,
vinihnuta,,
vinītaveṣābharaṇa,,
vinītasattva,,
vinīta,,
vinīlabandhana,,
vinīla,,
vinīvaraṇa,,
vinunna,,
vinetra,,
vineya,,
vinodarasika,,
vinodāpapādin,ī,
vinodita,,
vinodin,ī,
vinda,,
vindhyavāsin,ī,
vindhyastha,,
vinna,,
vinyasta,,
vinyasya,,
vipaktavya,,
vipaktrima,,
vipakṣapāta,,
vipakṣa,,
vipakṣākrānta,,
vipakṣīya,,
vipaṇigata,,
vipaṇijīvin,ī,
vipaṇimadhyaga,,
vipaṇisthapaṇya,,
vipatāka,,
vipatita,,
vipatkara,ī,
vipattikara,,
vipattiyukta,,
vipattirahita,,
vipatphala,,
vipathagāmin,ī,
vipadākrānta,,
vipadgata,,
vipadgrasta,,
vipadma,,
vipadyukta,,
vipadrahita,,
vipannaka,,
vipannakṛtya,,
vipannaga,,
vipannadeha,,
vipanna,,
vipannārtha,,
viparākrama,,
viparikrānta,,
viparicchinnamūla,,
viparicchinna,,
vipariṇata,,
vipariṇamayitavya,,
vipariṇāmin,ī,
vipariṇīta,,
viparidhāvaka,,
viparimlāna,,
viparilupta,,
viparivartana,ī,
viparivartita,,
viparivartitādhara,,
viparītakara,,
viparītaka,,
viparītakārin,ī,
viparītacitta,,
viparītabodha,,
viparīta,,
viparītāyanagata,,
viparyaya,,
viparyastamanaśceṣṭa,,
viparyasta,,
viparyāṇa,,
viparyāṇīkṛta,,
viparva,,
vipalāyita,,
vipalāyin,ī,
vipalāśa,,
vipavya,,
vipaścita,,
vipākakaṭuka,,
vipākatīvra,,
vipākadāruṇa,,
vipākin,ī,
vipāṭaka,,
vipāṭalanetra,,
vipāṭala,,
vipāṭita,,
vipātaka,,
vipādanīya,,
vipāditavya,,
vipādita,,
vipādya,,
vipāla,,
vipāśa,,
vipāśin,ī,
vipipāna,,
vipiśita,,
vipīta,,
vipuṃsaka,,
vipura,,
vipurīṣa,,
vipuruṣa,,
vipulaka,,
vipulagrīva,,
vipulacchāya,,
vipulatara,,
vipuladravya,,
vipulaprajña,,
vipulavrata,,
vipulahṛdaya,,
vipulāyatākṣa,,
vipulināmburuha,,
vipulekṣaṇa,,
vipuloraska,,
vipuṣṭa,,
vipūya,,
vipṛkta,,
vipothita,,
viprakārin,ī,
viprakāśa,,
viprakīrṇaśiroruha,,
viprakīrṇa,,
viprakīrṇaikapārśva,,
viprakṛta,,
viprakṛṣṭaka,,
viprakṛṣṭa,,
viprakṛṣṭāntara,,
vipragīta,,
vipracchanna,,
viprajūta,,
vipratama,,
vipratārita,,
vipratikūla,,
vipratikṛta,,
vipratipadya,,
vipratipanna,,
vipratipratyanīka,,
vipratiṣiddha,,
vipratisārin,ī,
vipratīpa,,
vipratyanīka,,
vipratyanīyaka,,
viprathita,,
vipraduṣṭabhāva,,
vipraduṣṭa,,
vipradruta,,
vipranaṣṭaviśeṣaka,,
vipranaṣṭa,,
viprapriya,,
viprabuddha,,
viprabodhita,,
vipramatta,,
vipramāthin,ī,
vipramādin,ī,
vipramuktabhaya,,
vipramukta,,
vipramocya,,
vipramohita,,
viprayāta,,
viprayukta,,
viprayogin,ī,
viprayojita,,
vipralapita,,
vipralabdha,,
vipralabhya,,
vipralambhaka,,
vipralambhin,ī,
vipralāpa,,
vipralāpin,ī,
vipralīna,,
vipralupta,,
vipralumpaka,,
vipralūna,,
vipraloḍita,,
vipralopin,ī,
vipravasita,,
vipravāsita,,
vipraviddha,,
vipravīra,,
viprasanna,,
viprasṛta,,
viprasthita,,
viprahata,,
viprahīṇa,,
viprānumadita,,
viprāpta,,
viprāvamanyaka,,
vipriyaṃkara,,
vipriyakara,,
vipriyakārin,ī,
vipriya,,
vipruta,,
vipreta,,
viproṣita,,
viplava,,
viplavin,ī,
viplāvaka,,
viplāvita,,
viplāvin,ī,
viplutanetra,,
viplutabhāṣin,ī,
viplutalocana,,
vipluta,,
vipluṣṭa,,
viphalapreraṇa,,
viphalaśrama,,
viphalārambha,,
viphalāśa,,
viphalīkṛtayatna,,
viphalīkṛta,,
viphalībhūta,,
viphalpha,,
vipha,,
vibaddhaka,,
vibaddha,,
vibandhana,,
vibarha,,
vibala,,
vibalāka,,
vibāṇajya,,
vibāṇa,,
vibila,,
vibuddhakamala,,
vibuddha,,
vibudha,,
vibodhayitavya,,
vibodhita,,
vibhaktagātra,,
vibhakta,,
vibhagna,,
vibhaṅgin,ī,
vibhaṅgura,,
vibhajanīya,,
vibhajya,,
vibhaya,,
vibhava,,
vibhavin,ī,
vibhāgajña,,
vibhāgya,,
vibhājaka,,
vibhājakībhūta,,
vibhājita,,
vibhājya,,
vibhāta,,
vibhāvaka,,
vibhāvana,,
vibhāvanīya,,
vibhāvita,,
vibhāvin,ī,
vibhāvya,,
vibhāṣita,,
vibhāsita,,
vibhāskara,,
vibhinnatamisra,,
vibhinnadarśin,ī,
vibhinnadhairya,,
vibhinnaveṣa,,
vibhinna,,
vibhinnāṅga,,
vibhīta,,
vibhīṣaka,ikā,
vibhugna,,
vibhuja,,
vibhūtadyumna,,
vibhūta,,
vibhūma,,
vibhūṣaṇa,,
vibhūṣaṇodbhāsin,ī,
vibhūṣita,,
vibhūṣitāṅga,,
vibhūṣin,ī,
vibhṛta,,
vibhedaka,,
vibhedana,,
vibhedika,,
vibhedin,ī,
vibhedya,,
vibhraṃśitajñāna,,
vibhraṃśitapuṣpapattra,,
vibhraṃśita,,
vibhraṃśin,ī,
vibhramin,ī,
vibhraṣṭatimira,,
vibhraṣṭa,,
vibhrājita,,
vibhrāntanayana,,
vibhrāntaśīla,,
vibhrānta,,
vibhvataṣṭa,,
vimajjāntra,,
vimajjita,,
vimata,,
vimatta,,
vimatsara,,
vimatsarin,ī,
vimathita,,
vimada,,
vimadita,,
vimadya,,
vimadhyama,,
vimanaska,,
vimana,,
vimanīkṛta,,
vimanībhūta,,
vimanthara,,
vimanyuka,,
vimardaka,,
vimardakṣama,,
vimardana,,
vimardita,,
vimardin,ī,
vimarśavādin,ī,
vimarśita,,
vimarśin,ī,
vimarṣin,ī,
vimalātmaka,,
vimalānana,,
vimalāpa,,
vimalārthaka,,
vimalita,,
vimastakita,,
vimāṇḍavya,,
vimātavya,,
vimātra,,
vimāthin,ī,
vimānacārin,ī,
vimānacyuta,,
vimānapratima,,
vimānastha,,
vimāna,ī,
vimāna,,
vimānita,,
vimānuṣa,,
vimānya,,
vimāya,,
vimārgaga,,
vimārgagāmin,ī,
vimārgaprasthita,,
vimārgastha,,
vimārga,,
vimita,,
vimithuna,,
vimiśraka,,
vimiśrita,,
vimuktakaṇṭha,,
vimuktakeśa,,
vimuktapragraha,,
vimuktaśāpa,,
vimukta,,
vimukhita,,
vimukhin,ī,
vimukhīkṛta,,
vimugdha,,
vimudra,,
vimūḍhasaṃjña,,
vimūḍha,,
vimūrchita,,
vimūrta,,
vimūrdhaja,,
vimūla,,
vimṛga,,
vimṛditadhvaja,,
vimṛdita,,
vimṛśita,,
vimṛśyakārin,ī,
vimṛśya,,
vimṛṣṭarāga,,
vimṛṣṭa,,
vimṛṣṭāntarāṃsa,,
vimegha,,
vimoktavya,,
vimokṣaka,,
vimokṣaṇa,,
vimokṣin,ī,
vimogha,,
vimocaka,,
vimocana,ī,
vimocanīya,,
vimocita,,
vimocya,,
vimohaka,ikā,
vimohada,,
vimohana,,
vimohita,,
vimohin,ī,
vimauna,,
vimlāna,,
viyaccara,,
viyata,,
viyatstha,,
viyadgata,,
viyadvyāpin,ī,
viyanmaya,ī,
viyāta,,
viyukta,,
viyugala,,
viyuta,,
viyutārthaka,,
viyūtha,,
viyūṣka,,
viyogabāhya,,
viyogāvasāna,,
viyogāvaha,,
viyogin,ī,
viyojanīya,,
viyojita,,
viyojya,,
viyodha,,
viraktacitta,,
viraktabhāva,,
viraktahṛdaya,,
virakta,,
virakṣastama,,
viracayitavya,,
viracitapada,,
viracita,,
virajana,,
virajaska,,
virajastejombarabhūṣaṇa,,
virajīkṛta,,
virajībhūta,,
virañjita,,
virataprasaṅga,,
virata,,
viratāśaya,,
viratha,,
virathīkṛta,,
virathībhūta,,
virapśa,ī,
virapśin,ī,
viramita,,
viraladruma,,
viralapātaka,,
viralapārśvaga,,
viralasasyayuta,,
viralāgata,,
viralita,,
viraletara,,
virasa,,
virahaguṇita,,
virahajanita,,
virahaja,,
virahavirasa,,
virahārta,,
virahita,,
virahin,ī,
virahotsuka,,
virāgārha,,
virāgita,,
virāgin,ī,
virājana,,
virāja,,
virājita,,
virājin,ī,
virāṭsvarūpa,,
virāḍaṣṭama,,
virāddha,,
virādhya,,
virāmaka,,
virāvaṇa,,
virāvita,,
virāvin,ī,
virikta,,
viriphita,,
viribhita,,
viriṣṭa,,
virugṇa,,
viruja,,
viruta,,
viruddhamatikārin,ī,
viruddhasambandhanīya,,
viruddha,,
viruddhārtha,,
viruddhopakrama,,
virudra,,
viruṣṭa,,
virūkṣaṇa,ī,
virūkṣaṇīya,,
virūkṣita,,
virūḍhabodha,,
virūḍha,,
virūpakaraṇa,ī,
virūpaka,ikā,
virūparūpa,,
virūpākṣa,ī,
virecaka,,
virecana,,
virecita,,
virecin,ī,
virecya,,
virebhita,,
virokin,ī,
viroga,,
virocana,,
viroddhavya,,
virodhaka,,
virodhakāraka,,
virodhana,,
virodhita,,
virodhin,ī,
virodhya,,
viropaṇa,,
viropitavraṇa,,
viropita,,
virolita,,
viroṣa,,
virohaṇa,,
virohin,ī,
vilakṣita,,
vilakṣīkṛta,,
vilakṣya,,
vilagita,,
vilagna,,
vilaṅgita,,
vilaṅghanīya,,
vilaṅghita,,
vilaṅghitākāśa,,
vilaṅghin,ī,
vilaṅghya,,
vilajja,,
vilajjita,,
vilapita,,
vilabdha,,
vilamba,,
vilambitaphala,,
vilambita,,
vilambin,ī,
vilayana,,
vilasatpatāka,,
vilasita,,
vilātavya,,
vilāta,,
vilāpana,ī,
vilāpana,,
vilāpita,,
vilāpin,ī,
vilābha,,
vilāyita,,
vilāṣin,ī,
vilāsaka,ikā,
vilāsamaya,ī,
vilāsavibhavānasa,,
vilāsin,ī,
vilikhita,,
viliṅgastha,,
viliṅga,,
vilimpita,,
viliṣṭa,,
vilīnaṣaṭpada,,
vilīna,,
viluṭhita,,
viluṇṭhaka,ikā,
viluṇṭhita,,
viluptapūrva,,
viluptavitta,,
viluptasāvitrīka,,
vilupta,,
vilupya,,
vilubhitaplava,,
vilubhita,,
vilumpaka,ikā,
vilulita,,
vilulitālaka,,
vilūna,,
vilekhana,,
vilekhin,ī,
vilepanin,ī,
vilepin,ī,
vilepya,,
vilokanīya,,
vilokastha,,
viloka,,
vilokita,,
vilokin,ī,
vilokya,,
vilocana,,
viloṭhin,ī,
viloḍita,,
vilopaka,,
vilopita,,
vilopin,ī,
vilopya,,
vilobhanīya,,
vilobhita,,
vilomaka,,
vilomaja,,
vilomajāta,,
vilomavarṇa,,
vilomita,,
vilomotpanna,,
vilolatāraka,,
vilolalocana,,
vilolahāra,,
vilolita,,
vilohita,,
vivakṣaṇa,,
vivakṣitavya,,
vivakṣita,,
vivadita,,
vivadhika,ī,
vivaraṇa,,
vivaradarśaka,,
vivarānuga,,
vivaruṇa,,
vivarūtha,,
vivarjaka,,
vivarjanīya,,
vivarjita,,
vivarṇamaṇīkṛta,,
vivarṇayitavya,,
vivarṇavadana,,
vivarṇita,,
vivartana,,
vivartita,,
vivartin,ī,
vivardhana,ī,
vivardhanīya,,
vivardhita,,
vivardhin,ī,
vivala,,
vivalita,,
viva,,
vivācya,,
vivādādhyāsita,,
vivādānugata,,
vivādāspadībhūta,,
vivādin,ī,
vivārin,ī,
vivāsana,,
vivāsa,,
vivāsita,,
vivāsya,,
vivāhakāma,,
vivāhayitavya,,
vivāhita,,
vivāhya,,
viviktaga,,
viviktacarita,,
viviktatarka,,
viviktabhāva,,
viviktavarṇa,,
viviktaśaraṇa,,
viviktasevin,ī,
vivikta,,
viviktāsana,,
viviktīkṛta,,
vivigna,,
vividhacitra,,
vividhabhaṅgīka,,
vividhāgama,,
vividhopalabhūṣita,,
vividhopeta,,
vivibhaktika,,
vivivadha,,
vivīvadha,,
vivṛkṇa,,
vivṛkta,,
vivṛtadvāra,,
vivṛtapauruṣa,,
vivṛtabhāva,,
vivṛta,,
vivṛtānana,,
vivṛtāsya,,
vivṛttadaṃṣṭra,,
vivṛtta,,
vivṛttākṣa,,
vivṛttāṅga,,
vivṛttāsya,,
vivṛttipūrva,,
vivṛddhamatsara,,
vivṛddha,,
vivṛddhikara,,
vivṛddhida,,
vivekaja,,
vivekajña,,
vivekadīpaka,ikā,
vivekaparipanthin,ī,
vivekabhraṣṭa,,
vivekarahita,,
vivekaviguṇa,,
vivekaviśada,,
vivekaviśrānta,,
vivekin,ī,
vivektavya,,
vivecaka,,
vivecana,ī,
vivecanīya,,
vivecita,,
vivecya,,
vivejita,,
viveṣṭita,,
vivyathita,,
vivyādhin,ī,
vivrata,,
viśakala,,
viśakalita,,
viśaṅkanīya,,
viśaṅka,,
viśaṅkita,,
viśaṅkin,ī,
viśaṅkya,,
viśadaprajña,,
viśadaprabha,,
viśadānana,,
viśadita,,
viśapha,,
viśabdita,,
viśampa,,
viśayin,ī,
viśaraṇa,,
viśara,,
viśalyakaraṇa,ī,
viśalyaghna,,
viśalyaprāṇahara,,
viśalya,,
viśasana,ī,
viśasita,,
viśasta,,
viśastra,,
viśa,,
viśākhaka,ikā,
viśātana,ī,
viśāpa,,
viśāyin,ī,
viśālakulasambhava,,
viśālakula,,
viśālaphalaka,ikā,
viśālākṣa,ī,
viśālīya,,
viśikha,,
viśikhānupraveśanīya,,
viśita,,
viśipriya,,
viśiraska,,
viśira,,
viśiṣṭakula,,
viśiṣṭatama,,
viśiṣṭatara,,
viśiṣṭaliṅga,,
viśiṣṭavarṇa,,
viśiṣṭa,,
viśiṣya,,
viśīrṇadhāra,,
viśīrṇa,,
viśīrya,,
viśīla,,
viśuddhakaraṇa,,
viśuddhadhiṣaṇa,,
viśuddhadhīra,,
viśuddhabhāva,,
viśuddhamugdha,,
viśuddhavaṃśya,,
viśuddhasattvapradhāna,,
viśuddhasattvavijñāna,,
viśuddhasattva,,
viśuddha,,
viśuṣka,,
viśūla,,
viśṛṅkhala,,
viśṛṅga,,
viśeṣaka,,
viśeṣagarhaṇīya,,
viśeṣajña,,
viśeṣaṇaśeṣaṇīya,,
viśeṣaṇa,,
viśeṣadṛśya,,
viśeṣaramaṇīya,,
viśeṣaśālin,ī,
viśeṣastha,,
viśeṣārthin,ī,
viśeṣita,,
viśeṣin,ī,
viśeṣya,,
viśoṇita,,
viśodhana,ī,
viśodhanīya,,
viśodhita,,
viśodhin,ī,
viśodhya,,
viśobhita,,
viśoṣaṇa,,
viśoṣita,,
viśoṣin,ī,
viśya,,
viśyāparṇa,,
viśrabdhakārya,,
viśrabdhapralāpin,ī,
viśrabdhasupta,,
viśrabdha,,
viśramita,,
viśrambhaṇīya,,
viśrambhasaṃsupta,,
viśrambhin,ī,
viśrayin,ī,
viśrāṇika,,
viśrāṇita,,
viśrāntakatha,,
viśrāntakarṇayugala,,
viśrāntapuṣpodgama,,
viśrāntavigrahakatha,,
viśrāntavilāsa,,
viśrāntavaira,,
viśrānta,,
viśrita,,
viśruta,,
viśrutābhijana,,
viślatha,,
viślathāṅga,,
viślathita,,
viśliṣṭatara,,
viśliṣṭa,,
viśleṣaṇa,,
viśleṣita,,
viśleṣin,ī,
viśloka,,
viśvaṃkara,,
viśvaṃtara,,
viśvakarma,,
viśvaka,,
viśvakāya,,
viśvakṛta,,
viśvagata,,
viśvagandha,,
viśvagūrta,,
viśvagocara,,
viśvagotra,,
viśvagotrya,,
viśvacakṣaṇa,,
viśvacakṣa,,
viśvacandra,,
viśvajanīna,,
viśvajanīya,,
viśvajayin,ī,
viśvajinva,,
viśvataspṛtha,,
viśvatṛpta,,
viśvatomukha,,
viśvatovīrya,,
viśvatohasta,,
viśvadarśata,,
viśvadāva,,
viśvadāvya,,
viśvadṛṣṭa,,
viśvadevanetra,,
viśvadevabhakta,,
viśvadeva,,
viśvadevya,,
viśvadhara,,
viśvadhārin,ī,
viśvanara,,
viśvanāthīya,,
viśvapācaka,,
viśvapādaśirogrīva,,
viśvapāvana,ī,
viśvapūjita,,
viśvapūjya,,
viśvaprabodha,,
viśvapsnya,,
viśvabhadra,,
viśvabhava,,
viśvabhāvana,,
viśvabhāva,,
viśvabhūta,,
viśvabheṣaja,ī,
viśvamaya,ī,
viśvamānuṣa,,
viśvamejaya,,
viśvamohana,,
viśvarūpatama,,
viśvarūpadhara,,
viśvarūpamaya,ī,
viśvarūpin,ī,
viśvaliṅga,,
viśvavārya,,
viśvavikhyāta,,
viśvavijayin,ī,
viśvavinna,,
viśvaviśruta,,
viśvaviśva,,
viśvavisārin,ī,
viśvavyāpaka,,
viśvavyāpin,ī,
viśvaśārada,,
viśvasattama,,
viśvasanīya,,
viśvasambhava,,
viśvasaha,,
viśvasahāya,,
viśvasākṣin,ī,
viśvasitavya,,
viśvasita,,
viśvasaubhaga,,
viśvastaghātaka,,
viśvastaghātin,ī,
viśvastavañcaka,,
viśvasta,,
viśvākṣa,,
viśvāṅga,,
viśvāṅgya,,
viśvātīta,,
viśvātmaka,,
viśvānara,,
viśvābhirakṣaṇa,,
viśvāmitrapurīya,,
viśvāmṛta,,
viśvāyana,,
viśvāsakāraka,ikā,
viśvāsaghātaka,,
viśvāsaghātin,ī,
viśvāsaparama,,
viśvāsapratipanna,,
viśvāsaprada,,
viśvāsamaya,ī,
viśvāsikatara,,
viśvāsika,,
viśvāsita,,
viśvāsin,ī,
viśvāsyatara,,
viśvāsya,,
viṣakṛta,,
viṣakta,,
viṣaghātaka,,
viṣaghātin,ī,
viṣaghna,ī,
viṣaṅgin,ī,
viṣaja,,
viṣajihva,,
viṣajuṣṭa,,
viṣajjita,,
viṣaṇṇamukha,ī,
viṣaṇṇavadana,,
viṣaṇṇa,,
viṣatulya,,
viṣada,,
viṣadāyaka,ikā,
viṣadāyaka,,
viṣadāyin,ī,
viṣadigdha,,
viṣadūṣaṇa,ī,
viṣadoṣahara,,
viṣadhara,,
viṣanāśaka,ikā,
viṣanāśin,ī,
viṣanimitta,,
viṣapīta,,
viṣapuccha,ī,
viṣapuṣpaka,,
viṣapradigdha,,
viṣamakarṇa,,
viṣamaka,,
viṣamakriya,,
viṣamagata,,
viṣamanayana,,
viṣamanetra,,
viṣamamaya,ī,
viṣamaya,ī,
viṣamarāga,,
viṣamarūpya,,
viṣamarca,,
viṣamavyāptika,,
viṣamaśāyin,ī,
viṣamaśiṣṭa,,
viṣamaśīla,,
viṣamāśaya,,
viṣamita,,
viṣamīya,,
viṣamonnata,,
viṣamopala,,
viṣayaka,,
viṣayaparāṅmukha,,
viṣayapravaṇa,,
viṣayalolupa,,
viṣayavartin,ī,
viṣayavāsin,ī,
viṣayasaṅgaja,,
viṣayātmaka,,
viṣayānantara,,
viṣayārha,,
viṣayāsakta,,
viṣayin,ī,
viṣayīkṛta,,
viṣayībhūta,,
viṣayīya,,
viṣayaiṣin,ī,
viṣalaḍḍuka,,
viṣasecana,,
viṣaha,,
viṣahīna,,
viṣahṛdaya,,
viṣahya,,
viṣākta,,
viṣāṇaka,,
viṣāṇabhūta,,
viṣāṇin,ī,
viṣāṇonnāmitaskandha,,
viṣāṇollikhitaskandha,,
viṣādajanaka,,
viṣādana,,
viṣādārtavadana,,
viṣādita,,
viṣādin,ī,
viṣāntaka,,
viṣāpavādin,ī,
viṣāpaha,,
viṣāmṛtamaya,ī,
viṣāyin,ī,
viṣāsvāda,,
viṣikta,,
viṣitastupa,,
viṣita,,
viṣin,ī,
viṣībhūta,,
viṣuṇa,,
viṣudruha,,
viṣupta,,
viṣūcīna,,
viṣūcīnāgra,,
viṣolbaṇa,,
viṣkandhadūṣaṇa,,
viṣkabdha,,
viṣkabhita,,
viṣkambhaka,,
viṣkambhita,,
viṣkambhin,ī,
viṣṭakarṇa,,
viṣṭapahārin,ī,
viṣṭabdhagātra,,
viṣṭabdhacaraṇa,,
viṣṭabdha,,
viṣṭabdhākṣa,,
viṣṭabhita,,
viṣṭambhakara,,
viṣṭambhana,ī,
viṣṭambhita,,
viṣṭambhin,ī,
viṣṭarastha,,
viṣṭara,,
viṣṭarottara,,
viṣṭa,,
viṣṭārin,ī,
viṣṭīmin,ī,
viṣṭuta,,
viṣṭhāvrājin,ī,
viṣṭhita,,
viṣṇukramīya,,
viṣṇuja,,
viṣṇutulyaparākrama,,
viṣṇudatta,,
viṣṇudevatya,,
viṣṇudaivata,,
viṣṇudaivatya,,
viṣṇunyaṅga,,
viṣṇumaya,ī,
viṣṇumukha,,
viṣṇuvallabha,,
viṣṇvanuṣṭhita,,
viṣṇvanusthita,,
viṣpuliṅgaka,,
viṣyaṇṇa,,
viṣyandin,ī,
viṣya,,
viṣvakkaca,,
viṣvaksama,,
viṣvagañcana,,
viṣvagavekṣaṇa,,
viṣvaggata,,
viṣvagviluptacchada,,
viṣvagvṛta,,
viṣvadrīcīna,,
viṣva,,
visaṃkaṭa,,
visaṃgata,,
visaṃcārin,ī,
visaṃjñita,,
visaṃdhika,,
visaṃnāha,,
visaṃyukta,,
visaṃvādaka,,
visaṃvādita,,
visaṃvādin,ī,
visaṃśaya,,
visaṃṣṭhulagamana,,
visaṃṣṭhula,,
visaṃsarpin,ī,
visaṃsthita,,
visaṃsthula,,
visaṃhata,,
visadṛśaphala,,
visabhāga,,
visammūḍha,,
visara,,
visargin,ī,
visarjanīya,,
visarjayitavya,,
visarjita,,
visarjya,,
visarpakhinnavigraha,,
visarpaṇa,,
visarpin,ī,
visārathihayadhvaja,,
visārita,,
visāritāṅga,,
visārin,ī,
visira,ī,
visukṛta,,
visukha,,
visūta,,
visūtra,,
visūrya,,
visṛjya,,
visṛtaguṇa,,
visṛtabhūṣaṇa,,
visṛta,,
visṛtvara,ī,
visṛṣṭadhena,,
visṛṣṭa,,
visecaka,,
visoḍha,,
visaurabha,,
viskanna,,
viskhalita,,
vistaraṇīya,,
vistara,,
vistārita,,
vistārin,ī,
vistīrṇakarṇa,,
vistīrṇa,,
vistṛta,,
visthāna,,
vispaṣṭa,,
vispaṣṭārtha,,
vispṛkka,,
visphārita,,
visphīta,,
visphuṭa,,
visphuṭita,,
visphuṭīkṛta,,
visphura,,
visphuritavya,,
visphuritaśastra,,
visphurita,,
visphuritādhara,,
visphuritekṣaṇa,,
visphuliṅgaka,ikā,
visphūrjathuprakhya,,
visphūrjita,,
visphoṭa,,
visphorya,,
vismayaṃkara,,
vismayaṃgama,,
vismayakara,,
vismayakārin,ī,
vismayanīya,,
vismayaharṣamūla,,
vismaya,,
vismayākula,,
vismayānvita,,
vismayāviṣṭa,,
vismayin,ī,
vismayotphullanayana,,
vismaraṇīya,,
vismartavya,,
vismarya,,
vismāpaka,,
vismāpana,ī,
vismāpanīya,,
vismāpayanīya,,
vismāpin,ī,
vismārita,,
vismitamānasa,,
vismita,,
vismitānana,,
vismṛtapūrvasaṃskāra,,
vismṛtasaṃskāra,,
vismṛta,,
vismera,,
visyandin,ī,
visraṃsana,,
visraṃsitakeśabandhana,,
visraṃsitasitāṃśuka,,
visraṃsita,,
visraṃsin,ī,
visraka,,
visragandha,,
visravanmiśra,,
visrastapauṃsna,,
visrastabandhana,,
visrastavasana,,
visrastaśiroruhāmbara,,
visrastasragvibhūṣaṇa,,
visrastahāra,,
visrasta,,
visrastāṅga,,
visrasya,,
visra,,
visrāvitavya,,
visrāvita,,
visrāvya,,
visruta,,
visvara,,
visvāda,,
vihaṃgama,,
vihaṃga,,
vihagopaghuṣṭa,,
vihata,,
vihantavya,,
viharaṇīya,,
viharṣa,,
vihavya,,
vihasita,,
vihasta,,
vihastita,,
vihāpita,,
vihāyasāgāmin,ī,
vihāraka,ikā,
vihārin,ī,
vihāsa,,
vihiṃsaka,,
vihiṃsita,,
vihitakṣaṇa,,
vihitadurgaracana,,
vihitapratiṣiddha,,
vihitayajña,,
vihita,,
vihitendriya,,
vihitrima,,
vihīnavarṇa,,
vihīna,,
vihīnita,,
vihṛta,,
viheṭhaka,,
vihradin,ī,
vihruta,,
vihvarita,,
vihvalacetana,,
vihvalalocana,,
vihvalasālasāṅga,ī,
vihvalahṛdaya,,
vihvalākṣa,ī,
vihvalāṅga,,
vihvalitasarvāṅga,,
vihvalita,,
vihvalīkṛta,,
vihvāruka,,
vīkṛḍa,,
vīkṣaṇīya,,
vīkṣāpanna,,
vīkṣitavya,,
vīkṣita,,
vīkṣya,,
vīṅgita,,
vījita,,
vīṭamukha,,
vīḍita,,
vīḍujambha,,
vīḍuharṣin,ī,
vīḍvaṅga,,
vīṇārava,,
vīṇāla,,
vīṇāhasta,,
vīṇin,ī,
vītakalmaṣa,,
vītakāma,,
vītaghṛṇa,,
vītacinta,,
vītajanmajarasa,,
vītatama,,
vītatṛṣṇa,,
vītadambha,,
vītamatsara,,
vītamala,,
vītamoha,,
vītarāgabhayakrodha,,
vītarāga,,
vītavāra,,
vītaviṣa,,
vītavrīḍa,,
vītaśaṅka,,
vītaśokabhaya,,
vītaśokabhayābādha,,
vītaśoka,,
vītaspṛha,,
vītahavya,,
vītahiraṇmaya,,
vīta,,
vītihotra,,
vītoccayabandha,,
vītottara,,
vītta,,
vīthīkṛta,,
vīdhrasamṛddha,,
vīdhra,,
vīdhrya,,
vīndra,,
vīndvarka,,
vīpa,,
vīrakāma,,
vīrajanana,,
vīrajāta,,
vīratara,,
vīrapuruṣaka,,
vīramaya,ī,
vīramānin,ī,
vīrammanya,,
vīrayogavaha,,
vīrayogasaha,,
vīralīla,,
vīravakṣaṇa,,
vīravākyamaya,ī,
vīravrata,,
vīraśāyin,ī,
vīraśuṣma,,
vīrasamanvita,,
vīrastha,,
vīrasthāyin,ī,
vīrahaṇa,ī,
vīriṇamiśra,,
vīreṇya,,
vīryakāma,,
vīryakṛta,,
vīryaga,,
vīryaja,,
vīryatama,,
vīryamatta,,
vīryavattama,,
vīryavattara,,
vīryavāhin,ī,
vīryavirahita,,
vīryaviśiṣṭa,,
vīryavṛddhikara,,
vīryaśālin,ī,
vīryasampanna,,
vīryasammita,,
vīryahīna,,
vīryānvita,,
vīryāvadhūta,,
vīvadhika,ī,
vīṣita,,
vīłita,,
vuḍita,,
vūrṇa,,
vṛkagartīya,,
vṛkaprekṣin,ī,
vṛkodaramaya,ī,
vṛkṇa,,
vṛkta,,
vṛkṣakeśa,,
vṛkṣagulmāvṛta,,
vṛkṣacara,,
vṛkṣajātīya,,
vṛkṣada,,
vṛkṣanāma,,
vṛkṣamaya,ī,
vṛkṣamūlaniketana,,
vṛkṣamūlika,,
vṛkṣaropin,ī,
vṛkṣaśūnya,,
vṛkṣastha,,
vṛkṣasthāyin,ī,
vṛkṣasthita,,
vṛkṣeśaya,,
vṛkṣottha,,
vṛjanya,,
vṛjika,,
vṛjya,,
vṛḍha,,
vṛtaṃcaya,,
vṛta,,
vṛttaka,,
vṛttacūḍa,,
vṛttajña,,
vṛttatuṇḍa,,
vṛttapīna,,
vṛttapratyabhijña,,
vṛttabandhojjhita,,
vṛttayukta,,
vṛttavaktra,,
vṛttaśastra,,
vṛttaśālin,ī,
vṛttaślāghin,ī,
vṛttasaṃketa,,
vṛttasampanna,,
vṛttasādin,ī,
vṛttahīna,,
vṛtta,,
vṛttānupūrva,,
vṛttānuvartin,ī,
vṛttānusārin,ī,
vṛttāntadarśin,ī,
vṛttānta,,
vṛttāntānveṣaka,,
vṛttāyatabhuja,,
vṛttikara,ī,
vṛttikarṣita,,
vṛttikṣīṇa,,
vṛttida,,
vṛttistha,,
vṛttotsava,,
vṛttyarthabodhaka,ikā,
vṛtya,,
vṛtrakhāda,,
vṛtrahaṃtama,,
vṛtraha,,
vṛthākulasamācāra,,
vṛthājāta,,
vṛthāpakva,,
vṛthāpalita,,
vṛthāpaśughna,,
vṛthāpratijña,,
vṛthābhoga,,
vṛthāliṅgin,ī,
vṛthāvādin,ī,
vṛthāvṛddha,,
vṛthāvrata,,
vṛthāsaṃkarajāta,,
vṛthāsuta,,
vṛthokta,,
vṛthotpanna,,
vṛthodyama,,
vṛddhaka,,
vṛddhagārga,ī,
vṛddhagārgīya,,
vṛddhatama,,
vṛddhadvijarūpin,ī,
vṛddhavṛṣṇa,,
vṛddhavṛṣṇiya,,
vṛddhavega,,
vṛddhaśīlin,ī,
vṛddhasena,,
vṛddhasevin,ī,
vṛddha,,
vṛddhikara,ī,
vṛddhijīvaka,,
vṛddhijīvana,,
vṛddhopasevin,ī,
vṛddhyājīva,,
vṛddhyājīvin,ī,
vṛddhyupajīvin,ī,
vṛndamaya,ī,
vṛndara,,
vṛnda,,
vṛndāra,,
vṛndin,ī,
vṛndiṣṭha,,
vṛścadvana,,
vṛścita,,
vṛṣakāma,,
vṛṣakṛta,,
vṛṣacyuta,,
vṛṣaṇaśva,,
vṛṣaṇa,ī,
vṛṣadaṃśamukha,,
vṛṣadanta,,
vṛṣadhūta,,
vṛṣanādin,ī,
vṛṣapāṇa,,
vṛṣabhacarita,,
vṛṣabhara,,
vṛṣabhaṣoḍaśa,,
vṛṣabhaskandha,,
vṛṣabha,,
vṛṣabhākṣa,,
vṛṣabhānna,,
vṛṣaratha,,
vṛṣalapācaka,,
vṛṣalayājaka,,
vṛṣalīphenapīta,,
vṛṣavrata,,
vṛṣavrāta,,
vṛṣaśīla,,
vṛṣaśuṣma,,
vṛṣasava,,
vṛṣasena,,
vṛṣaskandha,,
vṛṣākṣa,,
vṛṣāśīla,,
vṛṣṭa,,
vṛṣṭikara,ī,
vṛṣṭikāma,,
vṛṣṭijīvana,,
vṛṣṭitādita,,
vṛṣṭimaya,ī,
vṛṣṇya,,
vṛṣya,,
vegaghna,,
vegavattama,,
vegavattara,,
vegavāhin,ī,
vegavirodhin,ī,
vegasampanna,,
vegita,,
vegin,ī,
vegodagra,,
vejita,,
veṇavin,ī,
veṇikavāhin,ī,
veṇībhūta,,
veṇukīya,,
veṇuja,,
veṇudārin,ī,
veṇumaya,ī,
veṇuvādyaviśārada,,
veṇuvaidala,,
vetanajīvin,ī,
vetanin,ī,
vetasaparikṣipta,,
vetasamaya,ī,
vetasamālin,ī,
vetālakarmajña,,
vetrakīya,,
vetralatāmaya,ī,
vetravyāsaktahasta,,
vetrāsanāsīna,,
vetrin,ī,
vetrīya,,
vedaka,ikā,
vedakuśala,,
vedagata,,
vedagupta,,
vedaguhya,,
vedajña,,
vedadarśin,ī,
vedadala,,
vedadṛṣṭa,,
vedana,,
vedanīya,,
vedapāṭhaka,,
vedapāṭhin,ī,
vedabāhya,,
vedamaya,ī,
vedamūla,,
vedayajñamaya,ī,
vedaya,,
vedayitavya,,
vedavādarata,,
vedavādin,ī,
vedavāhana,,
vedavikraya,,
vedavikrayin,ī,
vedavidyātmaka,,
vedavidyāvratasnāta,,
vedaviplāvaka,,
vedavihita,,
vedavedāṅgatattvajña,,
vedavedāṅgapāraga,,
vedavedāṅgavigrahin,ī,
vedavrataparāyaṇa,,
vedavrata,,
vedavratin,ī,
vedaśāstrasampanna,,
vedasaṃnyāsin,ī,
vedasaṃsthita,,
vedasammata,,
vedasammita,,
vedahīna,,
vedāgnyutsādin,ī,
vedādirūpa,,
vedādhyayin,ī,
vedādhyāya,,
vedādhyāyin,ī,
vedāntagamya,,
vedāntaniṣṭha,,
vedāntavādin,ī,
vedāntābhihita,,
vedāntibruva,,
vedāntopagata,,
vedāśra,,
veditavya,,
vedin,ī,
vedipratiṣṭha,,
vediṣṭha,,
veduka,,
vedokta,,
vedodita,,
veddhavya,,
vedya,,
vedyupoṣaṇa,,
vedhanīya,,
vedhamaya,ī,
vedhastama,,
vedha,,
vedhita,,
vedhin,ī,
vedhya,,
vena,ī,
venya,,
vepathuparīta,,
vepanakara,,
vepana,,
vepa,ī,
vepiṣṭha,,
vemana,,
vemanya,,
veya,,
velaja,,
velākula,,
velākūla,,
velātiga,,
velāna,,
velāhīna,,
vella,,
vellita,,
vellitāgra,,
veśaka,,
veśayamana,,
veśin,ī,
veśobhagīna,,
veśobhagya,,
veśmaka,,
veśya,,
veśyāyatta,,
veṣadhara,,
veṣadhārin,ī,
veṣa,,
veṣādhika,,
veṣṭaka,,
veṣṭanīya,,
veṣṭayitavya,,
veṣṭitavya,,
veṣṭita,,
veṣṭitin,ī,
veṣṭuka,,
veṣṭya,,
veṣya,,
vaiṃśatika,ī,
vaikaṅkata,ī,
vaikathika,,
vaikayatavidha,,
vaikara,,
vaikartana,,
vaikarya,,
vaikalpika,ī,
vaikārika,ī,
vaikālika,ī,
vaikālīna,ī,
vaikira,,
vaikughāsīya,,
vaikuṭyāsīya,,
vaikuṇṭhīya,,
vaikṛta,ī,
vaikṛtāpaha,,
vaikṛtika,ī,
vaikṛtya,,
vaikriya,,
vaikṣa,,
vaikhānasa,ī,
vaikhāraka,,
vaigrahika,ī,
vaighasika,,
vaicakila,ī,
vaicitravīryaka,,
vaicchandasa,,
vaijagdhaka,,
vaijanana,,
vaijayika,ī,
vaijayin,ī,
vaijāpakaka,,
vaijāpaka,,
vaijñānika,ī,
vaiḍūryamaya,ī,
vaiṇava,ī,
vaiṇavin,ī,
vaiṇuka,,
vaiṇukīya,,
vaiṇukeya,ī,
vaitaṇḍika,,
vaitanika,ī,
vaitaraṇa,ī,
vaitasaka,,
vaitasa,ī,
vaitasta,,
vaitastika,,
vaitastya,,
vaitānakuśala,,
vaitānastha,,
vaitāna,ī,
vaitānika,ī,
vaitānika,,
vaitāla,ī,
vaitālīya,,
vaittapālya,,
vaitraka,ī,
vaitrakīya,ī,
vaidagdhaka,,
vaidata,,
vaidarbhaka,,
vaidarbha,ī,
vaidala,ī,
vaidalika,,
vaida,ī,
vaidārika,,
vaidika,ī,
vaidiśa,ī,
vaidula,,
vaiduṣa,,
vaidūrya,ī,
vaideśikanivāsin,ī,
vaideśika,ī,
vaideśya,,
vaidehaka,,
vaideha,ī,
vaidehīmaya,ī,
vaidyaka,,
vaidyaprajñapta,,
vaidyamānin,ī,
vaidya,,
vaidyādhara,ī,
vaidyuta,,
vaidruma,,
vaidharmika,,
vaidhasa,ī,
vaidha,ī,
vaidhātra,ī,
vaidhika,ī,
vaidheya,,
vainatīya,,
vainada,,
vainayika,ī,
vaināyaka,ī,
vaināśika,,
vaineya,,
vaindhya,,
vaipathaka,,
vaipaśyata,ī,
vaipādika,,
vaipāśaka,,
vaipuṣpita,,
vaiprakarṣika,,
vaiprayogika,,
vaipraśnika,,
vaipruṣa,,
vaibādhapraṇutta,,
vaibudha,ī,
vaibhakta,,
vaibhagnaka,,
vaibhājana,,
vaibhājitra,,
vaibhātika,,
vaibhāvara,,
vaibhāṣika,,
vaibhītaka,,
vaibhīta,,
vaibhīdaka,,
vaibhīṣaṇa,,
vaibhujāgnaka,,
vaibhūtika,,
vaimatāyanaka,,
vaimatika,,
vaimattāyanaka,,
vaimattāyana,,
vaimada,ī,
vaimana,,
vaimanya,,
vaima,,
vaimātra,,
vaimātreya,,
vaimānika,ī,
vaimukta,,
vaimṛdha,ī,
vaimṛdhya,,
vaiyalkaśa,,
vaiyavahārika,,
vaiyasana,,
vaiyākaraṇa,,
vaiyākṛta,,
vaiyāghrapadya,,
vaiyāghraparicchada,,
vaiyāghra,,
vaiyāghrya,,
vaiyāta,,
vaiyāpada,,
vaiyāpṛtyakara,,
vaiyāvṛttikara,,
vaiyāvṛttyakara,,
vaiyāvṛttya,,
vaiyāsa,,
vaiyāsika,ī,
vaiyuṣṭa,,
vairaṃkara,,
vairakara,,
vairakāraka,ikā,
vairakāra,,
vairakārin,ī,
vairakhaṇḍin,ī,
vairaṅgika,,
vairaṇaka,,
vairambhaka,,
vairambha,,
vairarakṣin,ī,
vaira,,
vairāgika,,
vairāgin,ī,
vairājagarbha,,
vairājapṛṣṭha,,
vairāja,,
vairāṭa,,
vairāṇakīya,,
vairānubandha,,
vairānubandhin,ī,
vairiñca,ī,
vairiṇa,,
vairin,ī,
vairūpagarbha,,
vairūpapṛṣṭha,,
vairūpa,,
vairekīya,,
vairecana,,
vairecanika,,
vaireya,,
vairocana,,
vairodhaka,,
vairodhika,,
vailasthānaka,,
vaila,ī,
vailepika,,
vaivakṣika,,
vaivasvata,ī,
vaivasvatīya,,
vaivāha,,
vaivāhika,ī,
vaivāhya,,
vaivṛtta,,
vaiśanta,ī,
vaiśampāyanīya,,
vaiśasa,,
vaiśastra,,
vaiśākha,ī,
vaiśārada,ī,
vaiśālaka,,
vaiśāla,,
vaiśālika,,
vaiśālīya,,
vaiśika,ī,
vaiśikha,,
vaiśeṣika,ī,
vaiśeṣin,ī,
vaiśmika,,
vaiśmīya,,
vaiśyadhvaṃsin,ī,
vaiśyarata,,
vaiśya,,
vaiśyāja,,
vaiśrambhaka,,
vaiśravaṇa,ī,
vaiśleṣika,ī,
vaiśvakathika,,
vaiśvakarmaṇa,ī,
vaiśvajanīna,,
vaiśvajita,,
vaiśvadeva,ī,
vaiśvadevāgnimāruta,,
vaiśvadevika,,
vaiśvadevya,,
vaiśvadha,,
vaiśvadhenavabhakta,,
vaiśvamānavabhakta,,
vaiśvarūpa,,
vaiśvarūpya,,
vaiśvalopa,ī,
vaiśvavyacasa,,
vaiśva,ī,
vaiśvānarajyeṣṭha,,
vaiśvānaramukha,,
vaiśvānara,ī,
vaiśvānarīya,,
vaiśvāmitra,ī,
vaiśvāmitrika,,
vaiśvāsika,ī,
vaiṣayika,ī,
vaiṣuvata,ī,
vaiṣuvatīya,,
vaiṣkira,,
vaiṣṭapa,,
vaiṣṭuta,,
vaiṣṇavavāruṇa,ī,
vaiṣṇava,ī,
vaiṣṇavya,,
vaiṣṇāvaruṇa,ī,
vaiṣṇugupta,,
vaiṣṇuvāruṇa,ī,
vaisargika,,
vaisarjanahomāya,,
vaisarpa,,
vaisarpika,,
vaistārika,,
vaisvarya,,
vaihaṃga,,
vaihaga,ī,
vaihāyasa,ī,
vaihārika,,
vaihārya,,
voḍhavya,,
voḍha,,
voda,,
vodra,ī,
vyaṃśuka,,
vyaṃsayitavya,,
vyaṃsa,,
vyaṃsita,,
vyakṛḍa,,
vyaktatāraka,,
vyaktadarśana,,
vyaktadṛṣṭārtha,,
vyaktamaya,ī,
vyaktamāricika,,
vyaktarasa,,
vyaktarūpin,ī,
vyaktalavaṇa,,
vyaktavikrama,,
vyakta,,
vyaktāvadhūta,,
vyaktodita,,
vyagrapuraṃdhrivarga,,
vyagrahasta,,
vyaṅkuśa,,
vyaṅga,,
vyaṅgāra,,
vyaṅgārin,ī,
vyaṅgita,,
vyaṅgin,ī,
vyacaskāma,,
vyaciṣṭha,,
vyañjaka,ikā,
vyañjana,,
vyañjanodaya,,
vyañjanopadha,,
vyañjitavṛttibheda,,
vyañjita,,
vyatikara,,
vyatikarita,,
vyatikīrṇa,,
vyatikṛta,,
vyatikramin,ī,
vyatikrānta,,
vyatigata,,
vyaticumbita,,
vyatibhinna,,
vyatimiśra,,
vyatimūḍha,,
vyatiyāta,,
vyatirikta,,
vyatirekin,ī,
vyatiropita,,
vyatilaṅghin,ī,
vyatividdha,,
vyatiśaṅkita,,
vyatiṣakta,,
vyatiṣaṅgin,ī,
vyatiṣañjita,,
vyatiṣikta,,
vyatītakāla,,
vyatīta,,
vyatyayaga,,
vyatyasta,,
vyathaka,,
vyathana,,
vyathanīya,,
vyathākara,,
vyathākula,,
vyathākrānta,,
vyathātura,,
vyathānvita,,
vyathārahita,,
vyathitavya,,
vyathita,,
vyadhana,,
vyadhikaraṇapada,,
vyadhikaraṇa,,
vyadhyasira,,
vyadhya,,
vyadhvara,,
vyanta,,
vyapakṛṣṭa,,
vyapagata,,
vyapatrapa,,
vyapadiṣṭa,,
vyapadeśaka,,
vyapadeśin,ī,
vyapadeśya,,
vyapanīta,,
vyapaneya,,
vyapayāta,,
vyaparopita,,
vyapaviddhabṛśīmaṭha,,
vyapaviddha,,
vyapavṛkta,,
vyapākṛta,,
vyapāśraya,,
vyapāśrita,,
vyapekṣaka,,
vyapekṣaṇīya,,
vyapekṣita,,
vyapekṣya,,
vyapetakalmaṣa,,
vyapetaghṛṇa,,
vyapetadhairya,,
vyapetabhaya,,
vyapetamadamatsara,,
vyapetaharṣa,,
vyapeta,,
vyapoḍha,,
vyapoḍhābhra,,
vyapohaka,,
vyapohya,,
vyabhicārabhāva,,
vyabhicāravivarjita,,
vyabhicārin,ī,
vyabhraja,,
vyamla,,
vyayakara,ī,
vyayaka,,
vyayagata,,
vyayaguṇa,,
vyayaparāṅmukha,ī,
vyayamāna,,
vyayaśālin,ī,
vyayaśīla,,
vyayasaha,,
vyaya,,
vyayitavya,,
vyayita,,
vyayin,ī,
vyayīkṛta,,
vyayībhūta,,
vyarka,,
vyarṇa,,
vyarṇṇa,,
vyarthaka,,
vyarthanāmaka,,
vyarthayatna,,
vyardhuka,,
vyalīka,,
vyalkaśa,,
vyavakalita,,
vyavakīrṇa,,
vyavagaḍha,,
vyavagṛhīta,,
vyavacārayitavya,,
vyavacchinna,,
vyavacchedaka,,
vyavacchedya,,
vyavatiṣṭhamāna,,
vyavadāta,,
vyavadīrṇa,,
vyavadhāyaka,ikā,
vyavadhūta,,
vyavadheya,,
vyavabhāsita,,
vyavalokita,,
vyavavadya,,
vyavasāyadvitīya,,
vyavasāyavartin,ī,
vyavasāyātmaka,,
vyavasāyin,ī,
vyavasita,,
vyavasta,,
vyavasthātivartin,ī,
vyavasthāna,,
vyavasthāpaka,,
vyavasthāpanīya,,
vyavasthāpita,,
vyavasthāpya,,
vyavasthitaviṣaya,,
vyavasthita,,
vyavahartavya,,
vyavahārajña,,
vyavahārayitavya,,
vyavahārābhiśasta,,
vyavahārāyogya,,
vyavahārin,ī,
vyavahārya,,
vyavahita,,
vyavahṛta,,
vyavahriyamāṇa,,
vyavānin,ī,
vyavāyin,ī,
vyaveta,,
vyaśvasārathyāyudha,,
vyaśva,,
vyasanaprasāritakara,,
vyasanaprahārin,ī,
vyasanarakṣin,ī,
vyasanasaṃsthita,,
vyasanātibhāra,,
vyasanānvita,,
vyasanāpluta,,
vyasanārta,,
vyasanin,ī,
vyasanodaya,,
vyastakeśa,ī,
vyastanyāsa,,
vyastapuccha,,
vyastarātriṃdiva,,
vyasta,,
vyastikākṛta,,
vyasthaka,,
vyahna,,
vyākaraṇasiddha,,
vyākaraṇātmaka,,
vyākīrṇakeśara,,
vyākīrṇamālyakavara,,
vyākīrṇa,,
vyākuñcita,,
vyākulacitta,,
vyākulamānasa,,
vyākulamūrdhaja,,
vyākulalocana,,
vyākulaveṣṭana,,
vyākulahṛdaya,,
vyākulālāpa,,
vyākulitacetana,,
vyākulitahṛdaya,,
vyākulita,,
vyākulitin,ī,
vyākulitendriya,,
vyākulīkṛta,,
vyākulībhūta,,
vyākulendriya,,
vyākṛta,,
vyākṛṣṭa,,
vyākoca,,
vyākośakohanada,,
vyākośa,,
vyākrośaka,,
vyākṣiptahṛdaya,,
vyākṣipta,,
vyākṣepin,ī,
vyākhyātavya,,
vyākhyāta,,
vyākhyānayogya,,
vyākhyāna,ī,
vyākhyeya,,
vyāghaṭṭita,,
vyāghātaka,,
vyāghātin,ī,
vyāghārita,,
vyāghuṣṭa,,
vyāghūrṇita,,
vyāghracarmamaya,,
vyāghrajambhana,,
vyāghrapratīka,,
vyāghravaktra,,
vyāghrākṣa,,
vyāghrāsya,,
vyāghrya,,
vyācikhyāsita,,
vyājapūrva,,
vyājamaya,ī,
vyājahata,,
vyājihma,,
vyāḍa,,
vyāḍīya,,
vyātta,,
vyāttānana,,
vyāttāsya,,
vyādāya,,
vyādita,,
vyāditāsya,,
vyādiṣṭa,,
vyādīrgha,,
vyādīrṇa,,
vyādhikara,,
vyādhighna,ī,
vyādhidharmin,ī,
vyādhin,ī,
vyādhipīḍita,,
vyādhibahula,,
vyādhisamuddeśīya,,
vyādhuta,,
vyādhūta,,
vyādhya,,
vyādhyārta,,
vyānata,,
vyānaddha,,
vyānamra,,
vyānaśin,ī,
vyāpaka,ikā,
vyāpanīya,,
vyāpannacitta,,
vyāpanna,,
vyāparita,,
vyāpādaka,,
vyāpādanīya,,
vyāpādayitavya,,
vyāpādita,,
vyāpādya,,
vyāpāraka,,
vyāpārakāraka,,
vyāpārakārin,ī,
vyāpārarodhin,ī,
vyāpārin,ī,
vyāpita,,
vyāpin,ī,
vyāpīta,,
vyāpṛta,,
vyāptatama,,
vyāpta,,
vyāptāntara,,
vyāpyamāna,,
vyāpya,,
vyābhagna,,
vyābhāṣaka,,
vyābhāṣita,,
vyābhugna,,
vyāmamātra,ī,
vyāmiśra,,
vyāmūḍha,,
vyāmṛṣṭatilaka,,
vyāmṛṣṭa,,
vyāmohitacitta,,
vyāmohita,,
vyāmohin,ī,
vyāmya,,
vyāyatapātin,ī,
vyāyata,,
vyāyāmakarśita,,
vyāyāmaśīla,,
vyāyāmika,ī,
vyāyāmin,ī,
vyāyuka,,
vyāyudha,,
vyāyojima,,
vyārabdha,,
vyārta,,
vyālambahasta,,
vyālamba,,
vyālambin,ī,
vyāla,,
vyālīna,,
vyālībhūta,,
vyālūna,,
vyāloḍita,,
vyālola,,
vyāvartaka,ikā,
vyāvartana,ī,
vyāvartanīya,,
vyāvartita,,
vyāvartya,,
vyāvalgita,,
vyāvahārika,ī,
vyāvahārya,,
vyāviddha,,
vyāvidha,,
vyāvṛta,,
vyāvṛtkāma,,
vyāvṛttakautūhala,,
vyāvṛttadeha,,
vyāvṛttasarvendriyārtha,,
vyāvṛtta,,
vyāvṛttendriya,,
vyāśraya,,
vyāsakta,,
vyāsaṅgin,ī,
vyāsajyaceta,,
vyāsasamāsin,ī,
vyāsiddha,,
vyāsīya,,
vyāhata,,
vyāhantavya,,
vyāhartavya,,
vyāhāramaya,ī,
vyāhārin,ī,
vyāhṛtasaṃdeśa,,
vyāhṛta,,
vyāhṛtipūrvaka,,
vyucchinna,,
vyucya,,
vyuta,,
vyutkrāntajīvita,,
vyutkrāntadharma,,
vyutkrānta,,
vyutta,,
vyutthāpita,,
vyutthitacitta,,
vyutthitacittendriya,,
vyutthita,,
vyutpattirahita,,
vyutpanna,,
vyutpādaka,,
vyutpādya,,
vyudasta,,
vyuda,,
vyudita,,
vyunmiśra,,
vyupadrava,,
vyuparata,,
vyupavīta,,
vyupaśānta,,
vyupaskara,,
vyuptakeśa,,
vyuptajaṭākalāpa,,
vyupta,,
vyuṣita,,
vyuṣṭa,,
vyūḍhakaṅkaṭa,,
vyūḍha,,
vyūḍhoraska,,
vyūta,,
vyūhana,,
vyūhita,,
vyūłha,,
vyṛddha,,
vyailaba,,
vyomaga,,
vyomagāmin,ī,
vyomacara,,
vyomacārin,ī,
vyomapāda,,
vyomavyāpin,ī,
vyomastha,,
vyomaikāntavihārin,ī,
vrajita,,
vrajin,ī,
vrajya,,
vraṇakārin,ī,
vraṇamaya,ī,
vraṇayita,,
vraṇayukta,,
vraṇaviropaṇa,,
vraṇaśoṣin,ī,
vraṇaha,,
vraṇita,,
vraṇin,ī,
vraṇila,,
vraṇya,,
vratacārin,ī,
vratadaṇḍin,ī,
vratadhārin,ī,
vrataprada,,
vratamiśra,,
vratayitavya,,
vratavisarjana,ī,
vratavisarjanīyopayoga,,
vratasamāpana,ī,
vratasthita,,
vratasnātaka,,
vratasnāta,,
vrata,,
vratādānīya,,
vratāśa,,
vratin,ī,
vratopāyanīya,,
vratopeta,,
vratya,,
vrandin,ī,
vraścanaprabhava,,
vraścana,,
vraṣṭavya,,
vrāṇa,,
vrātajīvana,,
vrātapata,ī,
vrātapatīya,,
vrātabhṛta,ī,
vrātamaya,ī,
vrātasāha,,
vrātīna,,
vrātya,,
vrīḍānata,,
vrīḍānvita,,
vrīḍita,,
vrīṇa,,
vrīlasa,,
vrīhika,,
vrīhidrauṇika,,
vrīhin,ī,
vrīhimaya,ī,
vrīhimukha,,
vrīhila,,
vrīhivāpin,ī,
vruḍita,,
vraiha,,
vraihika,,
vraiheya,,
vlīna,,
vleṣkahata,,
śaṃkara,ī,
śaṃkarīya,,
śaṃga,,
śaṃtama,,
śaṃya,,
śaṃsanīya,,
śaṃsa,,
śaṃsita,,
śaṃsin,ī,
śaṃstavya,,
śaṃstha,,
śaṃsya,,
śakaṭika,,
śakaṭin,ī,
śakaṭīmukha,ī,
śakaṭīśakaṭa,,
śakadhūmaja,,
śakapūta,,
śakamaya,ī,
śakambhara,,
śakalāṅguṣṭhaka,,
śakalita,,
śakalīkṛta,,
śakalībhūta,,
śakalyeṣin,ī,
śakita,,
śakunajña,,
śakuna,,
śakunāhṛta,,
śakura,,
śakṛtkāra,,
śakta,,
śaktikara,,
śaktija,,
śaktijña,,
śaktidhara,,
śaktin,ī,
śaktiprakarṣa,,
śaktimaya,ī,
śaktivaibhavika,,
śaktiṣṭha,,
śaktihīna,,
śaktihetika,,
śaktyapekṣa,,
śaktyavara,,
śakna,,
śakyatama,,
śakyapratikāra,,
śakyarūpa,,
śakyaśaṅka,,
śakrarūpa,,
śakrānalākhya,,
śakla,,
śakvarīpṛṣṭha,,
śaṅkanīya,,
śaṅkavya,,
śaṅkākula,,
śaṅkātaṅkita,,
śaṅkānvita,,
śaṅkābhiyoga,,
śaṅkāmaya,ī,
śaṅkāśīla,,
śaṅkāspṛṣṭa,,
śaṅkāhīna,,
śaṅkitavya,,
śaṅkita,,
śaṅkin,ī,
śaṅkukarṇamukha,,
śaṅkukarṇa,ī,
śaṅkukarṇin,ī,
śaṅkumukha,ī,
śaṅkura,,
śaṅkuśravaṇa,,
śaṅkuṣṭha,,
śaṅkya,,
śaṅkhacakragadādhara,,
śaṅkhapuṣpīśṛta,,
śaṅkhabhinna,ī,
śaṅkhalikhita,,
śaṅkhāntaradyotin,ī,
śaṅkhin,ī,
śaṭa,,
śaṭhodarka,,
śaṇagaura,,
śaṇatāntava,ī,
śaṇamaya,ī,
śaṇasūtramaya,ī,
śaṇṭha,,
śataṃhima,,
śataka,ikā,
śatakāṇḍa,,
śatakhaṇḍamaya,ī,
śatakhaṇḍa,,
śataga,,
śataguṇa,,
śataguṇita,,
śataguṇībhūta,,
śatagva,ī,
śatagvin,ī,
śataghnin,ī,
śatacakra,,
śatacandra,,
śatacandrita,,
śatajihva,,
śatajīvin,ī,
śatatantrīka,,
śatatardma,,
śatadakṣiṇa,,
śatadaṇḍārha,,
śatada,,
śatadāya,,
śatadhanya,,
śatadhauta,,
śatanītha,,
śatapattranivāsa,,
śatapattra,,
śatapattrāyatekṣaṇa,,
śatapatha,,
śatapathika,ī,
śatapathīya,,
śatapāka,,
śatapākya,,
śatapātin,ī,
śataputra,,
śataprada,,
śatabaddha,,
śatabradhna,,
śatabrāhmaṇaghātaja,,
śatamaya,,
śatamānadakṣiṇa,,
śatamāna,,
śatamāya,,
śatamukha,,
śatayajñopalakṣaka,,
śatayajñopalakṣita,,
śatayāyin,ī,
śatayudha,,
śatarudriya,,
śatarudrīya,,
śatarūpa,,
śatalocana,,
śatavarṣasahasrin,ī,
śatavarṣin,ī,
śatavalśa,,
śatavāra,,
śatavārṣika,ī,
śatavicakṣaṇa,,
śatavitṛṇṇa,,
śatavīrya,,
śatavṛṣṇya,,
śataśalāka,,
śataśārada,,
śataśīrṣarudraśamanīya,,
śataśīrṣa,,
śataśṛṅga,,
śatasaṃkhya,,
śatasaṃdhāna,,
śatasaṃvatsara,,
śatasahasraka,ikā,
śatasahasrānta,,
śatasāhasrasaṃkhya,,
śatasāhasrasammita,,
śatasāhasra,ī,
śatasāhasrika,,
śatasvin,ī,
śatahasta,,
śatahāyana,,
śatahuta,,
śatākṣa,ī,
śatāgniṣṭoma,,
śatāgra,,
śatāṅga,,
śatābja,,
śatābda,,
śatāmagha,,
śatārgha,,
śatārdhasaṃkhya,,
śatārdhāra,,
śatārha,,
śatāvaya,,
śatāvarta,,
śatāśva,,
śatika,,
śatin,ī,
śatendriya,,
śataikīya,,
śatokthya,,
śatodara,,
śatodyāma,,
śatonmāna,,
śatya,,
śatruṃtapa,,
śatruṃdama,,
śatruṃsaha,,
śatrukarśana,,
śatrukarṣaṇa,,
śatrugha,,
śatrughāta,,
śatrughna,,
śatrujaya,,
śatrutāpana,,
śatrudamana,,
śatrunandana,,
śatrunāśana,,
śatrunibarhaṇa,,
śatrupakṣa,,
śatrubādhaka,,
śatrubādhana,,
śatrumardana,,
śatrurūpa,,
śatrulāva,,
śatruvala,,
śatrusaha,,
śatrusāha,,
śatrusevin,ī,
śatruha,,
śatrūpajāpadūṣita,,
śanairmehin,ī,
śanaiścara,,
śanta,,
śannamala,,
śanna,,
śapathajambhana,ī,
śapathayāvana,ī,
śapathayopana,ī,
śapathya,,
śapanatara,,
śapita,,
śapta,,
śapya,,
śaphacyuta,,
śapharīya,,
śabara,,
śabalaka,,
śabalacetana,,
śabalahṛdaya,,
śabalita,,
śabalīkṛta,,
śabdakarmaka,,
śabdakāra,,
śabdakārin,ī,
śabdakriya,,
śabdagata,,
śabdaga,,
śabdacitra,,
śabdaja,,
śabdana,,
śabdanīya,,
śabdapātin,ī,
śabdabāṇāgravedhin,ī,
śabdabrahmamaya,ī,
śabdabhedin,ī,
śabdamaya,ī,
śabdarahita,,
śabdavedha,,
śabdavedhin,ī,
śabdavedhya,,
śabdaśeṣa,,
śabdasaṃjña,,
śabdasādhana,,
śabdasāha,,
śabdākhyeya,,
śabdātīta,,
śabdādidharmin,ī,
śabdānukaraṇa,,
śabdārthārambhaṇa,,
śabdāla,,
śabdita,,
śabdin,ī,
śabdopātta,,
śamaka,,
śamana,ī,
śamanīya,,
śamapara,,
śamapradhāna,,
śamaprāpta,,
śamavihāra,,
śamavyasanin,ī,
śamaśama,,
śamastha,,
śama,,
śamātmaka,,
śamānvita,,
śamitavya,,
śamita,,
śamitāyāma,,
śamin,ī,
śamiṣṭha,,
śamījāta,,
śamīmaya,ī,
śamīlūna,,
śamba,,
śambākṛta,,
śambhava,,
śambhaviṣṭha,,
śambha,,
śamya,,
śamyāparāsin,ī,
śamyāmātra,,
śayaṇḍabhakta,,
śayaṇḍa,,
śayanatalagata,,
śayanavidha,,
śayanastha,,
śayana,,
śayanīya,,
śayanīyāśrita,,
śayāṇḍabhakta,,
śayāṇḍa,ī,
śayānaka,,
śayāna,,
śayitavya,,
śayita,,
śayyāgata,,
śayyātara,ī,
śayyāsanastha,,
śaraka,,
śarakuṇḍeśaya,,
śaraja,,
śarajālamaya,ī,
śaraṇaṃgata,,
śaraṇaprada,,
śaraṇa,,
śaraṇāgata,,
śaraṇāpanna,,
śaraṇārthin,ī,
śaraṇārpaka,,
śaraṇaiṣin,ī,
śaratkāntimaya,ī,
śaratkālīna,,
śaratprāvṛṣika,,
śarada,,
śaradija,,
śaradgata,,
śarapuccha,ī,
śaramaya,ī,
śaravarṣin,ī,
śaravyavyadha,,
śarāsanin,ī,
śarin,ī,
śarīraka,ikā,
śarīrayogaja,,
śarīravṛtta,,
śarīrastha,,
śarīrāntakara,,
śarīrāntaracārin,ī,
śarīrābhyadhika,,
śarīrin,ī,
śareja,,
śarogṛhīta,,
śarkarakarṣin,ī,
śarkaraka,,
śarkaravarṣin,ī,
śarkarākarṣin,ī,
śarkarāla,,
śarkarāvarṣin,ī,
śarkarika,,
śarkarin,ī,
śarkarila,,
śarkarīkṛta,,
śarkarīya,,
śarkāra,ī,
śarkura,,
śardhaṃjaha,,
śardhamāna,,
śardha,,
śardhya,,
śarmakāma,,
śarmakārin,ī,
śarmaṇyadeśīya,,
śarmaṇya,,
śarmada,,
śarmaprada,,
śarmin,ī,
śarvara,,
śarśarīka,,
śalalita,,
śala,,
śalākāstha,,
śalākin,ī,
śalāluka,ī,
śalkamaya,ī,
śalkayuta,,
śalkalin,ī,
śalyapīḍita,,
śalyaprota,,
śalyabhūta,,
śalyāpanayanīya,,
śallakāṅgaja,,
śavagandhin,ī,
śavadhara,,
śavabhūta,,
śavaśatamaya,ī,
śavaśirodhvaja,,
śavasāna,,
śavasin,ī,
śavāsthimālika,,
śaśamātra,ī,
śaśamāna,,
śaśayāna,,
śaśāṅkakānta,,
śaśāṅkakiraṇaprakhya,,
śaśāṅkārdhamukha,,
śaśāṅkita,,
śaśāda,,
śaśiprabha,,
śaśimaya,ī,
śaśimukha,,
śaśivaṃśaja,,
śaśivimala,,
śaśisaṃnibha,,
śaśvattama,,
śaṣpatulya,,
śaṣpāda,,
śaṣpiñjara,,
śasa,,
śastakeśaka,,
śastavya,,
śasta,,
śastokta,,
śastrakuśala,,
śastrakṣata,,
śastragrāhaka,,
śastragrāhin,ī,
śastraghuṣṭakara,,
śastrajīvin,ī,
śastradhara,,
śastradhārin,ī,
śastranitya,,
śastranidhana,,
śastraniryāṇa,,
śastrapūta,,
śastramaya,ī,
śastravārtta,,
śastravihita,,
śastravraṇamaya,ī,
śastraśikhin,ī,
śastrahata,,
śastrākhya,,
śastrājīva,ī,
śastrātiga,,
śastrānta,,
śastrāyudha,,
śastrin,ī,
śastrīśyāma,,
śasya,,
śāṃkara,ī,
śāṃtanava,ī,
śāṃśapaka,,
śāṃśapa,ī,
śāṃśapāyanaka,ikā,
śāṃśapāsthala,,
śākajambuka,,
śākaṭa,ī,
śākaṭika,,
śākaṭīkarṇa,,
śākaṭīna,,
śākabhakṣa,,
śākambharīya,,
śākalaka,ikā,
śākalahomīya,,
śākala,,
śākalika,ī,
śākavarṇa,,
śākaviḍambaka,,
śāka,,
śākāśana,,
śākāhāra,,
śākina,,
śākin,ī,
śākīya,,
śākuna,ī,
śākuna,,
śākunika,,
śākuneya,,
śākulika,,
śākṛtka,,
śākendra,,
śākta,,
śāktika,ī,
śāktīka,,
śākya,,
śākra,ī,
śākrīya,,
śākvaragarbha,,
śākvarapṛṣṭha,,
śākvara,,
śākhāda,,
śākhāntaga,,
śākhāntarīya,,
śākhāmaya,ī,
śākhāmṛgagaṇāyuta,,
śākhāvilīna,,
śākhāstha,,
śākhin,ī,
śākhīya,,
śākhya,,
śāṅkupathika,,
śāṅkhalikhita,,
śāṅkha,ī,
śāṅkhāyana,,
śāṅkhika,ī,
śāṅkhya,,
śācipūjana,,
śāṭya,,
śāṭyāyana,ī,
śāṇapramaṇa,,
śāṇa,ī,
śāṇika,,
śāṇita,,
śāṇḍikya,,
śāṇḍila,,
śāṇḍilyasūtrīya,,
śāṇḍilya,,
śāṇḍilyāyanaka,,
śātakumbhamaya,ī,
śātakumbha,,
śātakaumbhamaya,ī,
śātakaumbha,,
śātakratava,ī,
śātana,ī,
śātapata,,
śātapattra,,
śātapatha,ī,
śātabhiṣaja,ī,
śātabhiṣa,ī,
śātamanyava,ī,
śātamāna,ī,
śātarātrika,,
śātaśikha,,
śātahrada,,
śāta,,
śātātapīya,,
śātita,,
śātin,ī,
śātodara,ī,
śātrava,ī,
śātravīya,,
śādaharita,,
śādvala,,
śādvalin,ī,
śānita,,
śānīya,,
śānaiścara,,
śāntaka,,
śāntakrodha,,
śāntaguṇa,,
śāntajvara,,
śāntatoya,,
śāntadevatya,,
śāntamala,,
śāntaraya,,
śāntarava,,
śāntarūpa,,
śāntalābha,,
śāntavivāda,,
śāntahṛdaya,,
śānta,,
śāntikara,,
śāntika,,
śāntikāma,,
śāntikārin,ī,
śāntida,,
śāntiyukta,,
śāntivācana,,
śāntodara,,
śāpagrasta,,
śāpaja,,
śāpaparikṣata,,
śāpaprada,,
śāpamukta,,
śāpayantrita,,
śāpasamāyukta,,
śāpita,,
śābarajambuka,,
śābara,,
śābalīya,,
śābda,ī,
śābdika,,
śāmana,,
śāma,,
śāmitra,,
śāmīla,ī,
śāmbara,ī,
śāmbhava,ī,
śāmbhavīya,,
śāmya,,
śāmyāka,ī,
śāyaka,ikā,
śāyaṇḍāyanabhakta,,
śāyayitavya,,
śāya,,
śāyin,ī,
śāyyika,,
śāraṇika,,
śāratalpika,,
śāratka,,
śārada,ī,
śāradika,,
śāradin,ī,
śāradīna,,
śārāva,ī,
śārikukṣa,,
śārita,,
śārīraka,,
śārīrakīya,,
śārīra,ī,
śārīrika,,
śāruka,,
śārkaraka,,
śārkara,ī,
śārkarika,,
śārkarin,ī,
śārkarīdhāna,,
śārkoṭa,,
śārṅgajagdha,ī,
śārṅga,ī,
śārdūlajyeṣṭha,,
śārdūlamṛgasevita,,
śārdūlasamavikrama,,
śārmaṇa,,
śārvarika,,
śārvavarmika,,
śārva,ī,
śālakaṭaṅkaṭa,,
śālaka,,
śālapuṣpanibha,,
śālapuṣpamaya,ī,
śālabhañjikāprakhya,,
śālabha,,
śālamaya,ī,
śālasaṃkāśa,,
śāla,,
śālāturīya,,
śālādvārya,,
śālāmukhīya,,
śālāluka,,
śālāśraya,,
śālāstha,,
śālika,,
śāliñca,ī,
śālita,,
śālin,ī,
śālihotrajña,,
śālīnatvavarjita,,
śālīnaśīla,,
śālīya,,
śālūkikīya,,
śāleya,ī,
śālmalika,,
śālvaka,ikā,
śālvāyana,,
śāva,,
śāśaka,,
śāśa,,
śāśādanaka,,
śāśvatamandira,,
śāśvata,ī,
śāśvatika,,
śāṣkula,,
śāṣkulika,,
śāṣpaka,,
śāsanadūṣaka,,
śāsanadhara,,
śāsanaparāṅmukha,ī,
śāsanavartin,ī,
śāsanavāhaka,,
śāsanahara,,
śāsanahāraka,,
śāsanahārin,ī,
śāsana,ī,
śāsanīya,,
śāsahasta,,
śāsitavya,,
śāsita,,
śāsin,ī,
śāstṛka,,
śāstrakovida,,
śāstracāraṇa,,
śāstrajña,,
śāstratattvajña,,
śāstradarśin,ī,
śāstradṛṣṭa,,
śāstranetra,,
śāstravarjita,,
śāstravidhānokta,,
śāstravipratiṣiddha,,
śāstravimukha,,
śāstraviruddha,,
śāstrasiddha,,
śāstrānuṣṭhita,,
śāstrānvita,,
śāstrābhijña,,
śāstrika,,
śāstrita,,
śāstrin,ī,
śāstrīya,,
śāstrokta,,
śāsya,,
śikyākṛta,,
śikyita,,
śikyoduta,,
śikva,,
śikṣaka,,
śikṣaṇīya,,
śikṣākṣara,,
śikṣācāra,,
śikṣānara,,
śikṣitavya,,
śikṣita,,
śikṣitākṣara,,
śikṣitāyudha,,
śikṣitukāma,,
śikṣin,ī,
śikṣuka,,
śikṣeṇya,,
śikṣya,,
śikhaṇḍin,ī,
śikhara,,
śikharin,ī,
śikharisama,,
śikhāgradanta,,
śikhājaṭa,,
śikhādhara,,
śikhāmārjita,,
śikhāmuṇḍa,,
śikhālambin,ī,
śikhāvala,,
śikhin,ī,
śiṅghāṇa,,
śiṅghita,,
śiñjadvalayasubhaga,,
śiñjānabhramara,,
śiñjāna,,
śiñjita,,
śiñjin,ī,
śita,,
śitikakuda,,
śitikakṣa,,
śitikaṇṭhaka,,
śitikaṇṭha,,
śitiṅga,,
śitipāda,,
śitiprabha,,
śitirandhra,,
śitilalāṭa,,
śitivāra,,
śitivāla,,
śityaṃsa,,
śityoṣṭha,,
śithilapīḍita,,
śithilaprayatna,,
śithilabala,,
śithilitajya,,
śithilitamṛṇāla,,
śithilita,,
śithilīkṛta,,
śithilībhūta,,
śipita,,
śipiviṣṭa,,
śiprin,ī,
śibhra,,
śimbāta,,
śiraḥkapālin,ī,
śiraḥkampin,ī,
śiraḥstha,,
śiraḥsthita,,
śiraḥsnāta,,
śirasita,,
śiraska,,
śirasnāta,,
śirasya,,
śirīṣika,,
śirogata,,
śirodharaṇīya,,
śirodhārya,,
śiropasthāyin,ī,
śiromātrāvaśeṣa,,
śirovartin,ī,
śirovāhya,,
śirovirecana,,
śilāghana,,
śilāja,,
śilāmaya,ī,
śilāvarṣin,ī,
śilāśita,,
śilāsana,,
śilāhārin,ī,
śilīpṛṣṭha,,
śilībhūta,,
śilīmukha,,
śileya,,
śiloñchin,ī,
śilottha,,
śilodbhava,,
śiloraska,,
śilpavidhānadṛṣṭa,,
śilpa,,
śilpika,,
śilpin,ī,
śivaṃkara,ī,
śivakara,ī,
śivajña,,
śivatama,,
śivatara,,
śivadāyin,ī,
śivapriya,,
śivamaya,ī,
śivarūpa,,
śivavallabha,,
śivaśaktimaya,ī,
śivasamarasa,,
śivākhya,,
śivātmaka,ikā,
śivāpara,,
śivābhimarśana,,
śivetara,,
śiśaya,,
śiśiratara,,
śiśiramathita,,
śiśirita,,
śiśukrandīya,,
śiśudeśya,,
śiśupramāṇa,,
śiśnodaraparāyaṇa,,
śiśnodarambhara,,
śiśvidāna,,
śiṣṭasammata,,
śiṣṭa,,
śiṣṭācāraviruddha,,
śiṣṭācāra,,
śiṣṭācārāviruddha,,
śiṣṭācīrṇa,,
śiṣṭāṇuśiṣṭa,,
śiṣṭādiṣṭa,,
śiṣṭāśana,,
śiṣṭāśin,ī,
śiṣyapradeya,,
śiṣyarūpin,ī,
śiṣya,,
śīkaravarṣin,ī,
śīkarārdra,,
śīkarin,ī,
śīkaraugha,,
śīkita,,
śīghrakārin,ī,
śīghrakṛtya,,
śīghrakopin,ī,
śīghragaṅga,,
śīghragamana,,
śīghragāmin,ī,
śīghracāra,,
śīghracetana,,
śīghrajava,,
śīghratara,,
śīghraparākrama,,
śīghrapātin,ī,
śīghrapāyin,ī,
śīghrabodha,,
śīghrayāna,,
śīghrayāyin,ī,
śīghralaṅghana,,
śīghravāhin,ī,
śīghravikrama,,
śīghravega,,
śīghravedhin,ī,
śīghrasaṃcārin,ī,
śīghrāstra,,
śīghrin,ī,
śīghriya,,
śīghrīya,,
śīghrya,,
śītakara,,
śītaka,ikā,
śītakālīna,,
śītabudhna,,
śītabhīta,,
śītabhīruka,,
śītabhojin,ī,
śītamaya,ī,
śītamūlaka,,
śītamehin,ī,
śītaramya,,
śītarasika,,
śītalacchada,,
śītalatara,,
śītalaprada,,
śītalavātaka,,
śītalasparśa,,
śītavalka,,
śītavīrya,,
śītasaṃsparśa,,
śītasaha,,
śītasparśa,,
śītahara,,
śītahrada,,
śītākula,,
śītāṅga,ī,
śītārta,,
śītībhūta,,
śītetara,,
śītkārin,ī,
śītkṛtin,ī,
śītya,,
śīna,,
śīpālila,,
śīphara,,
śībhara,,
śībhya,,
śīra,,
śīrṇaka,,
śīrṇadanta,,
śīrṇapattra,,
śīrṇaparṇaphala,,
śīrṇaparṇa,,
śīrṇaparṇāśin,ī,
śīrṇamūla,,
śīrṇa,,
śīrta,,
śīrya,,
śīrṣakastha,,
śīrṣaka,,
śīrṣacchinna,,
śīrṣacchedya,,
śīrṣabhārika,ī,
śīrṣarogin,ī,
śīrṣahārya,,
śīrṣāvaśeṣīkṛta,,
śīrṣāhārya,,
śīrṣebhārika,,
śīrṣodaya,,
śīlagupta,,
śīlajña,,
śīlataṭa,,
śīlatulya,,
śīladhara,,
śīlamaya,ī,
śīlavarjita,,
śīlavṛttadhara,,
śīlavṛtta,,
śīlavṛddha,,
śīlavela,,
śīlaśālin,ī,
śīlasamādāna,,
śīlasampanna,,
śīlāḍhya,,
śīlika,,
śīlita,,
śīlin,ī,
śīlopasampanna,,
śukanāsa,,
śukapriya,,
śukarūpa,,
śukaharita,,
śukānana,,
śuktaka,,
śuktatiktakaṣāyaka,,
śuktasvara,,
śuktikarṇa,,
śukrakara,,
śukraja,,
śukradugha,,
śukrapa,,
śukrapṛṣṭha,,
śukramūtrala,,
śukramehin,ī,
śukrarūpa,,
śukrala,,
śukravaha,,
śukraśoca,,
śukrasāra,,
śukraharaṇa,ī,
śukriya,,
śuklakarṇa,,
śuklaka,,
śuklakeśa,,
śuklakṣīra,,
śukladaśana,,
śukladeha,,
śukladhvajapatākin,ī,
śuklapakṣīya,,
śuklapuṣpa,,
śuklabhāsvara,,
śuklamālyānulepana,,
śuklamehin,ī,
śuklarūpa,,
śuklala,,
śuklavṛtta,,
śuklāpara,,
śuklāmbaradhara,,
śuklāmbara,,
śuklīkṛta,,
śukletara,,
śuṅgin,ī,
śucadratha,,
śucikāma,,
śucikranda,,
śucicarita,,
śucijihva,,
śucita,,
śucin,ī,
śucipratīka,,
śucibāhya,,
śucimānasa,,
śucivarṇa,,
śucisamācāra,,
śucyakṣa,ī,
śucyadakṣa,ī,
śucyācāra,,
śucyupacāra,,
śuṇṭhākarṇa,,
śuddhakāṃsyamaya,ī,
śuddhadanta,,
śuddhabodha,,
śuddhabhāva,,
śuddharūpin,ī,
śuddhavarṇa,,
śuddhavāla,,
śuddhaveṣa,,
śuddhahasta,,
śuddha,,
śuddhādhivāsa,,
śuddhāntacara,,
śuddhāntacārin,ī,
śuddhābha,,
śuddhāvarta,,
śuddhāśaya,,
śuddhikara,ī,
śuddhitama,,
śuddhoda,,
śunapṛṣṭha,,
śunāsīrin,ī,
śunāsīrīya,,
śunāsīrya,,
śuniṃdhama,,
śuniṃdhaya,,
śuneṣita,,
śundhana,ī,
śunya,,
śubhaṃkara,,
śubhaṃbhāvuka,,
śubhakatha,,
śubhakara,,
śubhakāma,,
śubhaga,,
śubhajālihasta,,
śubhatara,,
śubhadanta,ī,
śubhadarśana,,
śubhadarśa,,
śubhada,,
śubhadāyin,ī,
śubhadārumaya,ī,
śubhadṛḍhavrata,,
śubhadhāraṇa,,
śubhaprada,,
śubhamaya,ī,
śubhalocana,,
śubhaśaṃsin,ī,
śubhaśīla,,
śubhasaṃyuta,,
śubhasamanvita,,
śubhāṅga,,
śubhāṅgin,ī,
śubhācāra,,
śubhātmaka,ikā,
śubhānana,,
śubhāna,,
śubhānvita,,
śubhārcita,,
śubhārthin,ī,
śubhāvaha,,
śubhāśaya,,
śubhāśubhaphala,,
śubhita,,
śubhekṣaṇa,,
śubhetara,,
śubhradanta,ī,
śubhrayāma,,
śubhraśastama,,
śumbhana,ī,
śumbhamāna,,
śumbhita,,
śulkagrāhaka,,
śulkagrāhin,ī,
śulkasaṃjña,,
śulkābhidhāna,,
śulkāvāpta,,
śulkopajīvin,ī,
śuśukvana,,
śuśumāragirīyaka,,
śuśumāragirīya,,
śuśrūṣaka,,
śuśrūṣāpara,,
śuśrūṣitavya,,
śuśrūṣin,ī,
śuśrūṣeṇya,,
śuśrūṣya,,
śuṣa,,
śuṣkaka,ikā,
śuṣkamukha,,
śuṣkala,ī,
śuṣkala,,
śuṣkavairin,ī,
śuṣkasrota,,
śuṣkāṅga,ī,
śuṣkāpa,,
śuṣkāsya,,
śuṣmada,,
śuṣmaya,,
śuṣmintama,,
śuṣmin,ī,
śūkin,ī,
śūkṛta,,
śūdrakalpa,,
śūdrakṛta,,
śūdrakṛtya,,
śūdraghna,,
śūdrapriya,,
śūdrabhikṣita,,
śūdrabhūyiṣṭha,,
śūdrabhojin,ī,
śūdrayājaka,,
śūdrayonija,,
śūdrārthayājaka,,
śūdrāvedin,ī,
śūdrocchiṣṭa,,
śūnagātra,,
śūna,,
śūnākṣa,,
śūnyaka,,
śūnyacitta,,
śūnyamūla,,
śūnyavyāpāra,,
śūnyaśarīra,,
śūnyahasta,,
śūnyahṛdaya,,
śūnyāgārakṛtālaya,,
śūnyaiṣa,ī,
śūragrāma,,
śūraṇa,,
śūratama,,
śūratara,,
śūramānin,ī,
śūramūrdhamaya,ī,
śūrammanya,,
śūravidya,,
śūravīra,,
śūra,,
śūrṇa,,
śūrta,,
śūrpakarṇapuṭa,,
śūrpakarṇa,,
śūrpagrāha,ī,
śūrpaṇāyīya,,
śūrpākāra,,
śūlaghna,,
śūladhara,,
śūladhārin,ī,
śūlapāṇin,ī,
śūlaprota,,
śūlastha,,
śūlahasta,,
śūlākṛta,,
śūlāgra,,
śūlāṅka,,
śūlādhiropita,,
śūlāvataṃsita,,
śūlika,,
śūlin,ī,
śūlodyatakara,,
śūlya,,
śūṣa,,
śūṣya,,
śṛṅkhalita,,
śṛṅgaja,,
śṛṅgaprahārin,ī,
śṛṅgamaya,ī,
śṛṅgāgrapraharaṇābhimukha,,
śṛṅgāraka,,
śṛṅgāradhārin,ī,
śṛṅgāraveṣa,,
śṛṅgāraveṣābharaṇa,,
śṛṅgāra,,
śṛṅgārita,,
śṛṅgārin,ī,
śṛṅgāraikarasa,,
śṛṅgiṇa,,
śṛṅgin,ī,
śṛṅgotpādana,,
śṛṅgya,,
śṛtaṃkṛta,,
śṛtaṃkṛtya,,
śṛtakāma,,
śṛtapāka,,
śṛtaśīta,,
śṛta,,
śṛtātaṅkya,,
śṛtoṣṇa,,
śṛddha,,
śekharita,,
śetya,,
śepaharṣaṇa,ī,
śevala,,
śeva,,
śevṛdha,,
śevya,,
śeṣakārita,,
śeṣabhūta,,
śeṣabhojin,ī,
śeṣarūpin,ī,
śeṣādhikārīya,,
śeṣin,ī,
śeṣya,,
śaikya,,
śaikyāyasamaya,ī,
śaikyāyasa,,
śaikṣa,ī,
śaikṣika,,
śaikṣyaguṇakrama,,
śaikṣya,,
śaikhaṇḍa,,
śaikhina,,
śaikhya,,
śaighra,,
śaityamaya,ī,
śaithilika,,
śaiphālika,,
śaiba,,
śaibika,,
śaibya,,
śaimbya,,
śairīṣaka,,
śairīṣika,,
śairṣacchedika,,
śairṣāyaṇa,,
śairṣya,,
śailakampin,ī,
śailaja,,
śailamaya,ī,
śailarugṇa,,
śailavanopapanna,,
śailasāra,,
śaila,ī,
śailābha,,
śailāsana,,
śailāsanodbhava,,
śailūṣaka,,
śailūṣika,ī,
śaileya,,
śaileyika,,
śailya,,
śaivapāśupata,,
śaivapura,,
śaivarūpya,,
śaivalita,,
śaivalin,ī,
śaiva,ī,
śaivālaka,,
śaivālina,,
śaivālin,ī,
śaivya,,
śaiśavayauvanīya,,
śaiśava,,
śaiśira,ī,
śaiśirāstra,,
śaiśirika,,
śaiśirīyaka,,
śaiśirīya,,
śaiśumāra,,
śaiṣika,ī,
śokakarṣita,,
śokaja,,
śokaduḥkhasamanvita,,
śokanāśana,,
śokanihata,,
śokaparāyaṇa,,
śokaparipluta,,
śokamaya,ī,
śokamūrchita,,
śokarugṇa,,
śokalālasa,,
śokavartavya,,
śokavikala,,
śokavināśana,,
śokavināśin,ī,
śokavivardhana,,
śokavihvala,,
śokasaṃtaptamānasa,,
śokasaṃtapta,,
śokasaṃvignamānasa,,
śoka,,
śokākula,,
śokāgnisaṃtapta,,
śokātiga,,
śokāntara,,
śokānvita,,
śokāpanuda,,
śokāpanoda,,
śokāpaha,,
śokābhibhūta,,
śokārta,,
śokāviṣṭa,,
śokaikamaya,ī,
śokotpādana,,
śokodbhava,,
śokopahata,,
śocana,,
śocanīya,,
śocitavya,,
śociṣkeśa,,
śociṣṭha,,
śocya,,
śoṭha,,
śoṇakarṇa,,
śoṇahaya,,
śoṇāyita,,
śoṇāśva,,
śoṇitapa,,
śoṇitabinduvarṣin,ī,
śoṇitamāṃsasāra,,
śoṇitamehin,ī,
śoṇitavarṇanīya,,
śoṇitavarṣin,ī,
śoṇitasāhvaya,,
śoṇitasnāta,,
śoṇita,,
śoṇitākhya,,
śoṇitādigdha,,
śoṇitārśin,ī,
śoṇitāśin,ī,
śoṇitokṣita,,
śoddhavya,,
śodhaka,ikā,
śodhana,,
śodhanīya,,
śodhayitavya,,
śodhita,,
śodhin,ī,
śodhya,,
śophita,,
śophin,ī,
śobhaka,ikā,
śobhanavāha,,
śobhanīya,,
śobha,,
śobhākara,,
śobhāmaya,ī,
śobhita,,
śobhin,ī,
śobhiṣṭha,,
śobhuśubha,,
śośucāna,,
śośucyamāna,,
śośubhyamāna,,
śoṣaka,,
śoṣaṇa,ī,
śoṣaṇīya,,
śoṣayitavya,,
śoṣa,,
śoṣita,,
śoṣin,ī,
śaukta,,
śauktika,,
śaukteya,,
śaukra,ī,
śaukla,,
śauṅgīya,,
śaucaka,,
śaucikarṇika,,
śaucin,ī,
śauṭīra,,
śauṇḍīra,,
śauddhākṣara,,
śaudra,,
śaudrāyaṇabhakta,,
śaunakīya,,
śauna,ī,
śaunāsīrya,,
śaunika,,
śaubhaneya,,
śaubhuśubha,,
śaubhrāyaṇabhakta,,
śaubhreya,ī,
śaurasena,ī,
śaurasenya,,
śaura,ī,
śaurpa,ī,
śaurpika,,
śauryavardhana,,
śauryonmādin,ī,
śauryopārjita,,
śauryaudaryaśṛṅgāramaya,ī,
śaulkaśālika,ī,
śaulka,ī,
śaulkika,,
śaulba,,
śauvana,,
śauvastika,ī,
śauva,ī,
śauva,,
śauvādaṃṣṭra,,
śauvāpada,,
śauvāvidha,,
śauṣkala,,
ścandra,,
ścutita,,
ścotanmayūkha,,
śnathana,,
śnathita,,
śmaśānagocara,,
śmaśānanilaya,,
śmaśānanivāsin,ī,
śmaśānavartin,ī,
śmaśānavāsin,ī,
śmaśānālayavāsin,ī,
śmaśānika,,
śmaśrujāta,,
śmaśruṇa,,
śmaśrudhara,,
śmaśrudhārin,ī,
śmaśruyajñopavītin,ī,
śmaśrula,,
śmāśānika,,
śmīlita,,
śyānapulina,,
śyāna,,
śyāparṇīya,,
śyāmakarṇa,,
śyāmaka,,
śyāmaphena,,
śyāmamukha,,
śyāmalaka,,
śyāmalita,,
śyāmavarṇa,,
śyāmākamuṣṭimpaca,,
śyāmāka,ī,
śyāmāṅga,,
śyāmāruṇa,,
śyāmita,,
śyāvaka,,
śyāvadantaka,,
śyāvadanta,,
śyāvanāyīya,,
śyāvākṣa,,
śyāvāśvastuta,,
śyāvāśva,,
śyāvāsya,,
śyetākṣa,ī,
śyenakapotīya,,
śyenacita,,
śyenajūta,,
śyenapāta,,
śyenabhṛta,,
śyenahṛta,,
śyena,,
śyenābhṛta,,
śyaina,,
śyainika,,
śyaineya,,
śraddadhāna,,
śraddhayita,,
śraddha,,
śraddhākṛta,,
śraddhādeva,,
śraddhānvita,,
śraddhāmaya,ī,
śraddhāyukta,,
śraddhārahita,,
śraddhāvitta,,
śraddhāvirahita,,
śraddhāsamanvita,,
śraddhita,,
śraddhin,ī,
śraddhiva,,
śraddhendriya,,
śraddheya,,
śranthita,,
śrapaṇīya,,
śrapayitavya,,
śrapita,,
śramakara,,
śramakarśita,,
śramakarṣita,,
śramaklānta,,
śramakhinna,,
śramaghna,,
śramapīḍita,,
śramamohita,,
śramavinayana,,
śramasaṃtāpakarṣita,,
śramasādhya,,
śramasiddha,,
śramādhāyin,ī,
śramāyukta,,
śramārta,,
śramin,ī,
śrayaṇīya,,
śrayitavya,,
śravaṇagocara,,
śravaṇapathagata,,
śravaṇaparuṣa,,
śravaṇaprāghuṇikīkṛta,,
śravaṇabhṛta,,
śravaṇamaya,ī,
śravaṇavidāraṇa,,
śravaṇaviṣayaprāpin,ī,
śravaṇasukha,,
śravaṇasubhaga,,
śravaṇahārin,ī,
śravaṇa,,
śravaṇīya,,
śravaskāma,,
śravasya,,
śrava,,
śravāyya,,
śraviṣṭha,,
śravya,,
śrāṇa,,
śrāta,,
śrāddhamitra,,
śrāddhasūtaka,,
śrāddha,ī,
śrāddhāhnika,,
śrāddhika,,
śrāddhin,ī,
śrāddhīya,,
śrāddhopayogin,ī,
śrāntaklānta,,
śrāntacitta,,
śrāntahṛdaya,,
śrānta,,
śrāntāgata,,
śrāpin,ī,
śrāyasa,,
śrāya,,
śrāvaka,ikā,
śrāvaṇa,ī,
śrāvaṇa,,
śrāvaṇika,,
śrāvaṇīya,,
śrāvayitavya,,
śrāvasteya,,
śrāvita,,
śrāvin,ī,
śrāviṣṭha,ī,
śrāviṣṭhīya,,
śrāvya,,
śritakṣama,,
śritasattva,,
śrita,,
śrīkaṇṭhīya,,
śrīkaraṇa,,
śrīkāma,,
śrīkhaṇḍaśītala,,
śrīgarbha,,
śrīta,,
śrīda,,
śrīpuṭoṣṭha,,
śrīmacchataśalākin,ī,
śrīmattama,,
śrīmanta,,
śrīmanmanya,,
śrīmaya,ī,
śrīyaśaskāma,,
śrīya,,
śrīyukta,,
śrīyuta,,
śrīrāṣṭramitrāyuṣkāma,,
śrīlakṣmaṇa,,
śrīvatsāṅka,,
śrīvṛkṣakin,ī,
śrīhara,,
śrutakāma,,
śrutadhara,,
śrutadhāraṇa,,
śrutanigadin,ī,
śrutapāraga,,
śrutaprakāśa,,
śrutamaya,ī,
śrutayukta,,
śrutaratha,,
śrutavadana,,
śrutavismṛta,,
śrutavṛttāḍhya,,
śrutavṛttopapanna,,
śrutaśālin,ī,
śrutaśīlasampanna,,
śrutaśīlopasampanna,,
śruta,,
śrutādhyayanasampanna,,
śrutānvita,,
śrutāmagha,,
śrutārtha,,
śrutikathita,,
śrutijātiviśārada,,
śrutitatpara,,
śrutidūṣaka,,
śrutinigadin,ī,
śrutin,ī,
śrutipathagata,,
śrutipathaprāpta,,
śrutipathamadhura,,
śrutipathāyāta,,
śrutimaya,ī,
śrutimukharamukha,,
śrutimukha,,
śrutimūlaka,,
śrutimṛgya,,
śrutivarjita,,
śrutivikrāyaka,,
śrutivipratipanna,,
śrutiviṣayaguṇa,,
śrutiviṣaya,,
śrutiśīla,,
śrutisukhada,,
śrutisukha,,
śrutisukhāvaha,,
śrutismṛtiviruddha,,
śrutismṛtivihita,,
śrutismṛtyudita,,
śrutihārin,ī,
śrutkarṇa,,
śrutya,,
śrutyukta,,
śrutyudita,,
śrūyamāṇa,,
śreṇikṛta,,
śreṇibaddha,,
śreṇīkṛta,,
śreṇībhūta,,
śreyaḥketa,,
śreyaskaratara,,
śreyaskara,ī,
śreyastara,,
śreyobhikāṅkṣin,ī,
śreyomaya,ī,
śreyorthin,ī,
śreṣṭhatama,,
śreṣṭhatara,,
śreṣṭhānvaya,,
śreṣṭhin,ī,
śraiṣṭhyatama,,
śroṇipratodin,ī,
śrotavya,,
śrotrajña,,
śrotranetramaya,ī,
śrotrapadānuga,,
śrotrapeya,,
śrotramaya,ī,
śrotraramya,,
śrotravādin,ī,
śrotrasukha,,
śrotrasparśin,ī,
śrotrasvin,ī,
śrotrahārin,ī,
śrotrahīna,,
śrotrānukūla,,
śrotrāpeta,,
śrotrābhirāma,,
śrotrāśayasukha,,
śrotriya,,
śroṣamāṇa,,
śrauta,ī,
śrautīya,,
śrautra,ī,
ślakṣṇaka,ikā,
ślakṣṇatara,,
ślakṣṇatīkṣṇāgra,,
ślakṣṇapiṣṭa,,
ślakṣṇarūpasamanvita,,
ślakṣṇavādin,ī,
ślathabandhana,,
ślathalambin,ī,
ślathaśila,,
ślatha,,
ślathāṅga,,
ślathādara,,
ślathodyama,,
ślākṣṇika,,
ślāghana,,
ślāghanīyatara,,
ślāghanīya,,
ślāghāvaha,,
ślāghita,,
ślāghin,ī,
ślāghiṣṭha,,
ślāghyatama,,
ślāghyatara,,
ślāghya,,
ślāghyānvaya,,
śliṣṭa,,
ślīpadin,ī,
ślīla,,
śleṣaka,,
śleṣaṇīya,,
śleṣabhittika,,
śleṣārtha,,
śleṣita,,
śleṣin,ī,
śleṣmakṛta,,
śleṣmaghna,,
śleṣmaja,,
śleṣmaṇa,,
śleṣmaduṣṭa,,
śleṣmabhava,,
śleṣmavidagdha,,
śleṣmasaṃghātaja,,
śleṣmahara,,
śleṣmātakamaya,ī,
śleṣmāntaka,,
śleṣmāpihitalocana,,
ślaiṣmika,ī,
ślokabaddha,,
ślokayantra,,
ślokin,ī,
ślokya,,
śvaḥśreyasa,,
śvakiṣkin,ī,
śvakrīḍin,ī,
śvagaṇika,ī,
śvagaṇin,ī,
śvagrahagṛhīta,,
śvajīvana,,
śvanin,ī,
śvabhakṣa,,
śvabhakṣya,,
śvabhojin,ī,
śvabhrita,,
śvayathukara,,
śvarūpadhārin,ī,
śvalehya,,
śvavṛttin,ī,
śvaśīrṣa,,
śvasanamanoga,,
śvasana,,
śvasaya,,
śvasāna,,
śvasita,,
śvastana,ī,
śvastya,,
śvaspṛṣṭa,,
śvahata,,
śvākarṇa,,
śvākunda,,
śvāgaṇika,ī,
śvātra,,
śvātrya,,
śvādaṃṣṭra,,
śvādanta,,
śvānta,,
śvāpadasevita,,
śvāpada,,
śvāpadācarita,,
śvāpākaka,,
śvāpuccha,,
śvābhastra,,
śvāyūthika,,
śvāvarāha,,
śvāvicchalalita,,
śvāvidgartīya,,
śvāśura,ī,
śvāsakāsin,ī,
śvāsahikkin,ī,
śvāsākula,,
śvāsika,,
śvāsita,,
śvāsin,ī,
śvita,,
śvitāna,,
śvitna,,
śvitnya,,
śvitya,,
śvitrahara,,
śvitra,,
śvitrin,ī,
śvitropakāśa,,
śvetakaṇṭhin,ī,
śvetaka,,
śvetakākīya,,
śvetakuṣṭha,,
śvetacchattra,,
śvetacchattrin,ī,
śvetanīla,,
śvetanyaṅga,,
śvetapakṣa,,
śvetapiṅgala,,
śvetapuṣpaka,,
śvetapuṣpa,ī,
śvetaprasūnaka,,
śvetamūtra,,
śvetarakta,,
śvetavarṇa,,
śvetavastrin,ī,
śvetavāhana,,
śvetavāha,,
śvetaśailamaya,ī,
śvetaśyāma,,
śvetāṃśuka,,
śvetāṇḍa,,
śvetānulepana,,
śvetānūkāśa,,
śvetāmbara,,
śvetāyin,ī,
śvetārdhavaktra,,
śvetāśva,,
śvetita,,
śvaitacchattrika,,
śvaitāṃśava,,
śvobhāvin,ī,
śvobhūta,,
śvovasīyasa,ī,
śvovasīya,,
śvovasyasa,,
śvovijayin,ī,
ṣaṭkapāla,,
ṣaṭkamāsika,,
ṣaṭkarṇa,,
ṣaṭkala,,
ṣaṭka,,
ṣaṭkulīya,,
ṣaṭkoṇa,,
ṣaṭkhaṇḍa,,
ṣaṭcatvāriṃśaka,,
ṣaṭcatvāriṃśa,ī,
ṣaṭcaraṇa,,
ṣaṭcitika,,
ṣaṭṭaya,,
ṣaṭtilin,ī,
ṣaṭtriṃśatka,,
ṣaṭtriṃśatsaṃvatsara,,
ṣaṭtriṃśatsahasra,,
ṣaṭtriṃśadaha,,
ṣaṭtriṃśadābdika,,
ṣaṭtriṃśadiṣṭaka,,
ṣaṭtriṃśadūna,,
ṣaṭtriṃśadrātra,,
ṣaṭtriṃśa,ī,
ṣaṭtriṃśika,,
ṣaṭpañcavarṣa,,
ṣaṭpañcāśattama,,
ṣaṭpañcāśa,,
ṣaṭpattra,,
ṣaṭpadajya,,
ṣaṭpada,,
ṣaṭpalika,,
ṣaṭpāda,,
ṣaṭputra,,
ṣaṭprajña,,
ṣaṭśata,,
ṣaṭṣaṣṭa,,
ṣaṭṣaṣṭitama,,
ṣaṭṣoḍaśin,ī,
ṣaṭsaptata,,
ṣaṭsaptatitama,,
ṣaṭsapta,,
ṣaṭsahasraśata,,
ṣaṭsahasra,,
ṣaḍaṃśa,,
ṣaḍakṣaramaya,ī,
ṣaḍakṣara,ī,
ṣaḍakṣa,,
ṣaḍaṅga,,
ṣaḍadhika,,
ṣaḍabhijñāta,,
ṣaḍara,,
ṣaḍaśīta,,
ṣaḍaśītitama,,
ṣaḍaśraka,,
ṣaḍaśra,,
ṣaḍaśva,,
ṣaḍānana,,
ṣaḍāyatana,,
ṣaḍāra,,
ṣaḍāhutika,,
ṣaḍiḍa,,
ṣaḍuttara,,
ṣaḍudyāma,,
ṣaḍupasatka,,
ṣaḍṛkṣa,,
ṣaḍgata,,
ṣaḍgavīya,,
ṣaḍguṇa,,
ṣaḍdarśana,,
ṣaḍdaśana,,
ṣaḍdevatya,,
ṣaḍdhāra,,
ṣaḍyoga,,
ṣaḍrada,,
ṣaḍrasa,,
ṣaḍvaktra,,
ṣaḍvargavaśya,,
ṣaḍvargika,,
ṣaḍvargīya,,
ṣaḍviṃśaka,,
ṣaḍviṃśatika,,
ṣaḍviṃśatitama,,
ṣaḍviṃśatima,,
ṣaḍviṃśatka,,
ṣaḍviṃśa,ī,
ṣaḍvidha,,
ṣaḍviṣāṇa,,
ṣaḍvṛṣa,,
ṣaṇḍhaveṣa,,
ṣaṇṇavata,,
ṣaṇṇavatitama,,
ṣaṇṇābhika,,
ṣaṇṇālika,,
ṣaṇmayūkha,,
ṣaṇmātra,,
ṣaṇmāsanicaya,,
ṣaṇmāsika,,
ṣaṇmāsya,,
ṣaṇmukha,,
ṣaṣṭa,,
ṣaṣṭika,,
ṣaṣṭikya,,
ṣaṣṭitama,,
ṣaṣṭitriśata,,
ṣaṣṭidakṣiṇa,,
ṣaṣṭidina,,
ṣaṣṭipathika,ī,
ṣaṣṭiyojana,,
ṣaṣṭivarṣin,ī,
ṣaṣṭisahasrin,ī,
ṣaṣṭisāhasra,,
ṣaṣṭihāyana,,
ṣaṣṭīṣṭaka,,
ṣaṣṭyadhika,,
ṣaṣṭhaka,,
ṣaṣṭhabhakta,,
ṣaṣṭhama,,
ṣaṣṭha,ī,
ṣaṣṭhānnakāla,,
ṣaṣṭhānnakālika,,
ṣaṣṭhāhnika,,
ṣaṣṭhin,ī,
ṣaṣṭhījāya,,
ṣa,,
ṣāṭkula,,
ṣāṭkauśika,,
ṣāṭpauruṣika,,
ṣāḍaṇḍaka,,
ṣāḍahika,,
ṣāḍguṇyaguṇavedin,ī,
ṣāḍguṇyasaṃyuta,,
ṣāḍrasika,,
ṣāḍvargika,,
ṣāṇḍaśa,ī,
ṣāṇmāsika,ī,
ṣāṇmāsya,,
ṣātvaṇatvika,,
ṣāṣṭika,,
ṣāṣṭipatha,,
ṣāṣṭha,,
ṣāṣṭhika,,
ṣoḍanta,,
ṣoḍaśakala,,
ṣoḍaśaka,,
ṣoḍaśagṛhīta,,
ṣoḍaśadala,,
ṣoḍaśapakṣaśāyin,ī,
ṣoḍaśabhuja,,
ṣoḍaśama,,
ṣoḍaśarājika,,
ṣoḍaśavarṣa,,
ṣoḍaśavidha,,
ṣoḍaśavistṛta,,
ṣoḍaśa,ī,
ṣoḍaśākṣara,,
ṣoḍaśākṣa,,
ṣoḍaśāṅga,,
ṣoḍaśāṅgulaka,,
ṣoḍaśāḍhakamaya,ī,
ṣoḍaśāra,,
ṣoḍaśika,,
ṣoḍaśin,ī,
ṣoḍa,,
ṣoḍhāvihita,,
ṣṭhīvana,,
ṣṭhīvin,ī,
ṣṭhevitavya,,
ṣṭhevin,ī,
ṣṭhevya,,
ṣṭhyūta,,
saṛṇa,,
saṛṣika,,
saṛṣirājanya,,
saṃkaṭanāśana,,
saṃkaṭamukha,,
saṃkaṭastha,,
saṃkaṭāpanna,,
saṃkaṭika,,
saṃkaṭin,ī,
saṃkaṭottīrṇa,,
saṃkathita,,
saṃkaraka,,
saṃkaraja,,
saṃkarajāta,,
saṃkarajātīya,,
saṃkarin,ī,
saṃkarṣaṇamaya,ī,
saṃkarṣa,,
saṃkarṣin,ī,
saṃkalita,,
saṃkalitin,ī,
saṃkalpaka,,
saṃkalpakulmala,,
saṃkalpaja,,
saṃkalpanāmaya,ī,
saṃkalpanīya,,
saṃkalpaprabhava,,
saṃkalpabhava,,
saṃkalpamūla,,
saṃkalparūpa,,
saṃkalpasambhava,,
saṃkalpasiddha,,
saṃkalpātmaka,,
saṃkalpita,,
saṃkasuka,,
saṃkīrṇacārin,ī,
saṃkīrṇa,,
saṃkīrtita,,
saṃkucita,,
saṃkuñcita,,
saṃkupita,,
saṃkulakaluṣa,,
saṃkulita,,
saṃkulīkṛta,,
saṃkusumita,,
saṃkṛtta,,
saṃkṛṣṭa,,
saṃkḷpta,,
saṃketamilita,,
saṃketita,,
saṃketīkṛta,,
saṃkocaka,,
saṃkocakārin,ī,
saṃkocana,ī,
saṃkocanīya,,
saṃkocapattraka,,
saṃkocin,ī,
saṃkrandana,,
saṃkramita,,
saṃkrānta,,
saṃkrāmayitavya,,
saṃkrāmita,,
saṃkrāmin,ī,
saṃkrīḍita,,
saṃkruddha,,
saṃklinna,,
saṃkliṣṭa,,
saṃkleda,,
saṃkṣayita,,
saṃkṣarita,,
saṃkṣiptadairghya,,
saṃkṣipta,,
saṃkṣubdha,,
saṃkṣubhita,,
saṃkṣepaka,,
saṃkṣepaṇīya,,
saṃkṣepalakṣaṇa,,
saṃkṣobhita,,
saṃkṣobhin,ī,
saṃkhādakin,ī,
saṃkhyaka,,
saṃkhya,,
saṃkhyāka,,
saṃkhyātasaṃkhyeya,,
saṃkhyāta,,
saṃkhyāparityakta,,
saṃkhyāvācaka,ikā,
saṃkhyāvṛttikara,,
saṃkhyeya,,
saṃgatagātra,,
saṃgata,,
saṃgatārtha,,
saṃgatin,ī,
saṃgamaka,,
saṃgamana,ī,
saṃgamanīya,,
saṃgamita,,
saṃgamin,ī,
saṃgarakṣama,,
saṃgarastha,,
saṃgin,ī,
saṃgira,,
saṃgītavyāpṛta,,
saṃgīta,,
saṃgīrṇa,,
saṃguṇa,,
saṃguṇīkṛta,,
saṃgupta,,
saṃguptārtha,,
saṃgūḍha,,
saṃgṛbhita,,
saṃgṛbhīta,,
saṃgṛhītarāṣṭra,,
saṃgṛhīta,,
saṃgopana,,
saṃgopanīya,,
saṃgrathita,,
saṃgrahaṇa,ī,
saṃgrahaṇīya,,
saṃgrahītavya,,
saṃgrāmārthin,ī,
saṃgrāmin,ī,
saṃgrāmya,,
saṃgrāhaka,ī,
saṃgrāhagrāhya,,
saṃgrāhita,,
saṃgrāhin,ī,
saṃghacārin,ī,
saṃghajīvin,ī,
saṃghaṭita,,
saṃghaṭṭita,,
saṃghatitha,,
saṃghabhedaka,,
saṃghabheda,,
saṃgharṣaśālin,ī,
saṃgharṣin,ī,
saṃghātakaṭhina,,
saṃghātacārin,ī,
saṃghātaja,,
saṃghuṣita,,
saṃghuṣṭaka,,
saṃghuṣṭa,,
saṃghṛṣṭa,,
saṃcakita,,
saṃcayanīya,,
saṃcayika,,
saṃcayin,ī,
saṃcaraṇa,ī,
saṃcarabhāgin,ī,
saṃcara,,
saṃcareṇya,,
saṃcala,,
saṃcāyya,,
saṃcāraṇīya,,
saṃcārapūta,,
saṃcārita,,
saṃcārin,ī,
saṃcārya,,
saṃcita,,
saṃcintita,,
saṃcintya,,
saṃcinvānaka,,
saṃcūrṇita,,
saṃceya,,
saṃcodayitavya,,
saṃcodita,,
saṃchanna,,
saṃchinna,,
saṃchettavya,,
saṃjanana,ī,
saṃjanita,,
saṃjarbhurāṇa,,
saṃjalpita,,
saṃjātakopa,,
saṃjātakautuka,,
saṃjātanidrāpralaya,,
saṃjātanirveda,,
saṃjātapāśa,,
saṃjātalajja,,
saṃjātaviśrambha,,
saṃjāta,,
saṃjāterṣya,,
saṃjita,,
saṃjīvakaraṇa,ī,
saṃjīvaka,ikā,
saṃjīvana,ī,
saṃjīvita,,
saṃjīvin,ī,
saṃjuṣṭa,,
saṃjñaka,ikā,
saṃjñapita,,
saṃjñapta,,
saṃjña,,
saṃjñātarūpa,,
saṃjñāta,,
saṃjñāna,ī,
saṃjñāpita,,
saṃjñita,,
saṃjñin,ī,
saṃjñībhūtaka,,
saṃjvarakara,,
saṃjvarātura,,
saṃjvārin,ī,
saṃtatadruma,,
saṃtatavarṣin,ī,
saṃtata,,
saṃtapana,,
saṃtaptahṛdaya,,
saṃtapta,,
saṃtapyamāna,,
saṃtamasa,,
saṃtaraṇa,,
saṃtarutra,,
saṃtarjana,,
saṃtarjita,,
saṃtarpaka,,
saṃtarpaṇa,,
saṃtarpaṇīya,,
saṃtarpita,,
saṃtarpya,,
saṃtāḍya,,
saṃtānakamaya,ī,
saṃtānaka,ikā,
saṃtānakākīrṇa,,
saṃtānaja,,
saṃtānavardhana,,
saṃtānika,ī,
saṃtāpakara,,
saṃtāpakārin,ī,
saṃtāpana,,
saṃtāpahara,,
saṃtāpahāraka,,
saṃtāpita,,
saṃtāpya,,
saṃtāraka,,
saṃtārita,,
saṃtārya,,
saṃtīrṇa,,
saṃtuṣṭa,,
saṃtṛṇṇa,,
saṃtṛdya,,
saṃtodin,ī,
saṃtoṣaka,,
saṃtoṣaṇīyarūpa,,
saṃtoṣaṇīya,,
saṃtoṣita,,
saṃtoṣin,ī,
saṃtoṣṭavya,,
saṃtoṣya,,
saṃtyakta,,
saṃtyajya,,
saṃtyāgin,ī,
saṃtyājya,,
saṃtrastagocara,,
saṃtrasta,,
saṃtrāsa,,
saṃtrāsita,,
saṃtvarita,,
saṃdaṃśita,,
saṃdagdha,,
saṃdarbhaviruddha,,
saṃdarbhaśuddha,,
saṃdarbhita,,
saṃdarśita,,
saṃdalita,,
saṃdaṣṭakusumaśayana,,
saṃdaṣṭadantacchada,,
saṃdaṣṭa,,
saṃdaṣṭādhara,,
saṃdaṣṭauṣṭha,,
saṃdānita,,
saṃdāya,,
saṃdāyin,ī,
saṃdigdhaniścaya,,
saṃdigdhaphala,,
saṃdigdha,,
saṃdigdhākṣara,,
saṃdigdhārtha,,
saṃdigdhīkṛta,,
saṃdita,,
saṃdiṣṭa,,
saṃdīkṣita,,
saṃdīna,,
saṃdīpaka,,
saṃdīpana,,
saṃdīpita,,
saṃdīptalocana,,
saṃdīpta,,
saṃdugdha,,
saṃduṣṭa,,
saṃdūṣaṇakara,ī,
saṃdūṣaṇa,,
saṃdūṣita,,
saṃdṛbdha,,
saṃdṛśya,,
saṃdṛṣṭa,,
saṃdeśahāra,,
saṃdeśita,,
saṃdeśya,,
saṃdeṣṭavya,,
saṃdehadāyin,ī,
saṃdehadolāstha,,
saṃdehapada,,
saṃdehin,ī,
saṃdohana,,
saṃdraṣṭavya,,
saṃdharṣita,,
saṃdha,,
saṃdhātavya,,
saṃdhānakaraṇa,ī,
saṃdhānakārin,ī,
saṃdhāna,,
saṃdhānīya,,
saṃdhāyin,ī,
saṃdhāraṇa,,
saṃdhāraṇīya,,
saṃdhārya,,
saṃdhikuśala,,
saṃdhija,,
saṃdhijīvaka,,
saṃdhitavya,,
saṃdhita,,
saṃdhimukta,,
saṃdhisambhava,,
saṃdhukṣaṇa,,
saṃdhukṣita,,
saṃdhukṣya,,
saṃdhṛta,,
saṃdheya,,
saṃdhya,,
saṃdhyāṃsa,,
saṃdhyākālika,,
saṃdhyāmaya,ī,
saṃdhyārāga,,
saṃdhvāna,,
saṃnakha,,
saṃnatatara,,
saṃnata,,
saṃnatāṅga,ī,
saṃnaddhakavaca,,
saṃnaddha,,
saṃnaya,,
saṃnaṣṭa,,
saṃnādana,,
saṃnādita,,
saṃnāmayitavya,,
saṃnikarṣa,,
saṃnikīrṇa,,
saṃnikṛṣṭa,,
saṃnicita,,
saṃnidarśita,,
saṃnidhānin,ī,
saṃnidhāyin,ī,
saṃnidhivartin,ī,
saṃnipatita,,
saṃnipatyakārin,ī,
saṃnipatyopakāraka,,
saṃnipātita,,
saṃnipātin,ī,
saṃnipātya,,
saṃnibaddha,,
saṃniboddhavya,,
saṃnibha,,
saṃnibhṛta,,
saṃnimagna,,
saṃniyata,,
saṃniyukta,,
saṃniyojita,,
saṃniyojya,,
saṃniruddha,,
saṃniroddhavya,,
saṃnirmita,,
saṃnivapanīya,,
saṃnivartita,,
saṃnivārya,,
saṃnivāsin,ī,
saṃniviṣṭa,,
saṃnivṛtta,,
saṃniveśayitavya,,
saṃniveśita,,
saṃniveśin,ī,
saṃniveśya,,
saṃniśrita,,
saṃniṣaṇṇa,,
saṃniṣevita,,
saṃniṣevya,,
saṃnisūdita,,
saṃnisṛṣṭa,,
saṃnihita,,
saṃnihitāpāya,,
saṃneya,,
saṃnodana,,
saṃnodayitavya,,
saṃnyastadeha,,
saṃnyastaśastra,,
saṃnyasta,,
saṃnyāsin,ī,
saṃnyupta,,
saṃyataprāṇa,,
saṃyatamānasa,,
saṃyatamukha,ī,
saṃyatamaithuna,,
saṃyatavastra,,
saṃyata,,
saṃyatākṣa,,
saṃyatāhāra,,
saṃyatin,ī,
saṃyatendriya,,
saṃyatopaskara,,
saṃyatta,,
saṃyadvāma,,
saṃyadvīra,,
saṃyantavya,,
saṃyantrita,,
saṃyamaka,,
saṃyamadhana,,
saṃyamana,ī,
saṃyamapuṇyatīrtha,,
saṃyamita,,
saṃyamin,ī,
saṃyamya,,
saṃyājya,,
saṃyāta,,
saṃyukta,,
saṃyuta,,
saṃyogita,,
saṃyogin,ī,
saṃyojaka,,
saṃyojayitavya,,
saṃyojitakarayugala,,
saṃyojita,,
saṃyojya,,
saṃraktanayana,,
saṃraktalocana,,
saṃrakta,,
saṃrakṣaṇīya,,
saṃrakṣa,,
saṃrakṣitavya,,
saṃrakṣita,,
saṃrakṣitin,ī,
saṃrakṣin,ī,
saṃrakṣya,,
saṃrañjana,ī,
saṃrañjanīya,,
saṃrañjita,,
saṃrabdhatara,,
saṃrabdhanetra,,
saṃrabdhamāna,,
saṃrabdha,,
saṃrambhaṇa,,
saṃrambhaparuṣa,,
saṃrambharasa,,
saṃrambharūkṣa,,
saṃrambhin,ī,
saṃrāddha,,
saṃrādhaka,,
saṃrādhana,,
saṃrādhita,,
saṃrādhya,,
saṃrāvin,ī,
saṃrugṇa,,
saṃruddhaceṣṭa,,
saṃruddhaprajanana,,
saṃruddha,,
saṃruṣita,,
saṃrūḍhavraṇa,,
saṃrūḍha,,
saṃrodhya,,
saṃropaṇa,,
saṃropita,,
saṃroṣita,,
saṃrohaṇa,,
saṃrohin,ī,
saṃlakṣita,,
saṃlakṣya,,
saṃlagna,,
saṃlaṅghita,,
saṃlaptaka,,
saṃlabdha,,
saṃlāpita,,
saṃlāpin,ī,
saṃlālita,,
saṃlikhita,,
saṃlīḍha,,
saṃlīnakarṇa,,
saṃlīnamānasa,,
saṃlīna,,
saṃlulita,,
saṃlokin,ī,
saṃloḍana,,
saṃvatsaratama,ī,
saṃvatsaradīkṣa,,
saṃvatsaradīkṣita,,
saṃvatsarapravāta,,
saṃvatsarabhṛta,,
saṃvatsarabhṛtin,ī,
saṃvatsaramaya,ī,
saṃvatsaravāsin,ī,
saṃvatsaravidha,,
saṃvatsarasammita,,
saṃvatsarasvadita,,
saṃvatsarāntarhita,,
saṃvatsarāyuṣa,,
saṃvatsarāvara,,
saṃvatsarīya,,
saṃvatsaropasatka,,
saṃvatsaropāsita,,
saṃvaditavya,,
saṃvadita,,
saṃvanana,ī,
saṃvanin,ī,
saṃvaraṇa,ī,
saṃvaraṇīya,,
saṃvara,,
saṃvarga,,
saṃvargya,,
saṃvarṇitamānasa,,
saṃvarṇita,,
saṃvartaka,,
saṃvartana,ī,
saṃvartanīya,,
saṃvartamaruttīya,,
saṃvartita,,
saṃvardhaka,,
saṃvardhana,,
saṃvardhanīya,,
saṃvardhita,,
saṃvarmita,,
saṃvalita,,
saṃvalgita,,
saṃvācya,,
saṃvādaka,,
saṃvādin,ī,
saṃvāraṇa,,
saṃvārya,,
saṃvāvadūka,,
saṃvāsita,,
saṃvāsin,ī,
saṃvāhaka,ikā,
saṃvāha,,
saṃvāhitavya,,
saṃvāhin,ī,
saṃvāhya,,
saṃvignamānasa,,
saṃvigna,,
saṃvighnita,,
saṃvicetavya,,
saṃvijñāta,,
saṃvijñānabhūta,,
saṃvitka,,
saṃvida,,
saṃvidāna,,
saṃvidita,,
saṃviddha,,
saṃvidhātavya,,
saṃvidheya,,
saṃvinmaya,ī,
saṃvibhakta,,
saṃvibhajanīya,,
saṃvibhajya,,
saṃvibhāgaśīla,,
saṃvibhāgin,ī,
saṃvibhāgya,,
saṃvibhāvya,,
saṃvivyāna,,
saṃviṣṭa,,
saṃvihita,,
saṃvītarāga,,
saṃvīta,,
saṃvītāṅga,,
saṃvītin,ī,
saṃvṛkta,,
saṃvṛtamantra,,
saṃvṛtasaṃvārya,,
saṃvṛta,,
saṃvṛtākāra,,
saṃvṛtta,,
saṃvṛddha,,
saṃvejanīya,,
saṃvedanīya,,
saṃvedita,,
saṃvedya,,
saṃvevidāna,,
saṃveśana,ī,
saṃveśanīya,,
saṃveśin,ī,
saṃveśya,,
saṃvyapāśrita,,
saṃvyavasya,,
saṃvyāpya,,
saṃvyāyita,,
saṃvyūḍha,,
saṃvyūhima,,
saṃvlīna,,
saṃśapta,,
saṃśamana,ī,
saṃśayakara,ī,
saṃśayagata,,
saṃśayacchedin,ī,
saṃśayacchedya,,
saṃśayastha,,
saṃśayātmaka,,
saṃśayāpannamānasa,,
saṃśayāpanna,,
saṃśayāvaha,,
saṃśayitavya,,
saṃśayita,,
saṃśayin,ī,
saṃśayocchedin,ī,
saṃśayopeta,,
saṃśānta,,
saṃśāruka,,
saṃśāsita,,
saṃśitavrata,,
saṃśita,,
saṃśiṣṭa,,
saṃśīta,,
saṃśīna,,
saṃśuddhakilbiṣa,,
saṃśuddha,,
saṃśuṣkāsya,,
saṃśūna,,
saṃśokaja,,
saṃśodhanaśamanīya,,
saṃśodhana,ī,
saṃśodhita,,
saṃśobhita,,
saṃśoṣaṇa,,
saṃśoṣita,,
saṃśoṣin,ī,
saṃśyāna,,
saṃśrayakārita,,
saṃśrayaṇīya,,
saṃśrayitavya,,
saṃśrayin,ī,
saṃśrava,,
saṃśrānta,,
saṃśrāvita,,
saṃśrāvya,,
saṃśrita,,
saṃśruta,,
saṃśliṣṭaśarīrakārin,ī,
saṃśliṣṭa,,
saṃśleṣaṇa,ī,
saṃśleṣita,,
saṃśleṣin,ī,
saṃśvāyin,ī,
saṃsaktacitta,,
saṃsaktayuga,,
saṃsaktavadanāśvāsa,,
saṃsaktahasta,,
saṃsakta,,
saṃsaṅgin,ī,
saṃsajjamāna,,
saṃsamaka,,
saṃsargaja,,
saṃsarga,,
saṃsargin,ī,
saṃsarpaddhvajinīvimardavilasaddhūlīmaya,ī,
saṃsarpamāṇaka,,
saṃsarpa,,
saṃsarpin,ī,
saṃsahasra,,
saṃsaha,,
saṃsādhaka,,
saṃsādhya,,
saṃsāramokṣaṇa,ī,
saṃsāravarjita,,
saṃsāraśrāntacitta,,
saṃsārin,ī,
saṃsikta,,
saṃsiddharasa,,
saṃsiddharūpa,,
saṃsiddha,,
saṃsiddhārtha,,
saṃsukhita,,
saṃsupta,,
saṃsūcaka,,
saṃsūcita,,
saṃsūcin,ī,
saṃsūcya,,
saṃsṛṣṭadhaya,,
saṃsṛṣṭarūpa,,
saṃsṛṣṭa,,
saṃsevita,,
saṃsevin,ī,
saṃsevya,,
saṃsodhya,,
saṃskartavya,,
saṃskāraka,,
saṃskāraja,,
saṃskārapūta,,
saṃskāramaya,ī,
saṃskārarahita,,
saṃskāravarjita,,
saṃskāraviśiṣṭa,,
saṃskārasampanna,,
saṃskārahīna,,
saṃskārādhikārin,ī,
saṃskārya,,
saṃskṛtamaya,ī,
saṃskṛta,,
saṃskṛtrima,,
saṃstabdha,,
saṃstambhana,,
saṃstambhanīya,,
saṃstambhita,,
saṃstambhin,ī,
saṃstavasthira,,
saṃstavāna,,
saṃstīrṇa,,
saṃstutaka,,
saṃstutaprāya,,
saṃstuta,,
saṃstṛta,,
saṃstyāna,,
saṃsthākṛta,,
saṃsthāna,,
saṃsthāpaka,,
saṃsthāpanīya,,
saṃsthāpayitavya,,
saṃsthāpita,,
saṃsthāpya,,
saṃsthita,,
saṃsnāta,,
saṃspardhin,ī,
saṃsparśaja,,
saṃsparśana,,
saṃsparśin,ī,
saṃspaṣṭa,,
saṃspṛṣṭa,,
saṃsphāna,,
saṃsphāyana,,
saṃsphuṭa,,
saṃsmaraṇīyaśobha,,
saṃsmaraṇīya,,
saṃsmartavya,,
saṃsmāraka,,
saṃsmārita,,
saṃsmṛta,,
saṃsmṛtopasthita,,
saṃsmera,,
saṃsyūta,,
saṃsravabhāga,,
saṃsrāvaṇa,,
saṃsrāvya,,
saṃsvedaja,,
saṃsvedin,ī,
saṃhatakulīna,,
saṃhatajānuka,,
saṃhatabhrūkuṭimukha,,
saṃhatavākkala,,
saṃhatahasta,,
saṃhata,,
saṃhatāṅga,,
saṃhatiśalin,ī,
saṃhatyakārin,ī,
saṃhananabalopeta,,
saṃhanana,,
saṃhananīya,,
saṃhananopeta,,
saṃhartavya,,
saṃharṣaṇa,ī,
saṃharṣayogin,ī,
saṃharṣita,,
saṃharṣin,ī,
saṃhāna,,
saṃhāraka,,
saṃhārakārin,ī,
saṃhārika,,
saṃhārin,ī,
saṃhārya,,
saṃhita,,
saṃhitādhyāyin,ī,
saṃhitānta,,
saṃhṛta,,
saṃhṛṣita,,
saṃhṛṣṭaromāṅga,,
saṃhṛṣṭavadana,,
saṃhṛṣṭa,,
saṃhṛṣṭin,ī,
saṃhrādana,,
saṃhrādin,ī,
saṃhrādīya,,
saṃhriyamāṇa,,
saṃhrīṇa,,
saṃhlādin,ī,
saṃhvārita,,
sakaṅkaṭa,,
sakacchapa,,
sakañcuka,,
sakaṭa,,
sakaṭākṣa,,
sakaṭuka,,
sakaṇḍūka,,
sakamala,,
sakampana,,
sakampa,,
sakaraṇaka,ikā,
sakara,,
sakaruṇa,,
sakarṇapuccha,,
sakarṇaprāvṛta,,
sakarṇa,,
sakartṛka,,
sakarmaka,,
sakalaṅka,,
sakalatra,,
sakaladoṣamaya,ī,
sakalabhuvanamaya,ī,
sakalayajñamaya,ī,
sakalayūthaparivṛta,,
sakalavarṇa,,
sakalavidyāmaya,ī,
sakalavedādhyāyin,ī,
sakalavedin,ī,
sakalasiddhida,,
sakalahaṃsagaṇa,,
sakalaha,,
sakala,,
sakalārṇamaya,ī,
sakalārthaśāstrasāra,,
sakalika,,
sakalendumukha,ī,
sakalevara,,
sakalpa,,
sakavaca,,
sakaṣāya,,
sakākola,,
sakātara,,
sakāraṇaka,ikā,
sakāraṇa,,
sakāra,,
sakārmuka,,
sakāla,,
sakāśa,,
sakāṣāya,,
sakiṃkara,,
sakirīṭakaustubha,,
sakuñjara,,
sakuṇḍala,,
sakutūhala,,
sakulaja,,
sakula,,
sakuśa,,
sakuṣṭhika,,
sakusumāstaraṇa,,
sakṛcchra,,
sakṛcchrutadhara,,
sakṛtprayogin,ī,
sakṛtsnāyin,ī,
sakṛdabhiṣuta,,
sakṛdācchinna,,
sakṛdāhṛta,,
sakṛduktagṛhītārtha,,
sakṛdupamathita,,
sakṛdvibhāta,,
sakṛnnārāśaṃsa,,
sakṛpa,,
sakṛllūna,,
saketa,,
sakeśanakha,,
sakeśa,,
sakaitava,,
sakośa,,
sakaurava,,
saktamūtra,,
saktavaira,,
saktavya,,
sakta,,
saktuprasthīya,,
saktumiśra,,
saktula,,
sakriya,,
sakroḍa,,
sakrodhana,,
sakrodha,,
sakvaṇa,,
sakṣaṇa,,
sakṣata,,
sakṣa,,
sakṣāra,,
sakṣīra,,
sakhaḍga,,
sakhaṇḍa,,
sakhipūrva,,
sakhila,,
sakhīgaṇasamāvṛta,,
sakhīsahita,,
sakhura,,
sakheda,,
sagajāroha,,
sagaṇa,,
sagatika,,
sagadgada,,
sagandharva,,
sagandharvāpsaraska,,
sagandha,,
sagara,,
sagarva,,
saguḍaśṛṅgaka,ikā,
saguṇin,ī,
sagulika,,
sagṛhapatika,,
sagṛha,,
sagotra,,
sagraha,,
saghana,,
saghṛta,,
saghoṣa,,
saṅgakara,,
saṅgarahita,,
saṅgavarjita,,
saṅgin,ī,
sacakita,,
sacakropaskara,,
sacakṣuṣa,,
sacathya,,
sacanastama,,
sacana,,
sacanīya,,
sacandraka,ikā,
sacaraṇalākṣārāga,,
sacarācara,,
sacarma,,
sacala,,
saca,,
sacāmara,,
sacitta,,
sacitra,,
sacillaka,,
sacihna,,
sacīnaka,,
sacetana,,
sacela,,
saceṣṭa,,
sacaitanya,,
sacaila,,
saccarita,,
saccaritra,,
saccidānandamaya,,
saccidānanda,,
saccinmaya,ī,
sacchandasya,,
sacchandoma,,
sacchalajātinigrahamaya,ī,
sacchidra,,
sacchīla,,
saccheda,,
sacchloka,,
sajanapada,,
sajana,,
sajanāmātya,,
sajanya,,
sajapa,,
sajambāla,,
sajalanayana,,
sajalapṛṣata,,
sajala,,
sajāgara,,
sajātakāma,,
sajātīya,,
sajātya,,
sajāya,,
sajāla,,
sajūrabdīya,,
sajoṣa,,
sajjanagarhita,,
sajjana,,
sajjaneṣṭa,,
sajjita,,
sajjīkṛta,,
sajjībhūta,,
sajjuṣṭa,,
sajyasāyaka,,
sajya,,
sajvara,,
saṭaṃkāra,,
saṭāṅka,,
saṭīka,,
saḍa,,
satataka,,
satatadurgata,,
satatamānasa,,
satatayāyin,ī,
satatayukta,,
satataśāstrin,ī,
satataspandana,,
satata,,
satatotthita,,
satattva,,
satantra,,
satamaska,,
satarka,,
satarṣa,,
satalatra,,
satala,,
satāpa,,
satāra,,
satālavṛnta,,
satila,,
satīna,,
satīrtha,,
satuṣa,,
satuhina,,
satūrya,,
satṛṇa,,
satṛṇābhyavahārin,ī,
satṛṣṇa,,
satoka,,
satoda,,
satovīra,,
satkartavya,,
satkalpavṛkṣa,,
satkārārha,,
satkārya,,
satkula,,
satkulīna,,
satkulodbhava,,
satkṛta,,
satkriya,,
sattama,,
satta,,
sattāka,,
sattāvāpya,,
sattraphalada,,
sattravardhana,,
sattrīya,,
sattrya,,
sattvaguṇin,ī,
sattvapradhāna,,
sattvamaya,ī,
sattvamejaya,,
sattvavihita,,
sattvaśālin,ī,
sattvaśīla,,
sattvasamāviṣṭa,,
sattvasampanna,,
sattvahara,,
sattvādhika,,
sattvādhīna,ī,
sattvānurūpa,,
sattvocchrita,,
sattvodrikta,,
satpathīna,,
satpātravarṣin,ī,
satputra,,
satpratijña,,
satpratipakṣa,,
satpratipakṣita,,
satpratipakṣin,ī,
satphala,,
satphalin,ī,
satyaṃkārakṛta,,
satyaka,,
satyakāma,,
satyakāruṇyavedin,ī,
satyaga,,
satyagranthin,ī,
satyaghna,,
satyajña,,
satyatama,,
satyatara,,
satyadarśin,ī,
satyadeva,,
satyadhana,,
satyadharmaparāyaṇa,,
satyadharma,,
satyapara,,
satyaparākrama,,
satyapa,,
satyapūta,,
satyapratijña,,
satyapratiśrava,,
satyapratiṣṭhāna,,
satyaprasava,,
satyabandha,,
satyabhedin,ī,
satyamantra,,
satyamaya,ī,
satyamugra,,
satyarata,,
satyarūpa,,
satyavacana,,
satyavadanaśīla,,
satyavadya,,
satyavākya,,
satyavācaka,,
satyavādin,ī,
satyavāhana,,
satyavikrama,,
satyavṛtta,,
satyavrataparāyaṇa,,
satyaśapatha,,
satyaśīla,,
satyaśīlin,ī,
satyaśuṣma,,
satyasaṃkalpa,,
satyasaṃkāśa,,
satyasaṃgara,,
satyasaṃnibha,,
satyasaṃrakṣin,ī,
satyasaṃhita,,
satyasādhana,,
satyastha,,
satyasvapna,,
satyahita,,
satyāṅga,,
satyātmaka,,
satyānurakta,,
satyānṛta,,
satyābhidhāna,,
satyābhidhyāyin,ī,
satyābhiyācana,,
satyābhisaṃdha,,
satyābhisaṃdhin,ī,
satyālāpin,ī,
satyāṣāḍhahiraṇyakeśin,ī,
satyodaka,,
satyodya,,
satyopayācana,,
satrākara,,
satrāsaha,,
satrāsa,,
satrāsāha,,
satrāha,,
satrikūṭa,,
satvakka,,
satvaca,,
satsaṃkalpa,,
satsaṃgraha,,
satsaṃvinmaya,,
satsahāya,,
satsāra,,
sathūtkāra,,
sadaṃśaka,,
sadaṃśa,,
sadaḥstha,,
sadakṣa,,
sadaṇḍa,,
sadana,ī,
sadapadeśa,,
sadambha,,
sadayahṛdaya,,
sadara,,
sadartha,,
sadarpa,,
sadaśabandhaka,,
sadaśaratha,,
sadaśa,,
sadaśāpavitra,,
sadaśva,,
sadasatphalamaya,ī,
sadasadātmaka,ikā,
sadasanmaya,ī,
sada,,
sadākārin,ī,
sadācārin,ī,
sadātana,,
sadādāna,,
sadānana,,
sadānandacidātmaka,,
sadānandamaya,ī,
sadānanda,,
sadānarta,,
sadāna,,
sadānonuva,,
sadānvakṣayaṇa,,
sadānvacātana,,
sadānva,,
sadāparṇa,,
sadāpa,,
sadāpuṣpaphaladruma,,
sadāpuṣpa,,
sadāpṛṇa,,
sadāprasūna,,
sadābhavya,,
sadābhāsa,,
sadābhrama,,
sadāmatta,,
sadāmada,,
sadāmarṣa,,
sadāma,,
sadāyogin,ī,
sadāraputra,,
sadāra,,
sadārjava,,
sadāśaya,,
sadāśiva,,
sadāśrita,,
sadāhuta,,
sadīkṣopasatka,,
sadīpaka,,
sadurdina,,
sadūrva,,
sadṛkṣa,ī,
sadṛśakṣama,,
sadṛśatama,,
sadṛśaśveta,,
sadṛśa,ī,
sadevaka,,
sadevamanuṣya,,
sadevāsurarākṣasa,,
sadevīka,,
sadeśa,,
sadaikarasa,,
sadaikarūparūpa,,
sadaivata,,
sadogata,,
sadotsava,,
sadodyama,,
sadopavāsin,ī,
sadoṣaka,,
sadoṣa,,
sadohavirdhānin,ī,
sadgraha,,
saddhyāyin,ī,
sadbhūta,,
sadbhūtotpādaka,,
sadmanivāsin,ī,
sadmaniveśita,,
sadyaḥkāla,,
sadyaḥkṛta,,
sadyaḥkṛtta,,
sadyaḥkṛttota,,
sadyaḥparyuṣita,,
sadyaḥpātin,ī,
sadyaḥprakṣālaka,,
sadyaḥprajñākara,ī,
sadyaḥprāṇakara,,
sadyaḥprāṇahara,,
sadyaḥśaktikara,,
sadyaḥśaktihara,,
sadyaḥśotha,,
sadyaḥśrāddhin,ī,
sadyaśchinna,,
sadyaska,,
sadyaskālīna,,
sadyastana,ī,
sadyastapta,,
sadyājin,ī,
sadyoartha,,
sadyoja,,
sadyotpanna,,
sadyodugdha,,
sadyonugata,,
sadyobalakara,,
sadyobalahara,,
sadyobala,,
sadyobhava,,
sadyobhāvin,ī,
sadyomṛta,,
sadyohata,,
sadravya,,
sadroṇa,,
sadvaṃdva,,
sadvaṃśa,,
sadvatsala,,
sadvādita,,
sadvādin,ī,
sadvigarhita,,
sadvidya,,
sadvṛkṣaja,,
sadvṛttaśālin,ī,
sadvṛttastha,,
sadvṛttānta,,
sadvṛttiviśiṣṭa,,
sadveṣadhārin,ī,
sadhana,,
sadhanuṣka,,
sadhamādin,ī,
sadhamādya,,
sadharmaka,,
sadharma,,
sadharmin,ī,
sadhavīra,,
sadhastha,,
sadhura,,
sadhūmaka,,
sadhūma,,
sadhūmra,,
sadhvaja,,
sanaḥśruta,,
sanaka,,
sanaṅgavya,,
sanaja,,
sanatra,ī,
sanadīgirikānana,,
sanadvāja,,
sanaprokta,,
sanaradvipa,,
sanara,,
sanarmahāsa,,
sanaladānalada,,
sanavanīta,,
sanavitta,,
sanaśruta,,
sanākavanita,,
sanātana,ī,
sanātha,,
sanāmaka,ikā,
sanārāśaṃsa,,
sanāla,,
sanikāma,,
sanikāra,,
sanigaḍacaraṇa,,
sanigraha,,
sanitva,,
saninda,,
sanimeṣa,,
sanirghāta,,
sanirghṛṇa,,
sanirviśeṣa,,
sanirveda,,
saniṣādīka,,
saniṣṭhīva,,
sanisrasa,,
sanisrasākṣa,,
sanīḍa,,
sanīsrasa,,
sanīhāra,,
sanutara,,
sanutya,,
sanūpura,,
santaka,ikā,
santya,,
sannakaṇṭha,ī,
sannaka,,
sannajihva,,
sannatara,,
sannada,,
sannanauka,,
sannabhāva,,
sannamaya,ī,
sannaśarīra,,
sannaharṣa,,
sanna,,
sannivāsa,,
sannīkṛta,,
sanmātra,,
sanmārgayodhin,ī,
sanmārgastha,,
sapakṣaka,,
sapakṣa,,
sapaṇa,,
sapatāka,,
sapattana,,
sapattraka,,
sapattralekha,,
sapattra,,
sapattrākṛta,,
sapattrita,,
sapatnakarśana,,
sapatnakṣayaṇa,ī,
sapatnacātana,,
sapatnaja,,
sapatnadambhana,,
sapatnadūṣaṇa,,
sapatnabalasūdana,,
sapatnasāha,ī,
sapatnīka,,
sapatnīkṛta,,
sapadmaka,,
sapadma,,
sapannaga,,
saparākrama,,
saparikara,,
saparikrama,,
saparijana,,
saparitoṣa,,
saparibādha,,
saparibṛṃhaṇa,,
saparivāra,,
saparivāha,,
saparivyaya,,
sapariśeṣa,,
sapariśraya,,
sapariṣatka,,
saparihāsa,,
saparya,,
saparyāṇa,,
saparyeṇya,,
saparvatavanadruma,,
saparvatavanārṇava,,
saparvata,,
saparṣatka,,
sapallava,,
sapavitraka,,
sapādapīṭha,,
sapāda,,
sapāduka,,
sapāla,,
sapiṇḍīkṛta,,
sapitṛka,,
sapitṛrājanya,,
sapidhāna,,
sapīḍa,,
sapuccha,,
saputraka,ikā,
saputrajñātibāndhava,,
saputradāra,,
saputrin,ī,
sapuraścaraṇa,,
sapuruṣa,,
sapuronuvākya,,
sapurolāsa,,
sapurohita,,
sapulaka,,
sapuṣpa,,
sapṛṣata,,
sapṛṣadājya,,
sapaura,,
sapauṣṇamaitra,,
saptaṛṣīṇa,,
saptakathāmaya,ī,
saptakapāla,,
saptaka,,
saptakoṇa,,
saptagaṇa,,
saptacakra,,
saptacatvāriṃśa,,
saptacitika,,
saptajihva,,
saptatantra,ī,
saptataya,ī,
saptata,,
saptatitama,,
saptatima,,
saptatisaṃkhyāka,,
saptatihāyana,,
saptatriṃśa,,
saptatha,ī,
saptadaśaka,,
saptadaśama,,
saptadaśarca,,
saptadaśavidha,,
saptadaśaśarāva,,
saptadaśasāmidhenīka,,
saptadaśastoma,,
saptadaśa,ī,
saptadaśākṣara,,
saptadaśābhikḷpta,,
saptadaśāra,,
saptadaśin,ī,
saptadvārāvakīrṇa,,
saptadhātuka,,
saptadhātumaya,ī,
saptadhātuvarūthaka,,
saptadhānyamaya,ī,
saptanavata,,
saptanavatitama,,
saptapañcāśa,,
saptapattra,,
saptaparṇa,,
saptapalāśa,ī,
saptaputra,,
saptapuruṣa,,
saptabudhna,,
saptabhūma,,
saptabhūmika,,
saptabhūmimaya,ī,
saptabhauma,,
saptamaka,,
saptama,ī,
saptamānuṣa,,
saptamāṣṭama,,
saptamāsya,,
saptamīpratirūpaka,,
saptamīya,,
saptamuñja,,
saptamūrtimaya,ī,
saptayama,,
saptaratnamaya,ī,
saptarātraka,ikā,
saptarātrika,,
saptarca,,
saptalakṣaṇamaya,ī,
saptalokamaya,ī,
saptavarūtha,,
saptavārṣika,ī,
saptaviṃśaka,,
saptaviṃśatika,,
saptaviṃśatitama,,
saptaviṃśatima,,
saptaviṃśa,,
saptaviṃśin,ī,
saptavṛṣa,,
saptaśata,,
saptaśīrṣa,,
saptaṣaṣṭa,,
saptaṣaṣṭitama,,
saptasaṃkhyāka,,
saptasaptaka,,
saptasaptata,,
saptasaptatitama,,
saptasaptin,ī,
saptahasta,,
sapta,,
saptākṣara,ī,
saptāgārika,,
saptāṅga,,
saptārṇavajaleśaya,,
saptāśīta,,
saptāśītitama,,
saptāśra,,
saptāśva,,
saptāsthita,,
saptāsya,,
saptika,,
saptin,ī,
saptottara,,
saptotsada,,
saptotsāda,,
saprakāraka,,
saprakṛtika,,
sapragātha,,
saprajāpatika,,
saprajña,,
sapraṇaya,,
sapratigha,,
sapratibandha,,
sapratibhaya,,
sapratibha,,
saprativāpa,,
sapratiṣṭha,,
sapratīkāśa,,
sapratīśa,,
sapratoda,,
sapratyayaka,,
sapratyādhāna,,
saprathastama,,
sapratha,,
saprapañca,,
saprabha,,
sapramāda,,
saprayoganivartana,,
saprayogarahasya,,
sapravargya,,
sapravāda,,
saprasāda,,
saprasveda,,
saprāṇa,,
saprāya,,
sapreṣya,,
sapraiṣa,,
sapsara,,
saphalaka,,
saphalaprārthana,,
saphalīkṛta,,
saphalībhūta,,
saphalodarka,,
sapha,,
saphenapuñja,,
saphena,,
sabandhaka,,
sabandha,,
sabalavāhana,,
sabala,,
sabalānuga,,
sabādha,,
sabāndhava,,
sabālavṛddha,,
sabāṣpaka,,
sabāhyāntaḥkaraṇa,,
sabuva,,
sabrahmaka,,
sabrahmacārin,ī,
sabrāhmaṇaspatya,,
sabrāhmaṇa,,
sabhaṅga,,
sabhadramusta,,
sabhasmaka,,
sabhāgata,,
sabhāga,,
sabhācara,,
sabhājana,,
sabhājita,,
sabhājya,,
sabhāṇḍa,,
sabhāprapādin,ī,
sabhāyogya,,
sabhāryaka,,
sabhārya,,
sabhāvaśakara,,
sabhāsīna,,
sabhāstha,,
sabhāsthānastha,,
sabhīma,,
sabhūta,,
sabhṛkuṭīmukha,,
sabhṛtya,,
sabheya,,
sabhocita,,
sabhopaviṣṭa,,
sabhyatama,,
sabhya,,
sabhyetara,,
sabhrātṛka,,
sabhrūbhaṅga,,
samakakṣa,,
samakara,,
samaka,,
samakālīna,,
samakta,,
samakna,,
samakrama,,
samakriya,,
samakṣa,,
samagandha,,
samagandhika,,
samagradhana,,
samagrabhakṣaṇaśīla,,
samagramalahāraka,,
samagravartin,ī,
samagrasauvarṇa,,
samagrāṅga,,
samagrendunibhānana,,
samaṅka,,
samaṅgala,,
samaṅgin,ī,
samacaturbhuja,,
samacatuṣkoṇa,,
samacitta,,
samacodita,,
samacchedana,,
samaccheda,,
samajātīya,,
samañjana,,
samañjanīya,,
samañjasa,,
samatikrānta,,
samatirikta,,
samatisṛṣṭa,,
samatisruta,,
samatīta,,
samatīrthaka,ikā,
samatulita,,
samatṛṇamaṇiloṣṭakāñcana,,
samatribhuja,,
samatryaṃśa,,
samatsara,,
samadanta,,
samadarśana,,
samadarśin,ī,
samaduḥkhasukha,,
samadvidvibhuja,,
samadvibhuja,,
samadhikatararūpa,,
samadhikatara,,
samadhikatarocchvāsin,ī,
samadhigata,,
samadhigamya,,
samadhirūḍha,,
samadhiṣṭhita,,
samadhīta,,
samadhura,,
samadhṛta,,
samadhyama,,
samadhyāsita,,
samadhva,,
samanaga,,
samanaska,,
samanugata,,
samanugrāhya,,
samanuja,,
samanujñāta,,
samanujñāna,,
samanuprāpta,,
samanumata,,
samanuyāta,,
samanuyojya,,
samanuvarṇita,,
samanuvartin,ī,
samanuśiṣṭa,,
samanuṣṭhita,,
samanuṣṭheya,,
samanuṣyarājanya,,
samanuṣya,,
samantaparyāyin,ī,
samantaprāsādika,,
samantabhadra,,
samantaśitirandhra,,
samantraka,,
samantra,,
samantrika,,
samantrin,ī,
samandhakārīkṛta,,
samanmatha,,
samanya,,
samanvaṅgībhūta,,
samanvāgata,,
samanvārabdha,,
samanvita,,
samaprabha,,
samabhāga,,
samabhāva,,
samabhikruddha,,
samabhicchanna,,
samabhityaktajīvita,,
samabhityakta,,
samabhidruta,,
samabhinandita,,
samabhiniḥsṛta,,
samabhipluta,,
samabhivyāhārin,ī,
samabhivyāhṛta,,
samabhiśyāna,,
samabhiṣṭuta,,
samabhiṣyandin,ī,
samabhisaṃvṛta,,
samabhihita,,
samabhyarcita,,
samabhyāgata,,
samabhyudyata,,
samabhyunnata,,
samabhyupeya,,
samamaya,ī,
samamātra,,
samambila,ī,
samayakāma,,
samayajña,,
samayabandhana,,
samayabhedin,ī,
samayaviparīta,,
samayavyabhicārin,ī,
samayasetuvārita,,
samayādhyuṣita,,
samayānuvartin,ī,
samayitavya,,
samayocita,,
samarañjita,,
samaravijayin,ī,
samaravyasanin,ī,
samarasa,,
samarūpa,,
samarūpya,,
samarekha,,
samarocita,,
samarodyata,,
samargha,,
samarcaka,,
samarca,,
samarcita,,
samarṇṇa,,
samarthaka,,
samarthatara,,
samarthanīya,,
samarthayukta,,
samarthita,,
samarthya,,
samardhaka,,
samardhana,ī,
samardhuka,,
samarpaka,,
samarpaṇīya,,
samarpayitavya,,
samarpita,,
samarpya,,
samarya,,
samaryāda,,
samalaṃkṛta,,
samalamba,,
samala,,
samaloṣṭakāñcana,,
samaloṣṭāśmakāñcana,,
samaloṣṭrakāñcana,,
samallikākṣa,,
samavaguṇṭhita,,
samavacchanna,,
samavattadhāna,,
samavatta,,
samavanata,,
samavapluta,,
samavayaska,,
samavaruddha,,
samavartin,ī,
samavarṣaṇa,,
samavavṛtta,,
samavaśeṣita,,
samavaśyāna,,
samavasanna,,
samavasargya,,
samavasṛjya,,
samavasṛta,,
samavasthāpita,,
samavasthita,,
samavahāsya,,
samavāptakāma,,
samavāpta,,
samavāyika,,
samavāyin,ī,
samavāyīkṛta,,
samavibhakta,,
samavibhaktāṅga,,
samaviṣamakara,,
samavīrya,,
samavṛtta,,
samavekṣita,,
samaveta,,
samavetārtha,,
samavyatha,,
samavyāptika,,
samaśanīya,,
samaśarkara,,
samaśīlin,ī,
samaśnuva,ī,
samaśreṇigata,,
samasaṃkhyāta,,
samasaṃdhita,,
samasaṃsthita,,
samasamayavartin,ī,
samasarvaguṇa,,
samasiddhānta,,
samasūtraga,,
samasūtrastha,,
samastavastuviṣaya,,
samastaviṣayika,,
samasta,,
samasthalīkṛta,,
samasparśa,,
samasya,,
samasvara,,
samahāvrata,,
samahīdhara,,
sama,,
samāṃśaka,ikā,
samāṃśabhāgin,ī,
samāṃśahārin,ī,
samāṃśa,,
samāṃśika,,
samāṃśin,ī,
samāṃsa,,
samākara,,
samākarṣin,ī,
samākāra,,
samākīrṇa,,
samākuñcita,,
samākṛta,,
samākṛṣṭa,,
samākrānta,,
samākruṣṭa,,
samāklinna,,
samākṣarapadakrama,,
samākṣara,,
samākṣipta,,
samākhyāta,,
samākhyāya,,
samāgata,,
samāgamakārin,ī,
samāgamin,ī,
samāgalita,,
samāgāḍha,,
samāṅghrika,,
samācaraṇīya,,
samācara,,
samācarita,,
samācāra,,
samācita,,
samācīrṇa,,
samācchanna,,
samājuhūṣamāṇa,,
samājñapta,,
samājñāta,,
samātata,,
samātīta,,
samātṛka,,
samātṛcakravāla,,
samātmaka,,
samādatta,,
samādaraṇīya,,
samādānika,,
samādāpaka,,
samādiṣṭa,,
samādṛta,,
samādeya,,
samādhātavya,,
samādhānīya,,
samādhāyaka,,
samādhita,,
samādhiniṣṭha,,
samādhin,ī,
samādhibhedin,ī,
samādhistha,,
samādhūta,,
samādheya,,
samādhmāta,,
samānakaraṇa,,
samānakartṛka,,
samānakarmaka,,
samānakāraka,,
samānakāla,,
samānakālīna,,
samānakṣema,,
samānakhyāna,,
samānaguṇa,,
samānagotra,,
samānagrāmīya,,
samānajanapada,,
samānajanya,,
samānajñātitvamaya,ī,
samānatantra,,
samānadakṣa,,
samānadakṣiṇa,,
samānaduḥkha,,
samānadevata,,
samānadhiṣṇya,,
samānana,,
samānanidhana,,
samānapātra,,
samānaprayojana,,
samānabala,,
samānabrāhmaṇa,,
samānabrāhmaṇīya,,
samānamāna,,
samānayojana,,
samānaloka,,
samānavacana,,
samānavayaska,,
samānavarcasa,,
samānavasana,,
samānavidya,,
samānavratacārin,ī,
samānaśayya,,
samānaśākhīya,,
samānasalila,,
samānasukhaduḥkha,,
samānastotriya,,
samānasthāna,,
samāna,ī,
samāna,,
samānākhyāna,,
samānādhikaraṇa,,
samānārthaka,,
samānārthaprayojana,,
samānārṣeya,,
samānālaṃkāra,,
samānāsyaprayatna,,
samānicaya,,
samānīta,,
samānottamamadhyamādhama,,
samānodaka,,
samānodarka,,
samānodarya,,
samānolba,,
samāntara,,
samāpaka,ikā,
samāpatita,,
samāpattidṛṣṭa,,
samāpana,,
samāpanīya,,
samāpanna,,
samāpayitavya,,
samāpādanīya,,
samāpādya,,
samāpita,,
samāpin,ī,
samāpūrṇa,,
samāptapunarāttaka,,
samāptapunarātta,,
samāptaprāya,,
samāptabhūyiṣṭha,,
samāptaśikṣa,,
samāpta,,
samāptika,,
samāpya,,
samāpyāyita,,
samāpriya,,
samāpluta,,
samābhṛta,,
samāmnāta,,
samāmnāyamaya,ī,
samāmya,,
samāyata,,
samāyatta,,
samāyasta,,
samāyāta,,
samāyin,ī,
samāyukta,,
samāyuta,,
samāraka,,
samārata,,
samārabdhatara,,
samārabdha,,
samārabhya,,
samārambhin,ī,
samārūḍha,,
samāropaka,ikā,
samāropitakārmuka,,
samāropitabhāra,,
samāropitavikrama,,
samāropita,,
samārgaṇaguṇa,,
samārgaṇa,,
samārthaka,,
samārthin,ī,
samārdava,,
samārdhaga,,
samārṣa,,
samālakṣya,,
samālagna,,
samālabdha,,
samālambita,,
samālambin,ī,
samālambhin,ī,
samāliṅgita,,
samālipta,,
samālokin,ī,
samālya,,
samāvadindriya,,
samāvadvīrya,,
samāvarjitanetraśobha,,
samāvarjita,,
samāvartanīya,,
samāvartamāna,,
samāvartin,ī,
samāvalokya,,
samāvaha,,
samāvāsitakaṭaka,,
samāvāsita,,
samāvikarta,,
samāvigna,,
samāviddha,,
samāviṣṭa,,
samāvṛta,,
samāvṛttavrata,,
samāvṛtta,,
samāvedya,,
samāveśita,,
samāśaṅkita,,
samāśrayaṇīya,,
samāśrayin,ī,
samāśrita,,
samāśliṣṭa,,
samāśvasta,,
samāśvāsita,,
samāśvāsya,,
samāsakta,,
samāsana,,
samāsanna,,
samāsaprāya,,
samāsabahula,,
samāsama,,
samāsasaṃjña,,
samāsādita,,
samāsādya,,
samāsita,,
samāsīna,,
samāsṛṣṭa,,
samāsevita,,
samāsokta,,
samāskanna,,
samāsthita,,
samāhata,,
samāhara,,
samāhārya,,
samāhita,,
samāhūta,,
samāhṛta,,
samāhva,,
samita,,
samitiṃgama,,
samitiṃjaya,,
samitimardana,,
samitiśālin,ī,
samitiśobhana,,
samitra,,
samitsajja,,
samidanta,,
samiddhadarpa,,
samiddhaśaraṇa,,
samiddha,,
samiddhāra,,
samiddhārin,ī,
samidhyamāna,,
samiśra,,
samiṣṭa,,
samīkṛta,,
samīkṣaṇa,,
samīkṣitavya,,
samīkṣita,,
samīkṣya,,
samīna,,
samīpajala,,
samīpataravartin,ī,
samīpatara,,
samīpavartin,ī,
samīpastha,,
samīpa,,
samīpāvasita,,
samīpopagata,,
samīpsita,,
samībhūta,,
samīya,,
samīraṇasahāya,,
samīraṇa,,
samīrita,,
samīrṇa,,
samīṣita,,
samīhana,,
samīhita,,
samukta,,
samukṣita,,
samukha,,
samucita,,
samucca,,
samuccita,,
samuccitīkṛta,,
samuccetavya,,
samucceya,,
samucchanna,,
samucchinnavāsana,,
samucchinna,,
samucchraya,,
samucchrita,,
samucchvasita,,
samucchvāsita,,
samujjvala,,
samujjhita,,
samuñja,,
samutkaca,,
samutkaṭa,,
samutkaṇṭakita,,
samutkampin,ī,
samutka,,
samutkīrṇa,,
samutkruṣṭa,,
samutkliṣṭa,,
samuttāna,,
samuttīrṇa,,
samuttuṅga,,
samuttejaka,,
samuttejita,,
samuttrasta,,
samutthāpaka,,
samutthāpya,,
samutthita,,
samutpatita,,
samutpanna,,
samutpāṭita,,
samutpādya,,
samutpiñja,,
samutpiṣṭa,,
samutphulla,,
samutsanna,,
samutsāraka,,
samutsikta,,
samutsṛṣṭa,,
samudakta,,
samudanta,,
samudasta,,
samudāgata,,
samudācarita,,
samudācāra,,
samudācārin,ī,
samudānayitavya,,
samudānita,,
samudānetavya,,
samudāyin,ī,
samudāhṛta,,
samudita,,
samuditvara,,
samudīrita,,
samudīrṇakhara,,
samudīrṇamānasa,,
samudīrṇa,,
samudeta,,
samudgata,,
samudga,,
samudgīta,,
samudgīrṇa,,
samuddaṇḍa,,
samuddiṣṭa,,
samuddṛpta,,
samuddeśa,,
samuddhatataraṃgin,ī,
samuddhatalāṅgūla,,
samuddhata,,
samuddhasta,,
samuddhuta,,
samuddhura,,
samuddhūta,,
samuddhūṣara,,
samuddhṛta,,
samuddhvasta,,
samudbhūta,,
samudbhrānta,,
samudyata,,
samudyamin,ī,
samudyāta,,
samudragāmin,ī,
samudraja,,
samudratīrīya,,
samudrabhava,,
samudramālin,ī,
samudramīṅkhaya,,
samudralekhaka,,
samudravastra,,
samudravāsin,ī,
samudravyavahārin,ī,
samudrasalileśaya,,
samudrikta,,
samudrīya,,
samudropapluta,,
samudrya,,
samudvaha,,
samudvigna,,
samudvṛtta,,
samunnatalāṅgula,,
samunnata,,
samunnaddha,,
samunnasa,,
samunna,,
samunnidra,,
samunnīta,,
samunneya,,
samunmiśra,,
samunmīlita,,
samunmukha,,
samupakalpita,,
samupakḷpta,,
samupakramya,,
samupakrānta,,
samupagata,,
samupagantavya,,
samupacitajala,,
samupacita,,
samupajanita,,
samupajātakopa,,
samupajāta,,
samupadruta,,
samupanīta,,
samupanyasta,,
samupapādita,,
samupapluta,,
samupayāta,,
samupayukta,,
samupaviṣṭa,,
samupaveśita,,
samupasaṃhṛta,,
samupahata,,
samupākrānta,,
samupāgata,,
samupātta,,
samupānīta,,
samupāyāta,,
samupāyukta,,
samupārabdha,,
samupārūḍha,,
samupārjita,,
samupāśrita,,
samupāsthita,,
samupekṣaka,,
samupeta,,
samupoḍha,,
samupopaviṣṭa,,
samupoṣaka,,
samubjita,,
samubdha,,
samulbaṇa,,
samullambita,,
samullasita,,
samullāsin,ī,
samuṣita,,
samuṣka,,
samuhyapurīṣa,,
samuhya,,
samūḍha,,
samūlaka,,
samūla,,
samūhana,,
samūhin,ī,
samūhya,,
samṛta,,
samṛddhavega,,
samṛddha,,
samṛddhārtha,,
samṛddhikāma,,
samṛddhin,ī,
samṛdha,,
sameghalekha,,
sametamāya,,
sameta,,
samedha,,
samedhita,,
samota,,
samodaka,,
samopeta,,
samauliratna,,
sampakva,,
sampatita,,
sampadvara,,
sampannaka,,
sampannatama,,
sampannatara,,
sampannadanta,,
sampannapānīya,,
sampannarūpa,,
sampanna,,
samparikīrtita,,
samparicintita,,
samparitoṣita,,
samparityaktajīvita,,
samparityakta,,
samparipūrṇavidya,,
samparipūrṇa,,
samparipṛṣṭa,,
samparibhraṣṭa,,
samparivṛta,,
samparivṛtta,,
sampariveṣṭita,,
sampariśrānta,,
sampariśrita,,
sampariṣvakta,,
samparīya,,
samparīvṛta,,
sampareta,,
samparkin,ī,
samparkīya,,
sampāṭhya,,
sampātaka,,
sampātāyāta,,
sampātin,ī,
sampādaka,,
sampādana,ī,
sampādita,,
sampādin,ī,
sampādya,,
sampāraṇa,,
sampārin,ī,
sampālita,,
sampiṇḍita,,
sampipādayiṣita,,
sampiba,,
sampiṣṭa,,
sampīḍita,,
sampuṣka,,
sampūjaka,,
sampūjanīya,,
sampūjayitavya,,
sampūjita,,
sampūjya,,
sampūraka,,
sampūraṇīya,,
sampūrita,,
sampūrṇakāma,,
sampūrṇakālīna,,
sampūrṇatara,,
sampūrṇatāyukta,,
sampūrṇapuccha,,
sampūrṇavidya,,
sampūrṇaspṛha,,
sampūrṇa,,
sampūrṇāṅga,,
sampūrva,,
sampṛkta,,
sampṛṇa,,
sampṛṣṭa,,
sampoṣya,,
samprakalpita,,
samprakāśaka,,
samprakāśita,,
samprakāśya,,
samprakīrṇa,,
samprakḷpta,,
samprakṣāla,,
samprakṣubhitamānasa,,
samprakṣubhita,,
samprajāta,,
samprajñāta,,
samprajvalita,,
sampraṇardita,,
sampraṇādita,,
sampraṇīta,,
sampraṇudita,,
sampratapta,,
sampratardana,,
sampratijñāta,,
sampratinandita,,
sampratipanna,,
sampratipādita,,
sampratipūjita,,
sampratimukta,,
sampratiṣṭhita,,
sampratīkṣa,,
sampratīkṣya,,
sampratīta,,
sampratyāgata,,
sampratyāyaka,ikā,
samprathita,,
sampradatta,,
sampradarśita,,
samprada,,
sampradātavya,,
sampradānīya,,
sampradāyaprāpta,,
sampradāyin,ī,
sampradiṣṭa,,
sampradīpta,,
sampraduṣṭa,,
sampradruta,,
sampradhārita,,
sampradhārya,,
sampranaṣṭa,,
sampranṛtta,,
samprapanna,,
samprapīḍita,,
samprapuṣpita,,
samprabuddha,,
samprabodhita,,
samprabhagna,,
samprabhinna,,
sampramatta,,
sampramardana,,
sampramukhita,,
sampramugdha,,
sampramuṣita,,
sampramūḍha,,
samprayāta,,
samprayuktaka,,
samprayukta,,
samprayuddha,,
samprayoktavya,,
samprayoga,,
samprayogin,ī,
samprayojita,,
samprayojya,,
sampraruṣṭa,,
sampralīna,,
sampravartaka,,
sampravartin,ī,
sampraviddha,,
sampraviṣṭa,,
sampravṛtta,,
sampravṛṣṭa,,
sampraveśita,,
sampravyathita,,
sampraśānta,,
sampraśrita,,
sampraṣṭavya,,
samprasakta,,
samprasanna,,
samprasādana,,
samprasādhya,,
samprasiddha,,
samprasupta,,
samprasūta,,
samprastuta,,
samprasthita,,
sampraharṣaṇa,,
sampraharṣita,,
sampraharṣin,ī,
samprahārin,ī,
samprahita,,
samprahṛṣṭatanūruha,,
samprahṛṣṭamukha,,
samprahṛṣṭa,,
samprāptayauvana,,
samprāptavidya,,
samprāptavya,,
samprāpta,,
samprāpya,,
samprārthita,,
sampriya,,
samprīṇita,,
samprītamānasa,,
samprīta,,
samprekṣaka,,
samprekṣita,,
sampreddha,,
samprerṇa,,
sampreṣita,,
samprokṣita,,
sampluta,,
samplutodaka,,
samphalīya,,
samphulla,,
sambaddhadarpa,,
sambaddhasainyaugha,,
sambaddha,,
sambadhyamānaka,,
sambadhyamāna,,
sambandhaka,,
sambandha,,
sambandhin,ī,
sambandhibhinna,,
sambahula,,
sambādhaka,,
sambādhavartin,ī,
sambāłha,,
sambuddha,,
sambudhyamāna,,
sambodhana,,
sambodhita,,
sambodhya,,
sambhakta,,
sambhakṣa,,
sambhagna,,
sambhajanīya,,
sambharaṇīya,,
sambhara,,
sambhartsita,,
sambhalīya,,
sambhavin,ī,
sambhavya,,
sambhārin,ī,
sambhārya,,
sambhāvana,,
sambhāvanīya,,
sambhāvanojjhita,,
sambhāvayitavya,,
sambhāvitatama,,
sambhāvitatara,,
sambhāvitavya,,
sambhāvita,,
sambhāvin,ī,
sambhāṣaṇanipuṇa,,
sambhāṣaṇīya,,
sambhāṣita,,
sambhāṣin,ī,
sambhāṣya,,
sambhinnapralāpika,,
sambhinnamaryāda,,
sambhinnavṛtta,,
sambhinnasarvāṅga,,
sambhinna,,
sambhīta,,
sambhukta,,
sambhugna,,
sambhūtabhūrigajavājipadātisainya,,
sambhūtasaṃtrāsa,,
sambhūta,,
sambhūyakārin,ī,
sambhṛtatama,,
sambhṛtabala,,
sambhṛtaśruta,,
sambhṛtasambhāra,,
sambhṛtasneha,,
sambhṛta,,
sambhṛtāṅga,,
sambhṛtārtha,,
sambhṛtāśva,,
sambhṛtauṣadha,,
sambhṛtya,,
sambhṛṣṭa,,
sambhedya,,
sambhogakṣama,,
sambhogin,ī,
sambhogya,,
sambhojanīya,,
sambhojya,,
sambhramajvalita,,
sambhrama,,
sambhrāntajana,,
sambhrānta,,
sammagna,,
sammata,,
sammatta,,
sammathita,,
sammadamaya,ī,
sammada,,
sammadin,ī,
sammantavya,,
sammantraṇīya,,
sammantrita,,
sammardin,ī,
sammarśin,ī,
sammānakara,,
sammānanīya,,
sammānitavimānita,,
sammānita,,
sammānin,ī,
sammānya,,
sammārjaka,,
sammārjita,,
sammita,,
sammilita,,
sammiśrita,,
sammīlita,,
sammukha,ī,
sammugdha,,
sammūḍhahṛdaya,,
sammūḍha,,
sammūrchita,,
sammṛta,,
sammṛṣṭa,,
sammocita,,
sammodana,ī,
sammodanīya,,
sammodamāna,,
sammohaka,,
sammohana,ī,
sammohamaulin,ī,
sammohita,,
sammrakṣita,,
samyaksambuddha,,
samyagukta,,
samyaggata,,
samyagghuta,,
samyagdarśanasampanna,,
samyagdarśin,ī,
samyagvartamāna,,
samyagvānta,,
samyagvijayin,ī,
samyagvṛtta,,
samyagvyavasita,,
sayajñapātra,,
sayatna,,
sayantrajalaśaila,,
sayantra,,
sayantrika,,
sayava,,
saya,,
sayāvaka,,
sayujya,,
sayudhiṣṭhira,,
sayūthya,,
sayoga,,
sayoṣaṇa,,
sayauvana,,
saraka,,
saraktagaura,,
sarakta,,
saraṅga,,
sarajasa,,
saraja,,
saraṇajīvin,ī,
saraṇa,,
sarathapādāta,,
sarathin,ī,
sarandhra,,
sarabhasa,,
saralayāyin,ī,
saralāṅguliśobhin,ī,
saralita,,
saraśana,,
sarasara,,
sarasija,,
sarasījalocana,,
sarasījākṣa,,
sarasījekṣaṇa,,
sarasīruhākṣa,,
sarasīruhekṣaṇa,,
sarasya,,
sarasvatikṛta,,
sarasvatīkṛta,,
sarahasya,,
sarāganetra,,
sarāga,,
sarājaka,,
sarāṣṭraka,,
sarāṣṭra,,
sarāsara,,
sarika,,
sarita,,
sarinmaruvanāśraya,,
sarin,ī,
sarīsṛpa,,
saruja,,
sarudhiramūtra,,
sarudhira,,
sarūpaṃkaraṇa,ī,
sarūpa,,
sarūpin,ī,
sarepha,,
saroga,,
sarogin,ī,
saroja,,
sarojin,ī,
sarodha,,
saromakaṇṭaka,,
saromavikriya,,
saroma,,
saromāñca,,
saroṣarāgopahata,,
saroṣasambhrama,,
saroṣa,,
sargaka,,
sargakālīna,,
sargatakta,,
sargapratakta,,
sarjayitavya,,
sarparūpin,ī,
sarpaśīrṣa,,
sarpa,ī,
sarpābha,,
sarpin,ī,
sarpiranna,,
sarpirgrīva,ī,
sarpirmiśra,,
sarpirmehin,ī,
sarvaṃsaha,,
sarvaṃhara,,
sarvakarmakārin,ī,
sarvakarmasaha,,
sarvakarmīṇa,,
sarvaka,ikā,
sarvakāñcana,,
sarvakāmagama,,
sarvakāmamaya,ī,
sarvakāmasamṛddha,,
sarvakāma,,
sarvakāmika,,
sarvakāmin,ī,
sarvakāmya,,
sarvakāraka,,
sarvakārin,ī,
sarvakālavicārin,ī,
sarvakālīna,,
sarvakṛcchra,,
sarvakṛṣṇa,,
sarvakeśaka,,
sarvakratumaya,ī,
sarvagaṇa,,
sarvagata,,
sarvagandhamaya,ī,
sarvagandhavaha,,
sarvagandha,,
sarvagandhika,,
sarvagambhīra,,
sarvaga,,
sarvagāmin,ī,
sarvagāyatra,,
sarvagila,,
sarvaguṇasampanna,,
sarvaguṇa,,
sarvaguṇin,ī,
sarvaguṇopeta,,
sarvaguhyamaya,ī,
sarvagṛhya,,
sarvagraharūpin,ī,
sarvagrāsa,,
sarvacaṇḍāla,,
sarvacarmīṇa,,
sarvacchandaka,,
sarvajaṭa,,
sarvajanapriya,,
sarvajanīna,,
sarvajanīya,,
sarvajāgata,,
sarvajīvamaya,ī,
sarvajīvin,ī,
sarvajñajñānin,ī,
sarvajñamānin,ī,
sarvajñammanya,,
sarvajñānamaya,ī,
sarvajñīya,,
sarvajvarajvarāpaha,,
sarvajvarahara,,
sarvataḥpāṇipāda,,
sarvatantramaya,ī,
sarvatantra,,
sarvatapomaya,ī,
sarvatamonuda,,
sarvatāpana,,
sarvatīkṣṇa,,
sarvatīrthamaya,ī,
sarvatīrthātmaka,,
sarvatejomaya,ī,
sarvatokṣiśiromukha,,
sarvatogāmin,ī,
sarvatodikka,,
sarvatodhāra,,
sarvatodhura,,
sarvatobhadra,,
sarvatomukha,ī,
sarvatovṛtta,,
sarvatragata,,
sarvatragāmin,ī,
sarvatrāpratigha,,
sarvatraiṣṭubha,,
sarvathāviṣaya,,
sarvadaṇḍadhara,,
sarvadamana,,
sarvadarśana,,
sarvadarśin,ī,
sarvadānādhika,,
sarvadevata,,
sarvadevatāmaya,ī,
sarvadevatya,,
sarvadevamaya,ī,
sarvadevahutāśana,,
sarvadevātmaka,,
sarvadeśīya,,
sarvadeśya,,
sarvadaivatya,,
sarvadvārika,,
sarvadhanin,ī,
sarvadharmamaya,ī,
sarvadhurāvaha,,
sarvadhurīṇa,,
sarvanāśin,ī,
sarvaniyojaka,,
sarvanilaya,,
sarvapaṭṭamara,ī,
sarvapattrīṇa,,
sarvapariphulla,,
sarvapāñcālaka,,
sarvapātrīṇa,,
sarvapāpahara,,
sarvapāraśava,,
sarvapālaka,,
sarvapuṇya,,
sarvapuruṣa,,
sarvapūta,,
sarvapūraka,,
sarvapūruṣa,,
sarvapūrṇa,,
sarvapūrva,,
sarvapṛthvīmaya,ī,
sarvaprakāra,,
sarvaprāyaścitta,ī,
sarvaprāyaścittīya,,
sarvapriya,,
sarvabāhya,,
sarvabījin,ī,
sarvabhakṣin,ī,
sarvabhakṣya,,
sarvabhayaṃkara,,
sarvabhāvana,,
sarvabhāsa,,
sarvabhūtaguhāśaya,,
sarvabhūtadamana,,
sarvabhūtamaya,ī,
sarvabhūtastha,,
sarvabhūtasthita,,
sarvabhūtahita,,
sarvabhūta,,
sarvabhūtātmaka,,
sarvabhūtātmabhūta,,
sarvabhūtāntaka,,
sarvabhūtepsita,,
sarvabhogin,ī,
sarvabhogīṇa,,
sarvabhogya,,
sarvamaṃsāda,,
sarvamaṅgala,,
sarvamaya,ī,
sarvamāgadhaka,,
sarvamukha,,
sarvamedhya,,
sarvayantrin,ī,
sarvarakṣaṇa,,
sarvarakṣin,ī,
sarvaratnamaya,ī,
sarvaratnasamanvita,,
sarvarasa,,
sarvarūpin,ī,
sarvartuka,,
sarvaliṅga,,
sarvalokabhayaṃkara,,
sarvalokamaya,ī,
sarvalokin,ī,
sarvalohamaya,ī,
sarvaloha,,
sarvalohita,,
sarvavarṇin,ī,
sarvavallabha,,
sarvavāṅmaya,ī,
sarvavātasaha,,
sarvavādisammata,,
sarvavāsaka,,
sarvavikrayin,ī,
sarvavijñāna,,
sarvavijñānin,ī,
sarvavidya,,
sarvavidyāmaya,ī,
sarvaviśrambhin,ī,
sarvaviṣaya,,
sarvavedamaya,ī,
sarvavedasa,,
sarvavedasin,ī,
sarvaveda,,
sarvavedin,ī,
sarvavaināśika,,
sarvavyāpin,ī,
sarvavrata,,
sarvaśabdaga,,
sarvaśastrin,ī,
sarvaśāsa,,
sarvaśāstramaya,ī,
sarvaśāstraviśārada,,
sarvaśāstra,,
sarvaśiṣya,,
sarvaśīghra,,
sarvaśuddhavāla,,
sarvaśubhaṃkara,,
sarvaśeṣa,,
sarvaśaikyāyasa,ī,
sarvaśokavināśin,ī,
sarvaśrāvya,,
sarvaśreṣṭha,,
sarvaśveta,,
sarvasaṃgata,,
sarvasaṃgraha,,
sarvasaṃśliṣṭa,,
sarvasaṃstha,,
sarvasaṃsthāna,,
sarvasaṃhāra,,
sarvasaṃhārin,ī,
sarvasaguṇa,,
sarvasatya,,
sarvasamāhara,,
sarvasamṛddha,,
sarvasampanna,,
sarvasāda,,
sarvasādhana,,
sarvasāha,,
sarvasiddhārtha,,
sarvasulabha,,
sarvasūkṣma,,
sarvasūtra,,
sarvasena,,
sarvasauvarṇa,,
sarvasvadakṣiṇa,,
sarvasvadaṇḍa,,
sarvasvaphalin,ī,
sarvasvarita,,
sarvasvarṇamaya,ī,
sarvasvāmiguṇopeta,,
sarvahara,,
sarvaharṣakara,,
sarvahāsya,,
sarvahita,,
sarvahuta,,
sarvahemamaya,ī,
sarvākṣa,,
sarvāgneya,,
sarvāṅgasundara,,
sarvāṅga,ī,
sarvāṅgika,,
sarvājīva,,
sarvātithivrata,,
sarvātiśāyin,ī,
sarvātisārin,ī,
sarvātmaka,,
sarvādṛśa,,
sarvādhika,,
sarvādhikārin,ī,
sarvānavadyāṅga,ī,
sarvānukārin,ī,
sarvānudātta,,
sarvānunāsika,,
sarvānuṣṭubha,,
sarvānusyūta,,
sarvāntaka,,
sarvāntarastha,,
sarvāntara,,
sarvānnabhakṣaka,,
sarvānnabhojin,ī,
sarvānnin,ī,
sarvānnīna,,
sarvānya,,
sarvāpekṣa,,
sarvābhayaṃkara,,
sarvābhayaprada,,
sarvābharaṇabhūṣita,,
sarvābhiśaṅkin,ī,
sarvābhisaṃdhaka,,
sarvābhisaṃdhin,ī,
sarvābhyantara,,
sarvāyasa,ī,
sarvāyudhopeta,,
sarvāraṇyaka,,
sarvārthakuśala,,
sarvārthacintaka,,
sarvārthasādhaka,ikā,
sarvārthasādhana,,
sarvārthasiddha,,
sarvārtha,,
sarvārthānusādhin,ī,
sarvārhaṇa,,
sarvāvāsa,,
sarvāvāsin,ī,
sarvāśin,ī,
sarvāścaryamaya,ī,
sarvāśramin,ī,
sarvāstivādin,ī,
sarvāstra,,
sarvāsya,,
sarvāhammānin,ī,
sarvāhṇika,,
sarvīya,,
sarvendriyasambhava,,
sarvela,,
sarvottama,,
sarvodātta,,
sarvodyukta,,
sarvopakārin,ī,
sarvopadha,,
sarvauṣadha,,
sarṣapamiśra,,
sarṣigaṇa,,
sarṣimarudgaṇa,,
salakṣaṇa,,
salakṣa,,
salagnaka,,
salajja,,
salavaka,,
salavaṇa,,
salasala,,
salājakusuma,,
saliga,,
salilaja,,
saliladāyin,ī,
salilapavanāśin,ī,
salilabhayadāyin,ī,
salilamaya,ī,
salilavāta,,
salilastambhin,ī,
salilārṇavasāyaka,,
salilārthin,ī,
salilāśana,,
salilāhāra,,
salilecara,,
salileśaya,,
salilottha,,
salilodbhava,,
salilopajīvin,ī,
salīlaparihāsa,,
salepa,,
saleśa,,
saloka,,
salokya,,
salobha,,
savacana,,
savajrasaṃghāta,,
savatya,,
savatsa,,
savanagata,,
savanavidha,,
savanastha,,
savanīya,,
savapuṣa,ī,
savayasa,,
savayaska,,
savarūtha,,
savarūthin,ī,
savargīya,,
savarṇābha,,
savarṇiliṅgin,ī,
savarṇopāyin,ī,
savarya,,
savalga,,
savavidha,,
savākchala,,
savātya,,
savārija,,
savārttika,,
savālakhilya,,
savāsa,,
savāsin,ī,
saviṃśa,,
savikalpa,,
savikāra,,
savikrama,,
savigraha,,
savijñāna,,
savitarka,,
savitṛprasūta,,
savitta,,
savitriya,,
savidya,,
savidyutstanita,,
savidha,,
savinaya,,
savibhaktika,,
savibhrama,,
savilāsa,,
savivadha,,
saviveka,,
saviśeṣaka,,
saviśeṣakānta,,
saviśeṣaṇa,,
saviśeṣa,,
saviṣāṇa,,
saviṣṭara,,
savihaṃga,,
savīra,,
savīrya,,
savīvadha,,
savṛkṣakṣupalata,,
savṛtasoma,,
savṛtta,,
savṛttika,,
savṛddhika,,
savṛṣṭika,,
savega,,
saveṇuvīṇāpaṇavānunāda,,
savetāla,,
savedika,,
savedha,,
saveśa,,
saveṣa,,
saveṣṭana,,
savaiyākhya,,
savaira,,
savyacārin,ī,
savyajana,,
savyañjana,,
savyadha,,
savyapekṣa,,
savyabhicaraṇa,,
savyabhicāra,,
savyasācin,ī,
savyāja,,
savyādhara,,
savyāpagrahaṇa,,
savyāpasavya,,
savyāvṛtta,,
savyāśūnya,,
savyāhṛtipraṇavaka,,
savyetara,,
savyottāna,,
savraṇa,,
savratin,ī,
savrīḍa,,
saśakala,,
saśaṅkhagoṣa,,
saśaṅkha,,
saśayana,ī,
saśaracāpahasta,,
saśara,,
saśarāsana,,
saśarin,ī,
saśalka,,
saśastra,,
saśasya,,
saśālmala,,
saśikhaṇḍin,ī,
saśikhara,,
saśibira,,
saśiraska,,
saśiṣya,,
saśītkāra,,
saśukra,,
saśṛṅgāra,,
saśeṣa,,
saśeṣānna,,
saśailavanakānana,,
saśyāparṇa,,
saśleṣa,,
saśvāsa,,
saṣoḍaśika,,
saṣkila,,
sasaṃkaṭa,,
sasaṃketa,,
sasaṃgraha,,
sasaṃjña,,
sasaṃtāna,,
sasaṃdeha,,
sasaṃdhyāṃśa,,
sasaṃnāma,,
sasaṃrambha,,
sasaṃhāra,,
sasaṅga,,
sasaciva,,
sasaṭa,,
sasatya,,
sasadbhāva,,
sasaptaka,,
sasabhya,,
sasamidgaṇa,,
sasampada,,
sasampātin,ī,
sasampraiṣa,,
sasambhārayajuṣka,,
sasahāya,,
sasa,,
sasāṃnāyyaka,,
sasākṣika,,
sasāgara,,
sasātyaka,,
sasādhana,,
sasādhvasa,,
sasādhvīka,,
sasāravāṇa,,
sasāra,,
sasāvarṇa,,
sasita,,
sasitotpalamālin,ī,
sasitopala,,
sasīta,,
sasīmaka,,
sasugandha,,
sasugandhigātra,,
sasudarśana,,
sasundarīka,,
sasuparṇa,,
sasubrahmaṇya,,
sasura,,
sasuvarṇa,,
sasuhṛjjana,,
sasuhṛnmitrabāndhava,,
sasūta,,
sasṛjāna,,
sasena,,
sasainyabalavāhana,,
sasainya,,
sasomapītha,,
sasoma,,
sasaurabha,,
sasaurāṣṭra,,
sastutaśastra,,
sastrīka,,
sasthaṇḍilaka,,
sasthāṇujaṅgama,,
sasthāna,,
sasthāsnucārin,ī,
sasthūṇacchinna,,
sasthūṇa,,
sasnitama,,
sasnehabahumāna,,
saspiñjara,,
saspṛha,,
sasphura,,
sasphuliṅga,,
sasyaka,,
sasyapūrṇa,,
sasyaprada,,
sasyamālin,ī,
sasyaśālin,ī,
sasrīvṛkṣa,,
sasvara,,
sasvāhākāra,,
sasveda,,
sahaṃsapāta,,
sahakaṇṭhaka,ikā,
sahaka,,
sahakāra,,
sahakārin,ī,
sahakṛta,,
sahakramya,,
sahagata,,
sahagāmin,ī,
sahaguḍa,,
sahacandralalāma,,
sahacaraṇa,,
sahacara,,
sahacarita,,
sahacārin,ī,
sahajadhārmika,,
sahajamalina,,
sahajāta,,
sahajānuṣa,,
sahajīvin,ī,
sahajetara,,
sahajoṣaṇa,,
sahadaṇḍa,,
sahadāra,,
sahadīkṣitin,ī,
sahadevaja,,
sahadevata,,
sahadeva,,
sahadroṇa,,
sahadharmacara,,
sahadharmacārin,ī,
sahadharmin,ī,
sahadhānya,,
sahanana,,
sahanaśīla,,
sahanivāsin,ī,
sahanīya,,
sahantama,,
sahantya,,
sahapatnīka,,
sahapāṃsukrīḍita,,
sahapuruṣa,,
sahapūruṣa,,
sahaprathāyin,ī,
sahaprama,,
sahaprayāyin,ī,
sahapravāda,,
sahabāndhava,,
sahabhakṣa,,
sahabhārya,,
sahabhāvanika,,
sahabhāvin,ī,
sahabhūta,,
sahamarmāsthisaṃghāta,,
sahamātṛka,,
sahamāna,,
sahamārīca,,
sahamukha,,
sahamūra,,
sahamūla,,
sahaya,,
sahayāyin,ī,
sahayaugaṃdharāyaṇa,,
saharājaka,,
saharṣamṛgayugrāmaninādamaya,ī,
sahalakṣmaṇa,,
sahavartin,ī,
sahavācya,,
sahavārṣṇeyajīvala,,
sahavārṣṇeyabāhuka,,
sahavāsika,,
sahavāsin,ī,
sahavāhana,,
sahavīra,,
sahavṛddhikṣayabhāva,,
sahavaiśikya,,
sahaśayyāsanāśana,,
sahaśiṣṭa,,
sahasaṃjātavṛddha,,
sahasaṃvega,,
sahasambhava,,
sahasāna,,
sahasiddha,,
sahasin,ī,
sahasūktavāka,,
sahasevin,ī,
sahasoma,,
sahaskṛta,,
sahasta,,
sahastoma,,
sahastha,,
sahasthita,,
sahasphya,,
sahasya,,
sahasrakarapannetra,,
sahasraka,ikā,
sahasraka,,
sahasrakāṇḍa,,
sahasraguṇa,,
sahasraguṇita,,
sahasraghātin,ī,
sahasracaraṇa,,
sahasrajihva,,
sahasraṇītha,,
sahasratama,ī,
sahasrataya,,
sahasradaṃṣṭra,,
sahasradakṣiṇa,,
sahasradala,,
sahasrada,,
sahasradātama,,
sahasradhāra,,
sahasradhauta,,
sahasranayana,,
sahasranetra,,
sahasrapattrābharaṇa,,
sahasraparṇa,ī,
sahasraputra,,
sahasrapūraṇa,,
sahasrapṛṣṭha,,
sahasrapoṣakāma,,
sahasrapoṣa,,
sahasrapoṣin,ī,
sahasrapradhana,,
sahasraprāṇa,,
sahasrabhara,,
sahasrabhujajihvākṣa,,
sahasramīḍha,,
sahasramīłha,,
sahasramukha,,
sahasramuṣka,,
sahasramūrdhaśravaṇākṣināsika,,
sahasramūla,,
sahasrambhara,,
sahasrayājin,ī,
sahasralocana,,
sahasravaktra,,
sahasravadana,,
sahasravartanin,ī,
sahasravaliśa,,
sahasravalśa,,
sahasravāka,,
sahasravāja,,
sahasravīra,,
sahasraśatadakṣiṇa,,
sahasraśākha,,
sahasraśikhara,,
sahasraśirasa,,
sahasraśirasodara,,
sahasraśīrṣa,,
sahasraśṛṅga,,
sahasrasaṃkhya,,
sahasrasaṃkhyāka,,
sahasrasama,,
sahasrasammita,,
sahasrasava,,
sahasrasātama,,
sahasrasīta,,
sahasrastotriya,,
sahasrasthūṇa,,
sahasrahasta,,
sahasraha,,
sahasra,ī,
sahasrāṃśusama,,
sahasrākṣa,,
sahasrātṛṇṇa,,
sahasrāmagha,,
sahasrāyudha,,
sahasrāra,,
sahasrārgha,,
sahasrārha,,
sahasrika,ī,
sahasrin,ī,
sahasriya,,
sahasrīya,,
sahasrekṣaṇa,,
sahahuta,,
sahājya,,
sahānuja,,
sahāpatya,,
sahāpavāda,,
sahāmātya,,
sahāyatana,,
sahāyārthin,ī,
sahāyin,ī,
sahārambha,,
sahārogya,,
sahārjuna,,
sahārthanāśa,,
sahārtha,,
sahārdha,,
sahāvasthita,,
sahāva,,
sahāsarabhasa,,
sahitavya,,
sahitasthita,,
sahita,,
sahima,,
sahiraṇyapātra,,
sahiraṇya,,
sahiṣṭha,,
sahuḍa,,
sahṛllekha,,
sahetikaraṇa,,
sahetikāra,,
sahetuka,,
sahendra,,
sahemakakṣya,,
sahemaka,,
sahela,,
sahoḍhaja,,
sahottha,,
sahotthāyin,ī,
sahodaka,,
sahodakumbha,,
sahodana,,
sahodita,,
sahopadha,,
sahora,,
sahoṣita,,
sahautra,,
sahya,,
sa,,
sāṃkathika,,
sāṃkarika,,
sāṃkala,,
sāṃkalpika,ī,
sāṃkucita,,
sāṃkṛta,,
sāṃketika,,
sāṃkṣepika,,
sāṃkhyamaya,ī,
sāṃkhya,,
sāṃgatika,,
sāṃgrahaṇa,ī,
sāṃgrahasūtrika,,
sāṃgrahika,,
sāṃgrāma,,
sāṃgrāmikavidhijña,,
sāṃgrāmika,ī,
sāṃgrāhika,,
sāṃghaṭika,,
sāṃghaṭṭika,,
sāṃghāta,,
sāṃghātika,,
sāṃghika,ī,
sāṃcārika,,
sāṃtatika,,
sāṃtapana,,
sāṃtapanīya,,
sāṃtāna,,
sāṃtānika,ī,
sāṃtāpika,,
sāṃdṛṣṭika,,
sāṃdha,,
sāṃdhivela,,
sāṃdhya,,
sāṃnatya,,
sāṃnahanika,,
sāṃnāhika,,
sāṃnāhuka,,
sāṃnipātika,,
sāṃnipātin,ī,
sāṃnipātya,,
sāṃniveśika,,
sāṃnyāsika,,
sāṃyamana,,
sāṃyamanika,,
sāṃyuga,ī,
sāṃyugīna,,
sāṃyogika,,
sāṃyaugika,,
sāṃvatsaraka,,
sāṃvatsara,ī,
sāṃvatsarika,,
sāṃvatsarīya,,
sāṃvartaka,,
sāṃvarta,,
sāṃvahitra,,
sāṃvādika,,
sāṃvāsika,,
sāṃvittika,,
sāṃveśanika,,
sāṃveṣika,,
sāṃvyavahārika,ī,
sāṃśaṃsika,,
sāṃśayika,ī,
sāṃśa,,
sāṃsargavidya,,
sāṃsargika,ī,
sāṃsārika,,
sāṃsiddhika,ī,
sāṃsṛṣṭika,,
sāṃskārika,,
sāṃsthānika,,
sāṃsphīyaka,,
sāṃhananika,,
sāṃhita,ī,
sāṃhitika,,
sākaṃgarbha,,
sākaṃja,,
sākarṇakāyana,,
sākarṇakya,,
sākalāyana,,
sākalyaka,,
sākāṅkṣa,,
sākāśa,,
sākula,,
sāketaka,,
sāktuka,,
sāktusaindhava,,
sākṣatapātrahasta,,
sākṣata,,
sākṣa,,
sākṣātkara,,
sākṣātkartavya,,
sākṣātkārin,ī,
sākṣātkṛta,,
sākṣāddṛṣṭa,,
sākṣin,ī,
sākṣibhāvita,,
sākṣibhūta,,
sākṣimātra,,
sākṣilakṣaṇa,,
sākṣepa,,
sākṣya,,
sākhidatteya,,
sākheya,,
sākhya,,
sāgamaka,,
sāgama,,
sāgaraṃgama,,
sāgaragāmin,ī,
sāgaravāsin,ī,
sāgaraśaya,,
sāgara,ī,
sāgarānukūla,,
sāgarānūpaka,,
sāgarāntargata,,
sāgarāpāṅga,ī,
sāgarālaya,,
sāgarika,ī,
sāgarikāmaya,ī,
sāgaroddhūtaniḥsvana,,
sāgnika,,
sāgnicitya,,
sāgnidhūma,,
sāgnipurogama,,
sāgraha,,
sāṅkura,,
sāṅgaja,,
sāṅgada,,
sāṅgarāga,,
sāṅga,,
sāṅgāraka,,
sāṅguṣṭha,,
sāṅgopāṅga,,
sācaya,,
sācāra,,
sācisthita,,
sācīkṛta,,
sācīkṛtānana,,
sācīna,,
sāceya,,
sācya,,
sāja,,
sājya,,
sāñjana,,
sāṭopa,,
sāṭṭahāsa,,
sāḍa,,
sāḍbhūta,,
sāḍha,,
sāṇḍa,,
sātaya,,
sāta,,
sātirātra,,
sātirikta,,
sātireka,,
sātiśaya,,
sātisāra,,
sātīkāśa,,
sātobārhata,,
sāttra,,
sāttrika,,
sāttva,,
sāttvika,ī,
sātma,,
sātmārpaṇa,,
sātmīkṛta,,
sātmya,,
sātyadūta,,
sātya,,
sātrāsāhaka,,
sātvata,ī,
sādaka,,
sādada,,
sādana,,
sādanya,,
sādamaya,ī,
sādayitavya,,
sādasata,,
sādasa,,
sādāśiva,ī,
sādita,,
sādin,ī,
sādīnava,,
sādṛśa,,
sādṛśīya,,
sādbhuta,,
sādyaḥkra,,
sādyanta,,
sādyaska,,
sādyaskra,,
sādya,,
sādyoja,,
sādhakatama,,
sādhaka,ikā,
sādhanakṣama,,
sādhanarūpin,ī,
sādhana,ī,
sādhanārha,,
sādhanāvyāpaka,,
sādhanībhūta,,
sādhanīya,,
sādhayitavya,,
sādhāna,,
sādhāraṇa,ī,
sādhāra,,
sādhārita,,
sādhikṣepa,,
sādhita,,
sādhidaivata,,
sādhidaiva,,
sādhin,ī,
sādhibhūta,,
sādhibhūtādhidaiva,,
sādhimāna,,
sādhiyajña,,
sādhivāsa,,
sādhiṣṭha,,
sādhiṣṭhāna,,
sādhukārin,ī,
sādhukṛta,,
sādhugata,,
sādhucaraṇa,,
sādhuja,,
sādhujāta,,
sādhutama,,
sādhutara,,
sādhudarśin,ī,
sādhudāyin,ī,
sādhudevin,ī,
sādhudvitīya,,
sādhunigūhin,ī,
sādhuphala,,
sādhumata,,
sādhummanya,,
sādhurandhin,ī,
sādhuvācaka,,
sādhuvādin,ī,
sādhuvāhin,ī,
sādhuvigarhita,,
sādhuvṛtta,,
sādhuveṣa,,
sādhuśīla,,
sādhuśukla,,
sādhusaṃskṛta,,
sādhusamakṣarūpa,,
sādhusamācāra,,
sādhusammata,,
sādhusiddha,,
sādhūkta,,
sādhyavasāya,,
sādhyavyāpaka,,
sādhyasiddha,,
sādhya,,
sādhyāsa,,
sādhyāhāra,,
sādhvanindita,,
sādhvalaṃkṛta,,
sādhvasavipluta,,
sādhvācāra,,
sānatkumāra,,
sānatsujāta,,
sānala,,
sānin,ī,
sānuka,,
sānukūla,,
sānuga,,
sānucara,ī,
sānuja,,
sānunāsikavākya,,
sānunāsika,,
sānunāsikya,,
sānuplava,,
sānubandhaka,,
sānumāna,,
sānuyātra,,
sānuruha,,
sānuvakraga,,
sānuvaṣaṭkāra,,
sānuśaya,,
sānusvarita,,
sānusvāra,,
sānūkāśa,,
sānūpa,,
sāntaḥstha,,
sāntarāya,,
sāntarāla,,
sāntardeśa,,
sāntarhāsa,,
sāntvada,,
sāntvanīya,,
sāntvapūrva,,
sāntva,,
sāntvita,,
sāndrakutūhala,,
sāndratama,,
sāndratara,,
sāndratvakka,,
sāndramūtra,,
sāndramehin,ī,
sāndrasnigdha,,
sāndrasparśa,,
sāndrīkṛta,,
sānvaya,,
sānvārambhaṇīya,,
sāpagama,,
sāpatna,,
sāpatneya,ī,
sāpamāna,,
sāparānta,,
sāpavādaka,,
sāpiṇḍibhakta,,
sāpīḍa,,
sāpekṣa,,
sāptatika,,
sāptapada,,
sāptapadīna,,
sāptapuruṣa,,
sāptapauruṣa,ī,
sāptamika,,
sāptarātrika,ī,
sāptaleya,,
sāpsarogaṇa,,
sābādha,,
sābhāpata,,
sābhāsaṃnayana,,
sābhicaraṇika,,
sābhijñānayuta,,
sābhitāpa,,
sābhiniveśa,,
sābhiprāya,,
sābhiśaṅka,,
sābhisaṃskāraparinirvāyin,ī,
sābhisara,,
sābhyarthana,,
sābhyasūya,,
sābhyāsa,,
sābhra,,
sāmaka,ikā,
sāmakārin,ī,
sāmagāyin,ī,
sāmaja,,
sāmana,,
sāmantavāsin,ī,
sāmanta,,
sāmanya,,
sāmanvin,ī,
sāmapūrva,,
sāmapradhāna,,
sāmamaya,ī,
sāmaya,,
sāmayācārika,,
sāmayika,,
sāmayugīna,,
sāmara,,
sāmarādhipa,,
sāmarika,,
sāmareya,,
sāmarthyabandhana,,
sāmarthyahīna,,
sāmarṣa,,
sāmavaśa,,
sāmavāyika,,
sāmavipra,,
sāmavedāntaga,,
sāmavaidika,,
sāmasādhya,,
sāmasiddha,,
sāmastika,,
sāma,,
sāmācārika,,
sāmājika,,
sāmātyapramukha,,
sāmātya,,
sāmānagrāmika,,
sāmānadeśika,,
sāmānika,,
sāmānyatama,,
sāmānyatara,,
sāmānyavacana,,
sāmāsika,ī,
sāmika,,
sāmikṛta,,
sāmicita,,
sāmita,,
sāmitya,,
sāmidhena,,
sāmidhenya,,
sāmipīta,,
sāmibhukta,,
sāmisaṃsthita,,
sāmīcīkaraṇīya,,
sāmīpya,,
sāmīraṇa,,
sāmīrya,,
sāmutkarṣika,ī,
sāmudāyika,,
sāmudraka,,
sāmudrasthalaka,,
sāmudra,,
sāmudrikajña,,
sāmudrika,,
sāmūhika,,
sāmṛta,,
sāmoḍha,,
sāmoda,,
sāmonmukha,,
sāmna,ī,
sāmpada,,
sāmpannika,,
sāmparāya,,
sāmpātika,,
sāmpādika,,
sāmprata,,
sāmpratika,ī,
sāmpradānika,,
sāmpradāyika,,
sāmprayogika,,
sāmpraśnika,,
sāmpriyaka,,
sāmba,,
sāmbuvāsara,,
sāmbhala,,
sāmmodanika,,
sāmyatālaviśārada,,
sāmyabodhaka,,
sāmrājyadīkṣita,,
sāmrājya,,
sāyaṃkālika,,
sāyaṃkālīna,,
sāyaṃgṛha,,
sāyaṃgoṣṭha,,
sāyaṃdugdha,,
sāyaṃsūryoḍha,,
sāyakapraṇutta,,
sāyakamaya,ī,
sāyaka,,
sāyaṇamādhavīya,,
sāyaṇīya,,
sāyatana,,
sāyana,,
sāyantana,ī,
sāyamprātarāśin,ī,
sāyamprātarmaya,ī,
sāyamprātika,,
sāyārambha,,
sāyāsa,,
sāyudhapragraha,,
sāyodbhidura,,
sāraka,,
sārakāyaṇa,,
sārakeya,,
sārakya,,
sāraga,,
sāragātra,,
sāragrāhin,ī,
sāragha,,
sāraṅga,ī,
sāraṇa,ī,
sāraṇyaka,,
sāratama,,
sāradarśin,ī,
sāradārumaya,ī,
sārapattra,,
sārabhūta,,
sāramaya,ī,
sārayodha,,
sārarūpa,,
sāravarjita,,
sārava,,
sāraśūnya,,
sārasadvitīya,,
sārasa,ī,
sārasa,,
sārasāyanabhakta,,
sārasāyana,,
sārasārin,ī,
sāraseya,,
sārasvata,ī,
sārasvatya,,
sāra,,
sārāgavastra,,
sārārthin,ī,
sārāva,,
sārāsāra,,
sārin,ī,
sārimejaya,,
sāriṣṭa,,
sāriṣṭha,,
sārundhatīka,,
sārka,,
sārgaḍa,,
sārgala,,
sārgāla,ī,
sārgika,,
sārtarava,,
sārthaka,,
sārthaja,,
sārthabhraṃśasamudbhava,,
sārthasaṃcaya,,
sārthahīna,,
sārthika,,
sārdhaṃvihārin,ī,
sārdhamātra,,
sārdhavārṣika,,
sārparājña,ī,
sārpavidyika,,
sārpa,,
sārpiṣa,,
sārpiṣka,,
sārya,,
sārvakarmika,,
sārvakāma,,
sārvakāmika,ī,
sārvakārmika,,
sārvakāla,,
sārvakālika,,
sārvakeśya,,
sārvakratuka,,
sārvagāmin,ī,
sārvaguṇika,,
sārvacarmīṇa,,
sārvajanika,,
sārvajanīna,,
sārvajanya,,
sārvajña,ī,
sārvadhātuka,,
sārvanāmika,,
sārvabhautika,,
sārvabhauma,,
sārvabhaumika,,
sārvamedhika,,
sārvayajñika,,
sārvayaugika,,
sārvarātrika,,
sārvarogika,,
sārvaraugika,,
sārvalaukika,ī,
sārvavarṇika,,
sārvavarmika,,
sārvavibhaktika,,
sārvavedasadakṣiṇa,,
sārvavedasa,,
sārvavaidika,,
sārvasūtra,,
sārvasenayajña,,
sārvasenya,,
sārva,,
sārvāyuṣa,,
sārṣapa,ī,
sārṣṭa,,
sālaka,,
sālaktaka,,
sālambana,,
sālamba,,
sālasa,,
sālopa,,
sālhaṇa,,
sāvaka,ikā,
sāvagraha,,
sāvacāraṇa,,
sāvajña,,
sāvadya,,
sāvadhānīkṛta,,
sāvadhāraṇa,,
sāvana,,
sāvamarda,,
sāvamāna,,
sāvayava,,
sāvaraṇa,,
sāvara,,
sāvaroha,,
sāvarṇa,,
sāvarṇika,ī,
sāvarṇya,,
sāvalamba,,
sāvalepa,,
sāvaśeṣajīvita,,
sāvaśeṣabandhana,,
sāvaṣṭambha,,
sāvasa,,
sāvahita,,
sāvahela,,
sāvika,,
sāvitra,ī,
sāvitrīpatita,,
sāvitrīparibhraṣṭa,,
sāvin,ī,
sāviṣkāra,,
sāvya,,
sāśaṃsa,,
sāśana,,
sāśira,,
sāśīrka,,
sāścaryakautuka,,
sāścaryacarya,,
sāścaryamaya,ī,
sāścarya,,
sāśmavarṣin,ī,
sāśra,,
sāśrunayana,,
sāśrulocana,,
sāśvamedha,,
sāśva,,
sāṣṭa,,
sāṣṭāṅga,,
sāsandīka,,
sāsava,,
sāsahāna,,
sāsihasta,,
sāsūya,,
sāsnālāṅgūlakakudakhuraviṣāṇin,ī,
sāsrava,,
sāsra,,
sāhaṃkāra,,
sāhaṃkṛta,,
sāhakāyana,,
sāhacara,,
sāhajika,,
sāhantya,,
sāhaya,,
sāhasakārin,ī,
sāhasa,,
sāhasāṅkīya,,
sāhasādhyavasāyin,ī,
sāhasika,ī,
sāhasin,ī,
sāhasaikarasika,,
sāhasaikāntarasānuvartin,ī,
sāhasopanyāsin,ī,
sāhasraka,ikā,
sāhasravedhin,ī,
sāhasra,ī,
sāhasrika,,
sāha,,
sāhāyyakara,,
sāhna,,
sāhnātirātra,,
sāhyakara,,
sāhlāda,,
sāhvaya,,
siṃhagrīva,,
siṃhadaṃṣṭra,,
siṃhadarpa,,
siṃhanardin,ī,
siṃhapragarjana,,
siṃhapratīka,,
siṃhamukha,,
siṃhalaka,,
siṃhalastha,,
siṃhavāhana,,
siṃhavāha,,
siṃhavāhin,ī,
siṃhavikrāntagāmin,ī,
siṃhavikrānta,,
siṃhavyāghraniṣevita,,
siṃhasaṃhanana,,
siṃhaskandha,,
siṃhāḍhya,,
siṃhāsanabhraṣṭa,,
siṃhāsanastha,,
siṃhāsya,,
sikatāmaya,ī,
sikatāmehin,ī,
sikatila,,
sikatottara,,
sikatopopta,,
sikatya,,
sikta,,
sitakaṇṭha,,
sitakamalamaya,ī,
sitaka,,
sitakācara,,
sitakāca,,
sitakuñjara,,
sitakṛṣṇa,,
sitacchattrita,,
sitacchada,,
sitatara,,
sitapiṅgāṇa,,
sitapītaharinnīla,,
sitapīta,,
sitamaṇimaya,ī,
sitayajñopavītin,ī,
sitarañjana,,
sitalohita,,
sitaśyāma,,
sita,,
sitāṃśuka,,
sitānana,,
sitāśva,,
sitāsita,,
sitikaṇṭha,,
sitetara,,
sitodbhava,,
siddhakāma,,
siddhakārya,,
siddhaprāya,,
siddhamānasa,,
siddharatna,,
siddharasa,,
siddharasāyana,,
siddhalakṣa,,
siddhasaṃkalpa,,
siddhasamākhya,,
siddhasambandha,,
siddhasādhita,,
siddhasādhya,,
siddhasiddha,,
siddhasusiddha,,
siddha,,
siddhājña,,
siddhāntita,,
siddhārthamānin,ī,
siddhikara,ī,
siddhikāraka,,
siddhikārin,ī,
siddhidarśin,ī,
siddhiprada,,
siddhiprāya,,
siddhiyogya,,
siddhīkṛta,,
sidhmala,,
sidhma,,
sina,ī,
sina,,
sindūrita,,
sindhuka,,
sindhuja,,
sindhupāraja,,
sindhumathya,,
sindhumukhāgata,,
sindhuvāsin,ī,
sima,,
silikamadhyama,,
silhakamaya,ī,
sītāyajña,,
sītya,,
sīmantaka,ikā,
sīmantita,,
sīmantin,ī,
sīmākṛṣāṇa,,
sīmāpahārin,ī,
sīravāha,,
sīrṇa,,
sīvya,,
sukaṭaṃkara,,
sukaṇṭha,ī,
sukandaja,,
sukanyaka,,
sukanyāka,,
sukapolāsya,,
sukarataraka,,
sukarṇaka,,
sukarṇa,,
sukarṇika,,
sukala,,
sukalila,,
sukalpa,,
sukalpita,,
sukalya,,
sukaṣṭa,,
sukāṇḍa,,
sukāṇḍin,ī,
sukānta,,
sukāma,,
sukāśana,,
sukāṣṭhaka,,
sukāṣṭha,,
sukiṃśuka,,
sukumāraka,,
sukumāratara,,
sukumāra,ī,
sukumārāṅga,ī,
sukumārīka,,
sukumāla,,
sukulaja,,
sukulīna,,
sukṛtakarmakārin,ī,
sukṛta,,
sukṛtārtha,,
sukṛtāvāsa,,
sukṛtin,ī,
sukṛtocchraya,,
sukṛtya,,
sukṛṣṭa,,
sukṛṣṇa,,
suketa,,
sukeśa,ī,
sukeśin,ī,
sukeśībhārya,,
sukomala,,
sukruddha,,
sukrūra,,
sukleśa,,
sukṣata,,
sukṣatra,,
sukṣaya,,
sukṣubdha,,
sukhaṃkara,ī,
sukhakara,ī,
sukhakāra,,
sukhakārin,ī,
sukhagama,,
sukhagamya,,
sukhaga,,
sukhagrāhya,,
sukhaghātya,,
sukhacara,ī,
sukhacchāya,,
sukhacchedya,,
sukhajāta,,
sukhadāyaka,,
sukhaduḥkhamaya,ī,
sukhaduḥkhasamanvita,,
sukhaduḥkhātmaka,,
sukhaduḥkhin,ī,
sukhadṛśya,,
sukhaniviṣṭa,,
sukhanīya,,
sukhapara,,
sukhaparihīna,,
sukhapeya,,
sukhapraṇāda,,
sukhapratibandhin,ī,
sukhapratīkṣa,,
sukhapratyarthin,ī,
sukhaprada,,
sukhaprabodhaka,ikā,
sukhapravicāra,,
sukhapravepa,,
sukhaprasava,,
sukhaprasupta,,
sukhaprāptadhana,,
sukhaprāpta,,
sukhaprāpya,,
sukhaprekṣya,,
sukhaplava,,
sukhabaddha,,
sukhabandhana,,
sukhabodharūpa,,
sukhabhāgin,ī,
sukhabhedya,,
sukhabhogin,ī,
sukhabhogya,,
sukhamada,,
sukhamaya,ī,
sukhamānin,ī,
sukhayaśorthavṛddhikara,,
sukharatha,,
sukharūpa,,
sukhalakṣya,,
sukhavaha,,
sukhavāsa,,
sukhavihāra,,
sukhavījya,,
sukhaśayitapracchaka,ikā,
sukhaśayita,,
sukhaśāyin,ī,
sukhaśītala,,
sukhaśīta,,
sukhaśītoṣṇamāruta,,
sukhaśrava,,
sukhaśravya,,
sukhasaṃvāhya,,
sukhasaṃvṛddha,,
sukhasaṃveśa,,
sukhasaṃsupta,,
sukhasaṃsevya,,
sukhasaṃstha,,
sukhasaṃsthita,,
sukhasaṅgin,ī,
sukhasambodhya,,
sukhasādhya,,
sukhasupta,,
sukhasevya,,
sukhastha,,
sukhahasta,,
sukha,,
sukhātmaka,ikā,
sukhādita,,
sukhānta,,
sukhānvita,,
sukhāpanna,,
sukhāpa,,
sukhāpeta,,
sukhāplava,,
sukhābhiyojya,,
sukhābhyudayika,,
sukhārādhya,,
sukhārohaṇa,,
sukhārta,,
sukhārthin,ī,
sukhārha,,
sukhāvagāha,,
sukhāvaha,,
sukhāvṛta,,
sukhāśa,,
sukhāśraya,,
sukhāsīna,,
sukhāsparśa,,
sukhāsvāda,,
sukhāhara,,
sukhita,,
sukhin,ī,
sukhetara,,
sukheta,,
sukheṣṭha,,
sukhaidhita,,
sukhaiṣin,ī,
sukhocita,,
sukhocchedya,,
sukhodaya,,
sukhodarka,,
sukhodya,,
sukhopagamya,,
sukhopaviṣṭa,,
sukhopasarpya,,
sukhoṣita,,
sukhoṣṇa,,
sukhoṣya,,
sukhya,,
sukhyāta,,
sugaṇa,,
sugaṇita,,
sugata,,
sugantva,,
sugandhāḍhya,,
sugandhika,,
sugandhin,ī,
sugarhita,,
sugava,,
sugavya,,
suga,,
sugātra,ī,
sugādha,,
suguṇin,ī,
suguptatara,,
sugupta,,
sugūḍha,,
sugṛhin,ī,
sugṛhīta,,
sugṛhītābhidha,,
sugopya,,
sugaurava,,
sugmya,,
sugrathita,,
sugraha,,
sugrāhya,,
sugrīva,,
sugla,,
sughaṭa,,
sughaṭitaghaṭita,,
sughaṭita,,
sughaṭṭita,,
sughana,,
sughoṣa,,
sughoṣita,,
sucakra,,
sucakropaskara,,
sucatura,,
sucaritacarita,,
sucaritavrata,,
sucarita,,
sucaritārthapada,,
sucaritin,ī,
sucārurūpa,,
sucārusvana,,
sucitraka,,
sucintitacintin,ī,
sucintita,,
sucintya,,
sucira,,
sucirārpita,,
sucirotsuka,,
suciroṣita,,
sucihnita,,
sucetana,,
sucetīkṛta,,
sucetuna,,
succhada,,
succhāya,,
sujaghana,,
sujambha,,
sujāta,,
sujātāṅga,ī,
sujātīya,,
sujitaśrama,,
sujihva,,
sujīrṇaśatakhaṇḍamaya,ī,
sujīrṇa,,
sujīvita,,
sujyaiṣṭhya,,
suṭaṅka,,
sutanaya,,
sutantra,,
sutapasvin,ī,
sutapta,,
sutambhara,,
sutaraṇa,,
sutara,,
sutarpita,,
sutavatsala,,
sutaṣṭa,,
sutasoma,,
suta,,
sutāna,,
sutāmra,,
sutāmroṣṭha,,
sutāraka,,
sutārthin,ī,
sutāsutin,ī,
sutikta,,
sutin,ī,
sutīkṣṇa,,
sutīkṣṇāgra,,
sutībhūta,,
sutīrtha,,
sutukana,,
sutuṅga,,
sutuṣṭa,,
sutekara,,
sutejana,,
sutejita,,
suteraṇa,,
sutoṣaṇa,,
sutoṣa,,
sutyākālīna,,
sutrāta,,
sutrātra,,
sutvakka,,
sudaṃśita,,
sudaṃṣṭra,,
sudakṣiṇa,,
sudatta,,
sudatra,,
sudanta,,
sudama,,
sudambha,,
sudayita,,
sudaridra,,
sudarpaṇa,,
sudarbha,,
sudarśanīya,,
sudarśa,,
sudaśārhakula,,
sudānta,,
sudāya,,
sudīpta,,
sudīrgha,,
suduḥkhārohaṇa,,
suduḥkhita,,
suduḥśrava,,
suduḥsaha,,
suduḥsparśa,,
sudukūla,,
sudurācāra,,
sudurāruha,,
sudurāvarta,,
sudurāsada,,
sudurgama,,
sudurgamya,,
sudurjaya,,
sudurjara,,
sudurjñeya,,
sudurdarśa,,
sudurdṛśa,,
sudurdharṣa,,
sudurnirīkṣaṇa,,
sudurbala,,
sudurbhida,,
sudurlabha,,
sudurvaca,,
sudurvaha,,
sudurvida,,
sudurveda,,
suduścara,,
suduścikitsa,,
suduṣkara,,
suduṣkṛta,,
suduṣṭa,,
suduṣpāra,,
suduṣprasādhya,,
suduṣprāpa,,
suduṣprekṣya,,
sudustara,,
sudustāra,,
sudustyaja,,
suduha,,
sudūra,,
sudṛḍhavrata,,
sudṛḍha,,
sudṛpta,,
sudṛśīkarūpa,,
sudṛśīka,,
sudṛśya,,
sudeva,,
sudoha,,
suddhyupāsya,,
sudvijānana,,
sudhana,,
sudharmin,ī,
sudharṣaṇa,,
sudharṣa,,
sudhākṣālita,,
sudhāta,,
sudhātudakṣiṇa,,
sudhādhavalita,,
sudhādhauta,,
sudhāmaya,ī,
sudhāmṛtamaya,ī,
sudhārasamaya,ī,
sudhārasa,,
sudhāra,,
sudhārin,ī,
sudhāvadāta,,
sudhāvarṣin,ī,
sudhāśaśāṅkadhavala,,
sudhāśubhra,,
sudhāspardhin,ī,
sudhāsyanda,,
sudhāsyandin,ī,
sudhita,,
sudhīra,,
sudhura,,
sudhṛta,,
sudhṛṣṭama,,
sudhodgāramaya,ī,
sudhauta,,
sudhyupāsya,,
sunata,,
sunanda,,
sunayaśālin,ī,
sunarda,,
sunasa,,
sunātha,,
sunāda,,
sunābha,,
sunābhya,,
sunāmadheya,,
sunāsa,,
sunāsākṣibhruva,,
sunāsika,,
suniḥṣṭhita,,
sunikṣipta,,
sunikhāta,,
sunigraha,,
sunidra,,
suninada,,
sunimaya,,
suniyata,,
suniyukta,,
sunirūḍha,,
sunirūpita,,
sunirghṛṇa,,
sunirṇikta,,
sunirbhakta,,
suniryukta,,
sunirviṇṇa,,
suniviṣṭa,,
suniśita,,
suniścala,,
suniścita,,
suniṣka,,
suniṣṭapta,,
suniṣṭhita,,
suniṣṭhura,,
suniṣphala,,
sunihita,,
sunīta,,
sunītha,,
sunīla,,
sunīhāra,,
sunṛśaṃsa,,
sundaratara,,
sundarammanya,,
sundara,ī,
supakṣa,,
supaṭṭaka,,
supatana,,
supattra,,
supattrita,,
supattrin,ī,
supatha,,
supathya,,
supadma,,
supayovin,ī,
suparākrama,,
suparikliṣṭa,,
suparicchanna,,
suparijñāta,,
supariṇata,,
supariṇīta,,
suparipūjita,,
suparipūrṇa,,
suparibhūta,,
suparirakṣita,,
supariviṣṭa,,
supariśuddha,,
supariśrāntavāha,,
supariśrānta,,
suparisruta,,
suparihara,,
suparīkṣita,,
suparīkṣya,,
suparuṣa,,
suparṇaka,,
suparṇacitya,,
suparṇasuvana,,
suparṇa,ī,
suparyavadāta,,
suparyavasita,,
suparyavasitārtha,,
suparyāpta,,
suparvaṇa,,
supalāyita,,
supalāśa,,
supākaka,ikā,
supāṭhaka,,
supāṇḍara,,
supāda,,
supāna,,
supārakṣatra,,
supāraṇa,,
supāva,,
supāśa,,
supitrya,,
supīḍita,,
supīta,,
supīna,,
supuṅkha,,
supuṇyagandha,,
supuṇyada,,
supuṇya,,
supuṣkala,,
supuṣṭa,,
supuṣpa,,
supuṣpita,,
supūjita,,
supūta,,
supeśa,,
supoṣa,,
suptaghātaka,,
suptacyuta,,
suptajanaprāya,,
suptapūrva,,
suptaprabuddha,,
suptamāṃsa,,
suptamīna,,
suptavigraha,,
suptavinidraka,,
suptastha,,
suptasthita,,
supta,,
suptāṅga,,
suptāsupta,,
suptottitha,,
suprakīrṇendriya,,
supraketa,,
suprakṣālita,,
supragamana,,
supragupta,,
supracāra,,
supracchanna,,
suprajāta,,
suprajñāna,,
supratikara,,
supratigṛhīta,,
supraticakṣa,,
supraticchanna,,
supraticchinna,,
supratipanna,,
supratipūjita,,
supratividdha,,
supratiśraya,,
supratiṣṭhāna,,
supratiṣṭhāpita,,
supratiṣṇāta,,
supratīkānvaya,,
supratīta,,
supratyavasita,,
supratyūḍha,,
supradhṛṣya,,
suprapañcahīna,,
suprapāṇa,,
suprabala,,
suprabuddha,,
supramaya,,
supramāṇa,,
suprayukta,,
suprayoga,,
supralambha,,
supravācana,,
supravādita,,
supravṛtta,,
supravṛddha,,
supravedita,,
supravepita,,
supravrajita,,
supraśaṃsita,,
supraśasta,,
suprasādaka,,
suprasāda,,
suprasādhita,,
suprasiddha,,
suprāta,,
suprātiveśmika,,
suprāpa,,
suprāpya,,
suprāvarga,,
suprāvya,,
suprokṣita,,
suprauḍha,,
suphulla,,
subandha,,
subahuśruta,,
subāla,,
subībhatsa,,
subdha,,
subrahmaṇīya,,
subrahmaṇya,,
subrahmabandhūka,,
subhagaṃkaraṇa,ī,
subhagamānin,ī,
subhagambhāvuka,,
subhagammanya,,
subhaṅga,,
subhaṇita,,
subhayaṃkara,,
subhayānaka,,
subhava,,
subhavya,,
subha,,
subhāgya,,
subhāvita,,
subhāṣitamaya,ī,
subhāṣitarasāsvādajātaromāñcakañcuka,,
subhāṣin,ī,
subhāsvara,,
subhikṣakara,,
subhikṣakārin,ī,
subhikṣāvaha,,
subhīta,,
subhīma,,
subhukta,,
subhuja,,
subhūta,,
subhṛta,,
subhṛśa,,
subheṣaja,,
subhairava,ī,
subhoja,,
subhrunāsākṣikeśānta,,
subhrūnāsākṣikeśānta,,
sumakha,,
sumaṅgala,ī,
sumatīkṛta,,
sumatkṣara,,
sumada,,
sumadgaṇa,,
sumadga,,
sumadhura,,
sumanaska,,
sumana,,
sumanāmukha,ī,
sumanobhara,,
sumanomaya,ī,
sumanorama,,
sumanoharaṇa,ī,
sumantrajña,,
sumantra,,
sumantrita,,
sumantrin,ī,
sumanda,,
sumardita,,
sumarmaga,,
sumarṣaṇa,,
sumalina,,
sumahākakṣa,,
sumahātyaya,,
sumahāprāṇa,,
sumahābhāga,,
sumahārha,,
sumahāvrata,,
sumahāsattva,,
sumānasa,,
sumānin,ī,
sumāya,,
sumārtsna,,
sumāṣaka,,
sumāṣa,,
sumita,,
sumitrya,,
sumukta,,
sumukha,ī,
sumukhīkṛta,,
sumudita,,
sumuṣita,,
sumuhūrta,,
sumṛta,,
sumṛṣṭapuṣpāḍhya,,
sumṛṣṭaveṣa,,
sumṛṣṭa,,
sumekhala,,
sumedhya,,
sumna,,
sumnin,ī,
sumnya,,
sumla,,
suyajña,,
suyata,,
suyantrita,,
suyavasin,ī,
suyavasodaka,,
suyaśa,,
suyāma,,
suyukta,,
suyuta,,
suyojita,,
suyyābhidhāna,,
suraka,,
surakṛta,,
surakṣita,,
surakṣya,,
suragarbhābha,,
suratajanita,,
surataprasaṅgin,ī,
suratapriya,,
suratamṛdita,,
surataraṅgin,ī,
suratavyāpārajātaśrama,,
suratastha,,
surata,,
suratotsuka,,
suratopacārakuśala,,
suratha,,
suradārumaya,ī,
surapriya,,
surabhigandha,,
surabhigandhita,,
surabhigandhin,ī,
surabhita,,
surabhin,ī,
surabhiṣṭama,,
surabhisragdhara,,
surabhyāsya,,
surasama,,
surasa,,
surasutopama,,
surādhāna,ī,
surāpāṇaparikṣīva,,
surāpāṇa,,
surāpāna,,
surāpin,ī,
surāpīta,,
surāpītha,,
surāmatta,,
surāmaya,ī,
surāmehin,ī,
surārisambhava,,
surāsaṃspṛṣṭa,,
surāsuramaya,ī,
surāsomavikrayin,ī,
surīya,,
surukma,,
suruja,,
surusura,,
surūḍha,,
surūpaka,ikā,
surūpavarṣavarṇa,,
surendralupta,,
surebha,,
sureṣṭa,,
surocana,,
suroda,,
suropama,,
suroṣa,,
surya,,
sulakṣaṇa,,
sulakṣita,,
sulagna,,
sulaṅghita,,
sulabhakopa,,
sulabhāvakāśa,,
sulabhetara,,
sulabhya,,
sulalitalatāpallavamaya,ī,
sulābha,,
sulikhita,,
sulin,ī,
sululita,,
sulekha,,
sulomaśa,,
suloma,,
sulola,,
sulohita,,
suvaṃśaghoṣa,,
suvaktra,,
suvacana,,
suvaca,,
suvajra,,
suvajrin,ī,
suvaratra,,
suvarūtha,,
suvarūthin,ī,
suvargakāma,,
suvarga,,
suvargeya,,
suvargya,,
suvarcasa,,
suvarcaska,,
suvarjana,,
suvarṇakakṣya,,
suvarṇaka,,
suvarṇanābha,,
suvarṇapakṣa,,
suvarṇapiñjara,,
suvarṇapuṣpita,,
suvarṇapṛṣṭha,,
suvarṇamaya,ī,
suvarṇarūpyaka,,
suvarṇarūpyamaya,ī,
suvarṇavarṇa,,
suvarṇasa,,
suvarṇākhya,,
suvarṇīya,,
suvarṇya,,
suvartita,,
suvaśya,,
suvaha,,
suvākya,,
suvāgmin,ī,
suvācya,,
suvājin,ī,
suvānta,,
suvāla,,
suvāsita,,
suvāsin,ī,
suvāha,,
suvikrama,,
suvikrānta,,
suviklava,,
suviguṇa,,
suvigraha,,
suvicakṣaṇa,,
suvicārita,,
suvicāryakārin,ī,
suvicita,,
suvijñāna,,
suvijñāpaka,,
suvijñeya,,
suvitata,,
suvita,,
suvitta,,
suvidagdha,,
suvidatra,,
suvidatriya,,
suvidita,,
suvidīrṇa,,
suviddha,,
suvidha,,
suvidhāna,,
suvinaya,,
suvinaṣṭa,,
suvinirmala,,
suviniścita,,
suvineya,,
suvinyasta,,
suvipina,,
suvipra,,
suvibhaktagātra,,
suvibhakta,,
suvibhāta,,
suvibhīṣaṇa,,
suviraja,,
suvirūḍha,,
suvilaya,,
suvivartita,,
suvivikta,,
suvivṛta,,
suviśada,,
suviśāla,,
suviśālākṣa,,
suviśiṣṭa,,
suviśuddha,,
suviśodhaka,,
suviśrabdha,,
suviśvasta,,
suviṣaṇṇa,,
suviṣāṇa,,
suviṣṭambhin,ī,
suviṣṭhita,,
suvistīrṇa,,
suvispaṣṭa,,
suvismita,,
suvihita,,
suvīrya,,
suvṛddha,,
suvṛdha,,
suvṛṣalīka,,
suvega,,
suvegin,ī,
suvedana,,
suveda,,
suvena,ī,
suvela,,
suveṣadhara,,
suveṣin,ī,
suvyakta,,
suvyavasthita,,
suvyasta,,
suvyākhyāta,,
suvyuṣṭa,,
suśaṃsa,,
suśaṃsin,ī,
suśakta,,
suśaṭha,,
suśaphagatimukha,,
suśabda,,
suśaraṇa,,
suśaraṇya,,
suśara,,
suśarīra,,
suśasta,,
suśānta,,
suśāsya,,
suśikṣita,,
suśikha,,
suśithila,,
suśithilīkṛta,,
suśipra,,
suśiprin,ī,
suśiṣṭa,,
suśīghraga,,
suśīghra,,
suśītala,,
suśīta,,
suśīma,,
suśīla,,
suśīlin,ī,
suśukla,,
suśuddha,,
suśubha,,
suśṛṅga,,
suśṛṅgāra,,
suśṛta,,
suśeva,,
suśevya,,
suśoka,,
suśoṇa,,
suśodhita,,
suśobhamāna,,
suśobhita,,
suśoṣita,,
suścandra,,
suśrapa,,
suśrava,,
suśrāta,,
suśrānta,,
suśruṇa,,
suśruta,,
suśliṣṭaguṇa,,
suśliṣṭa,,
suśleṣa,,
suślokya,,
suśva,,
suṣaṇana,,
suṣaṇa,,
suṣama,,
suṣamiddha,,
suṣavya,,
suṣaha,,
suṣāha,,
suṣika,,
suṣikta,,
suṣita,,
suṣima,,
suṣiravivarin,ī,
suṣīma,,
suṣuta,,
suṣupāṇa,,
suṣupta,,
suṣupsa,,
suṣūta,,
suṣeka,,
suṣecana,,
suṣeṇa,,
suṣedha,,
suṣṭuta,,
suṣṭhudvāra,,
susaṃkaṭa,,
susaṃkruddha,,
susaṃgupta,,
susaṃgṛhītarāṣṭra,,
susaṃgṛhīta,,
susaṃcita,,
susaṃtuṣṭa,,
susaṃtoṣa,,
susaṃtrasta,,
susaṃdīpta,,
susaṃdha,,
susaṃdhita,,
susaṃnata,,
susaṃnipātita,,
susaṃyata,,
susaṃyukta,,
susaṃyuta,,
susaṃrabdha,,
susaṃvigna,,
susaṃvīta,,
susaṃvṛta,,
susaṃvṛtta,,
susaṃvṛddha,,
susaṃśita,,
susaṃśliṣṭa,,
susaṃskṛta,,
susaṃskṛtopaskara,,
susaṃsthāna,,
susaṃsthita,,
susaṃhitapramāṇa,,
susaṃhita,,
susaṃhṛṣṭa,,
susaktha,,
susaṅga,,
susaciva,,
susatkṛta,,
susattva,,
susatya,,
susadṛśa,ī,
susabhājita,,
susabheya,,
susamāpta,,
susamārabdha,,
susamāśrita,,
susamāsīna,,
susamāhita,,
susamiddha,,
susamīpa,,
susamīhita,,
susamubdha,,
susamṛddha,,
susampiṣṭa,,
susampūrṇa,,
susamprajña,,
susampratapta,,
susamprahṛṣṭa,,
susamprīta,,
susambaddha,,
susambandha,,
susambhṛta,,
susammata,,
susammṛṣṭa,,
susarala,,
susarva,,
susaha,,
susahāya,,
susādhana,,
susādhita,,
susāntvayamana,,
susāra,,
susikta,,
susita,,
susiddha,,
susiddhārtha,,
susukhadṛśya,,
susukhin,ī,
susukhodaya,,
susutama,,
susundara,,
susūtra,,
susevita,,
susevya,,
suskandhamāra,,
suskandha,,
susthakalpa,,
susthacitta,,
susthamānasa,,
susthitammanya,,
susthirammanya,,
susnāta,,
susnigdhagambhīra,,
susparśa,,
suspaṣṭa,,
susphīta,,
susphuṭa,,
susmūrṣamāṇa,,
susragdhara,,
susvana,,
susvādutoya,,
susvānta,,
susvinna,,
suhata,,
suhana,,
suhala,,
suhavya,,
suhasānana,,
suhastya,,
suhāsin,ī,
suhiraṇya,,
suhṛttama,,
suhṛdaya,,
suhṛnmukha,,
suhṛlliṅgadhara,,
suhemanta,,
suhvāna,,
sūktacārin,ī,
sūkta,,
sūktocya,,
sūkṣmatama,,
sūkṣmatara,,
sūkṣmadarśin,ī,
sūkṣmapāda,,
sūkṣmavāluka,,
sūkṣmaśiraska,,
sūkṣmākṣa,,
sūkṣmīkṛta,,
sūkṣmībhūta,,
sūcaka,ikā,
sūcana,ī,
sūcanīya,,
sūcayitavya,,
sūcitavya,,
sūcita,,
sūcin,ī,
sūcibhinna,,
sūcibhedya,,
sūcīkapiśa,,
sūcīprota,,
sūcīmukha,ī,
sūcīmukhāgrasambhedya,,
sūcīvaktra,,
sūcchrita,,
sūcyagraviddha,,
sūcya,,
sūcyāsya,,
sūtakin,ī,
sūtamukha,,
sūtavyasanin,ī,
sūta,,
sūttara,,
sūtta,,
sūtthāna,,
sūtrakarmaviśārada,,
sūtragraha,,
sūtragrāha,,
sūtradaridra,,
sūtradhara,,
sūtradhāra,ī,
sūtrapattrakara,,
sūtrapattrin,ī,
sūtraprota,,
sūtramaya,ī,
sūtrayitavya,,
sūtrāntaka,,
sūtrita,,
sūtrin,ī,
sūtrīya,,
sūtrota,,
sūdaka,,
sūdara,,
sūdita,,
sūdin,ī,
sūnara,ī,
sūna,,
sūnāparicara,,
sūnāstha,,
sūnurūpa,,
sūnnīya,,
sūpacara,,
sūpacāra,,
sūpadvāra,,
sūpayukta,,
sūpaviṣṭa,,
sūpasaṃsṛṣṭa,,
sūpasaṃskṛta,,
sūpasadana,,
sūpasampanna,,
sūpasiddha,,
sūpaskara,,
sūpasthāna,,
sūpīya,,
sūpya,,
sūbharva,,
sūmaya,,
sūrata,,
sūrkṣya,,
sūrta,,
sūrmya,,
sūryaka,,
sūryatvaca,,
sūryadevatya,,
sūryadhvajapatākin,ī,
sūryaprabhava,,
sūryaprabha,,
sūryaprabhīya,,
sūryabhakta,,
sūryamāla,,
sūryampaśya,,
sūryavaṃśya,,
sūryavikāsin,ī,
sūryasama,,
sūryasāvarṇika,,
sūrya,,
sūryākṣa,,
sūryātapaparikṣipta,,
sūryābhinimrukta,,
sūryābhinimlukta,,
sūryābhyudita,,
sūryāhva,,
sūryoḍha,,
sūrvya,,
sūṣuvāṇa,,
sṛkāyin,ī,
sṛkāvin,ī,
sṛkāhasta,,
sṛgāyin,ī,
sṛgālagartīya,,
sṛgālarūpa,,
sṛgālavāṭīya,,
sṛgālāsthimaya,ī,
sṛjāna,,
sṛjya,,
sṛṇya,,
sṛtajava,,
sṛta,,
sṛtvara,ī,
sṛpta,,
sṛprakarasna,,
sṛpravandhura,,
sṛpra,,
sṛmara,,
sṛṣṭamāruta,,
sṛṣṭamūtrapurīṣa,,
sṛṣṭaviṇmūtra,,
sṛṣṭa,,
sṛṣtārtha,,
sekima,,
sektavya,,
secana,,
secanīya,,
secita,,
secya,,
setavya,,
setubhedin,ī,
seddhavya,,
sedhaka,,
sedhanīya,,
sena,,
senānibhogīna,,
sendragaṇa,,
sendracāpa,,
sendra,,
sendrāyudhapurogama,,
sendriya,,
senya,,
seya,,
sera,,
sevaka,,
sevanīya,,
sevābhirata,,
sevālin,ī,
sevāvalamba,,
sevitamanmatha,,
sevitavya,,
sevita,,
sevin,ī,
sevyamāna,,
sevya,,
seśvara,,
seṣṭika,,
sehana,,
saiṃhakarṇa,,
saiṃhakāyana,,
saiṃhala,ī,
saiṃha,ī,
saiṃhika,,
saiṃhikeya,,
saikata,ī,
saikatika,,
saikatin,ī,
saikadvisaptaka,ikā,
saikayatavidha,,
saika,,
saikya,,
saikṣava,,
saicālina,,
saitakeya,,
saitava,,
saiddhāntika,ī,
saidhraka,,
saidhrakāvata,,
saidhrikamaya,ī,
sainānīka,,
sainika,,
saindūra,,
saindhavaka,,
saindhava,ī,
saindhuvaktraka,,
sainyaghātakara,,
sainyamaya,ī,
sainya,,
sairakāyaṇa,,
saira,ī,
sairiṃdhraka,,
sairiṃdhra,ī,
sairika,,
saivālina,,
saisaka,,
saisa,,
saihareya,,
sokthaka,,
soktha,,
sokthya,,
sokha,,
socchraya,,
socchvāsa,,
soḍhavya,,
soḍha,,
soḍhin,ī,
sotkampa,,
sotkarṣa,,
sotkṛṣṭahasitasvara,,
sottarapaṇa,,
sottara,,
sotpala,,
sotpīḍa,,
sotprāsa,,
sotva,,
sotsaṅga,,
sotsava,,
sotsāha,,
sotseka,,
sotsedha,,
sodadhila,,
sodayana,,
sodaya,,
sodara,ī,
sodarīya,,
sodarka,,
sodarya,,
soddharaṇa,,
soddhāravibhāgin,ī,
soddhāra,,
sodyama,,
sodyoga,,
sopakaraṇa,,
sopakāraka,,
sopakāra,,
sopakrama,,
sopacaya,,
sopadha,,
sopadhāna,,
sopadhiśeṣa,,
sopaniṣatka,,
sopanyāsa,,
sopapattika,,
sopapada,,
sopaplava,,
sopara,,
soparodha,,
sopavāsika,,
sopasveda,,
sopahava,,
sopahāsa,,
sopāṃśuyāja,,
sopākhya,,
sopādāna,,
sopādhika,,
sopādhyāyagaṇa,,
sopānatka,,
sopānabhūta,,
sopāya,,
sopālambha,,
sopāśraya,,
sopāsana,,
sobhaya,,
sobhya,,
somakānta,,
somakāma,,
somakrayaṇa,ī,
somagrahaṇa,ī,
somacyuta,,
somaja,,
somajuṣṭa,,
somadevata,,
somadevatya,,
somadaivatya,,
somadhāna,,
somanetra,,
somapātama,,
somapāna,,
somapāyin,ī,
somapītin,ī,
somapītha,,
somapīthin,ī,
somapurogava,,
somapratīka,,
somaprathama,,
somamaya,ī,
somayājin,ī,
somayogin,ī,
somarakṣa,,
somarūpa,,
somalipta,,
somavaṃśa,,
somavaṃśīya,,
somavaṃśya,,
somavahniprakāśa,,
somavāmin,ī,
somavikrayin,ī,
somavidha,,
somavīrya,,
somavṛddha,,
somaveṣṭana,,
somaśita,,
somaśreṣṭha,,
somasaraṇa,ī,
somasavana,,
somasuryaprakāśa,,
somahāra,,
somahārin,ī,
soma,,
somātipavita,,
somātipūta,,
somātmaka,ikā,
somāpahṛta,,
somāpa,,
somāpauṣṇa,,
somābha,,
somābhiṣikta,,
somāraudra,,
somārkapratisaṃkāśa,,
somārthin,ī,
somārha,,
somāla,,
somāhuta,,
somin,ī,
somendra,,
somaindra,,
somodbhava,,
somya,,
soraṇa,,
sormika,,
sola,,
solika,,
solkālātāvapothika,,
sollāsa,,
solluṇṭhana,,
solluṇṭha,,
sovāla,,
soṣa,,
soṣṇīṣa,,
saukanya,,
saukarasadma,,
saukara,ī,
saukarīya,,
saukumārya,,
sauktika,,
saukharātrika,,
saukhaśāyanika,,
saukhika,,
saukhīya,,
saukhyada,,
saukhyadāyin,ī,
saugata,ī,
saugandha,ī,
saugandhika,,
saujaska,,
sautaṃgama,ī,
sautaṃgamīya,,
sauta,,
sautya,,
sautra,ī,
sautrāmaṇa,ī,
sautrāmaṇika,,
sautrāmaṇīya,,
saudakṣa,,
saudatta,,
saudarya,,
saudarśanika,ī,
saudarśanīya,,
saudāyika,,
saudevika,,
saudhanya,,
saudha,,
saudhākara,,
sauna,,
saunetra,,
saupanthya,,
sauparṇaketava,,
sauparṇa,ī,
sauparṇīkādrava,,
sauparṇya,,
sauparya,,
sauparva,,
saupa,,
saupika,,
saupiṅgala,,
saupūta,,
sauptika,,
sauprakhyīya,,
saupratīka,,
saubalaka,,
saubala,,
saubhaga,,
saubhadra,,
saubhara,ī,
saubhāgyaphala,,
saubhāgyavilopin,ī,
saubhāsika,,
saubhikṣa,,
saubhūta,,
saubheṣaja,,
saumaṅgala,,
saumatāyanaka,,
saumanasa,ī,
saumanasya,,
saumanottarika,,
saumanta,,
saumapauṣa,,
sauma,,
saumāgna,ī,
saumāpauṣṇa,,
saumāyanaka,,
saumāraudra,,
saumika,ī,
saumitrīya,,
saumedhika,,
saumendra,,
saumerava,ī,
saumyadarśana,,
saumyaprabhāva,,
saumyarūpa,,
saumya,ī,
sauyajñaka,,
sauraṇa,,
saurata,,
saurabha,,
saurabheya,,
saurasa,,
sauraseya,,
saurasaindhava,,
saura,ī,
saura,,
saurāṣṭraka,ikā,
saurāṣṭrika,,
saurāṣṭreya,,
saurika,,
saurīya,,
sauryacāndramasa,ī,
sauryaprabha,,
sauryamārutaka,,
sauryayāma,,
sauryavāruṇa,,
sauryavaiśvānara,ī,
sauryodayika,,
saulabha,,
saulabhāyana,,
saulābha,,
sauloha,,
sauvagrāmika,,
sauvara,,
sauvarcala,,
sauvarcalīya,,
sauvarṇakāyana,,
sauvarṇaparṇa,,
sauvarṇabalaja,,
sauvarṇabālaja,,
sauvarṇa,ī,
sauvarṇika,,
sauvaśvabhārya,,
sauvastika,,
sauva,,
sauvāta,,
sauvādhyāyika,,
sauvāstava,ī,
sauviṣṭakṛta,ī,
sauvīrabhakta,,
sauvīrāyaṇabhakta,,
sauśarmaka,,
sauśarmaṇa,,
sauśravasa,,
sauśruta,,
sauṣadha,,
sausāyanaka,,
sausukīya,,
sausnātika,,
saussala,,
sauhārdavyañjaka,,
sauhṛda,,
sauhmanāgara,,
skandanīya,,
skandapurāṇīya,,
skandāpasmārin,ī,
skandita,,
skandin,ī,
skandola,,
skandya,,
skandhaja,,
skandhamaya,ī,
skandhin,ī,
skandhemukha,,
skandhopaneya,,
skannabhāga,,
skanna,,
skabhita,,
skambhadeṣṇa,,
skāndaviśākha,,
skānda,,
skhaladvalaya,,
skhaladvākya,,
skhalitavīrya,,
skhalita,,
stanaṃdhama,,
stanaṃdhaya,ī,
stanaṃdha,,
stanadveṣin,ī,
stanapāyaka,,
stanapāyin,ī,
stanabhava,,
stanayadama,,
stanayitnughoṣa,,
stanābhuja,,
stanitavimukha,,
stanita,,
stanin,ī,
stanyada,,
stanyapa,,
stanyapāyin,ī,
stanya,,
stabakasaṃnibha,,
stabakācita,,
stabakita,,
stabdhakarṇaśirodhara,,
stabdhagātra,,
stabdhatoya,,
stabdhanayana,,
stabdhapāda,,
stabdhapūrṇakoṣṭha,,
stabdhamedhra,,
stabdharomakūpa,,
stabdhalocana,,
stabdhaśrotra,,
stabdha,,
stabdhākṣa,,
stabdhoda,,
stabdhordhvakarṇa,,
stabhamāna,,
stabhita,,
stambakāra,ī,
stambaghna,ī,
stambaja,,
stambin,ī,
stambhakara,,
stambhaka,,
stambhanaka,ikā,
stambhana,ī,
stambhanīya,,
stambhita,,
stambhin,ī,
stambhīya,,
stambhotkīrṇa,,
staraṇīya,,
starya,,
stavanīya,,
stavanya,,
stavitavya,,
stavya,,
stāgha,,
stāvaka,,
stāvya,,
stimitajava,,
stimitanayana,,
stimitasthita,,
stimita,,
stimitāyatākṣa,,
stīmita,,
stīrṇa,,
stukāvin,ī,
stutastoma,,
stuta,,
stutipriya,,
stutiśīla,,
stutya,,
stubdha,,
stuvāna,,
stuṣeyya,,
stṛta,,
stṛtya,,
steyasaṃvāsika,,
stokakāya,,
stokapāṇḍura,,
stokāvaśeṣaprāṇa,,
stotavya,,
stotrakārin,ī,
stotrārha,,
stotriya,,
stotrīya,,
stobdhavya,,
stobhana,ī,
stobhita,,
stomataṣṭa,,
stomapurogava,,
stomabhāgika,ī,
stomamaya,ī,
stomavardhana,,
stoma,,
stomīya,,
stomya,,
stauna,,
staubha,ī,
staubhika,,
styāna,,
striyammanya,,
strīkāma,,
strīgamanīya,,
strīgrāhin,ī,
strīghātaka,,
strīghna,,
strīcañcala,,
strīcittahārin,ī,
strījita,,
strīdhanalolupa,,
strīnātha,,
strīnirjita,,
strīpuṃsaliṅgin,ī,
strīpūrvaka,,
strīpūrva,,
strīpūrvin,ī,
strīpradhāna,,
strīpramāṇa,,
strīprāya,,
strīpriya,,
strībādhya,,
strībhāga,,
strīmaya,ī,
strīmmanya,,
strīrahaskāma,,
strīrūpa,,
strīlampaṭa,,
strīliṅgavartin,ī,
strīliṅga,,
strīlola,,
strīvaśa,,
strīvaśya,,
strīvākyāṅkuśaprakṣuṇṇa,,
strīvijita,,
strīvidheya,,
strīviṣaya,,
strīvṛta,,
strīveṣadhāraka,,
strīveṣadhārin,ī,
strīśeṣa,,
strīśauṇḍa,,
strīsaṃjña,,
strīsakha,,
strīsamasthāna,,
strīsarūpin,ī,
strīsvarūpa,,
strīsvarūpin,ī,
straiṇa,ī,
stryanuja,,
sthagayitavya,,
sthaga,,
sthagita,,
sthaṇḍilaśa,,
sthaṇḍilaśāyin,ī,
sthapuṭagata,,
sthapuṭita,,
sthapuṭīkṛta,,
sthalagata,,
sthalaga,,
sthalagāmin,ī,
sthalacara,,
sthalacārin,ī,
sthalacyuta,,
sthalaja,,
sthalastha,,
sthalārūḍha,,
sthalībhūta,,
sthalīya,,
sthalīśāyin,ī,
sthaviṣṭha,,
sthāgara,,
sthāgalika,ī,
sthāṇava,,
sthāṇavīya,,
sthāṇubhūta,,
sthāṇḍila,,
sthātavya,,
sthānacyuta,,
sthānadīpta,,
sthānapata,,
sthānapracyuta,,
sthānabhraṣṭa,,
sthānayogin,ī,
sthānastha,,
sthānasthita,,
sthānāntaragata,,
sthānāntarābhimukha,ī,
sthānānta,,
sthānāpanna,,
sthānāsanika,,
sthānika,,
sthānin,ī,
sthānibhūta,,
sthānīya,,
sthānepatita,,
sthāneyogin,ī,
sthānyāśraya,,
sthāpaka,,
sthāpanavṛtta,,
sthāpana,,
sthāpanīya,,
sthāpayitavya,,
sthāpita,,
sthāpya,,
sthāyika,,
sthāyin,ī,
sthālapatha,,
sthālapathika,,
sthālika,,
sthālin,ī,
sthālīpakva,,
sthālīpāka,,
sthālīpākīya,,
sthālībilīya,,
sthālībilya,,
sthāvira,,
sthitaprajña,,
sthitaliṅga,,
sthitasaṃketa,,
sthita,,
sthitijña,,
sthitiprada,,
sthitisthāpaka,,
sthitopasthita,,
sthiragandha,,
sthiracitta,,
sthirajīvita,,
sthirajīvin,ī,
sthiratara,,
sthirapīta,,
sthirapratijña,,
sthirapratibandha,,
sthiramada,,
sthiraliṅga,,
sthiralocana,,
sthiravājin,ī,
sthiravikrama,,
sthiraśaṅkukarṇa,,
sthirasaṃgara,,
sthirasaṃskāra,,
sthirasattva,,
sthirasauhṛda,,
sthirasthāyin,ī,
sthirāghāta,,
sthirānurāga,,
sthirānurāgin,ī,
sthirāpāya,,
sthirārambha,,
sthirīkaraṇa,,
sthirīkara,,
sthirīkartavya,,
sthūṇākarṇa,ī,
sthūṇāvaśeṣa,,
sthūṇīya,,
sthūṇya,,
sthūra,,
sthūlaṃkaraṇa,ī,
sthūlakanda,,
sthūlaka,,
sthūlakāya,,
sthūlagrīva,,
sthūlacūḍa,,
sthūlatara,,
sthūlatomarin,ī,
sthūladehin,ī,
sthūlapaṭa,,
sthūlapāda,,
sthūlapṛṣata,ī,
sthūlamaya,ī,
sthūlamukha,,
sthūlambhāvuka,,
sthūlaroma,,
sthūlalakṣa,,
sthūlalakṣya,,
sthūlaśarīra,,
sthūlaśalka,,
sthūlaśopha,,
sthūlasūkṣma,,
sthūlāṅga,,
sthūlāsthūla,,
sthūlīkṛta,,
sthūlībhūta,,
sthūleccha,,
sthūlodara,,
stheyīkṛta,,
stheṣṭha,,
sthairyakara,,
sthauṇābhārika,,
sthauṇika,,
sthaulaka,,
snapana,ī,
snapita,,
snātakavrata,,
snātakavratin,ī,
snātavasya,,
snātavrata,,
snāta,,
snātānulipta,,
snātva,,
snātvākālaka,,
snānayātrika,,
snānavidhikṣama,,
snānaśīla,,
snānin,ī,
snānīya,,
snānīyocchāditasnāta,,
snānottīrṇa,,
snāpita,,
snāyin,ī,
snāyunirmita,,
snāyumaya,ī,
snāyuyuta,,
snigdhatama,,
snigdhavarṇa,,
snigdhaśītarūkṣa,,
snigdha,,
snigdhoṣṇa,,
snīḍha,,
snuta,,
snuṣāga,,
snehaka,,
snehaguṇita,,
snehana,ī,
snehanīya,,
snehapakva,,
snehapīta,,
snehabaddha,,
snehabhūyiṣṭha,,
snehamaya,ī,
snehayitavya,,
snehala,,
snehavimardita,,
snehasaṃyukta,,
snehasaṃskṛta,,
snehasāra,,
snehākula,,
snehākta,,
snehābhyakta,,
snehitavya,,
snehita,,
snehin,ī,
snehya,,
snaihika,ī,
spandita,,
spandin,ī,
sparaṇa,ī,
spardhanīya,,
spardha,,
spardhākara,ī,
spardhita,,
spardhin,ī,
spardhya,,
sparśaka,,
sparśakliṣṭa,,
sparśakṣama,,
sparśaguṇa,,
sparśaja,,
sparśana,ī,
sparśanīya,,
sparśayitavya,,
sparśarasika,,
sparśavedya,,
sparśasaṃcārin,ī,
sparśasukha,,
sparśa,,
sparśājña,,
sparśānukūla,,
sparśāsaha,,
sparśika,,
sparśin,ī,
sparṣṭavya,,
spaṣṭatara,,
spaṣṭatāraka,,
spaṣṭabhāṣin,ī,
spaṣṭa,,
spaṣṭākṣara,,
spaṣṭārtha,,
spaṣṭīkṛta,,
spaṣṭībhūta,,
spaṣṭetara,,
spāndana,,
spārśana,,
spārhavīra,,
spāśita,,
spṛta,,
spṛśa,,
spṛśya,,
spṛṣṭapūrva,,
spṛṣṭamātra,,
spṛṣṭamaithuna,,
spṛṣṭa,,
spṛṣṭin,ī,
spṛhaṇīyaśobha,,
spṛhaṇīya,,
spṛhayadvarṇa,,
spṛhayāyya,,
spṛhita,,
spṛhya,,
spraṣṭavya,,
sphaṭikaprabha,,
sphaṭikamaya,ī,
sphaṭita,,
sphāṭita,,
sphātihārin,ī,
sphāraphulla,,
sphārasphāra,,
sphārita,,
sphigdaghna,,
sphira,,
sphīta,,
sphītīkṛta,,
sphuṭatara,,
sphuṭatarākṣara,,
sphuṭatāra,,
sphuṭanīya,,
sphuṭapauruṣa,,
sphuṭa,,
sphuṭākṣara,,
sphuṭārtha,,
sphuṭitacaraṇa,,
sphuṭita,,
sphutkara,,
sphuraṇa,,
sphurattaraṃgajihva,,
sphuratprabhāmaṇḍala,,
sphuradadharoṣṭha,,
sphuradoṣṭhaka,,
sphuradoṣṭha,ī,
sphuranmīna,,
sphuramāṇa,,
sphuramāṇauṣṭha,,
sphura,,
sphuritaśatahrada,,
sphurita,,
sphuritādhara,,
sphuritottarādhara,,
sphuliṅgin,ī,
sphūrchita,,
sphūrjita,,
sphūrṇa,,
sphūrta,,
spheṣṭha,,
sphaijika,,
sphoṭana,,
sphoṭitanayana,,
sphoṭita,,
sphoṭitārgala,,
sphyāgra,,
smadiṣṭa,,
smayanīya,,
smayādika,,
smayin,ī,
smarakāra,ī,
smaraṇīya,,
smaratāpamaya,ī,
smaradāyin,ī,
smaradīpana,,
smaradurmada,,
smaranipuṇa,,
smarapīḍita,,
smarabhāsita,,
smaramaya,ī,
smaramohita,,
smaraśaramaya,ī,
smarasaha,,
smarākula,,
smarākulita,,
smarākṛṣṭa,,
smarātura,,
smarāndha,,
smarārta,,
smarotsuka,,
smartavya,,
smarya,,
smāraka,,
smārita,,
smārin,ī,
smārta,,
smārtika,ī,
smārya,,
smitapūrva,,
smitapūrvābhibhāṣin,ī,
smitamukha,,
smitaśālin,ī,
smitaśobhin,ī,
smita,,
smitojjvala,,
smṛtamātra,,
smṛtamātrāgata,,
smṛta,,
smṛtikārin,ī,
smṛtida,,
smṛtiprayojana,,
smṛtimaya,ī,
smṛtiviruddha,,
smṛtisammata,,
smṛtisādhya,,
smṛtisiddha,,
smṛtihīna,,
smṛtyapeta,,
smṛtyukta,,
smetavya,,
smeramukha,,
smottara,,
syanttavya,,
syandanārūḍha,,
syandanālokabhīta,,
syandanīya,,
syandin,ī,
syandra,,
syanna,,
sya,,
syūta,,
sraṃsana,,
sraṃsita,,
sraṃsin,ī,
sragvin,ī,
sraja,,
srajiṣṭha,,
srabhiṣṭha,,
sravaka,,
sravatsvedajala,,
sravanta,,
sraṣṭavya,,
srastakara,,
srastagātra,,
srastamuṣka,,
srastaskandha,,
srastahasta,,
srasta,,
srastāṃsa,,
srastāṅga,,
srastāpāna,,
srastottarapaṭa,,
srāktya,,
srāma,,
srāvaka,,
srāvaṇa,,
srāvayitavya,,
srāvita,,
srāvin,ī,
srāvya,,
sruciṣṭha,,
srucya,,
srutajala,,
sruta,,
srutya,,
sruvakarṇa,,
sruvapragrahaṇa,,
srūta,,
srekaparṇa,,
srotaāpanna,,
srotasya,,
sraughna,ī,
srautovaha,,
srauva,,
svakarmaja,,
svakarmavaśa,,
svakarmastha,,
svakarmin,ī,
svakasvaka,,
svakāmin,ī,
svakāryasaha,,
svakīya,,
svakīrtimaya,ī,
svakulaja,,
svakula,,
svakulya,,
svakuśalamaya,ī,
svakṛtārtha,,
svakta,,
svakṣatra,,
svakṣa,ī,
svakṣa,,
svagata,,
svagākṛta,,
svaguṇaprakāśaka,,
svaguṇa,,
svagupta,,
svagocara,,
svaṅga,,
svaṅgārin,ī,
svacara,,
svacchaka,,
svacchandaka,,
svacchandacārin,ī,
svacchandamṛtyuka,,
svacchandavanajāta,,
svajanagandhin,ī,
svajanāvṛta,,
svajāta,,
svajātīya,,
svajātya,,
svajita,,
svajenya,,
svañcana,,
svataḥpramāṇa,,
svataḥsiddha,,
svatantrin,ī,
svatulya,,
svatejoraśmimālin,ī,
svatra,,
svatvavyabhicārin,ī,
svatvāspadībhūta,,
svadāragāmin,ī,
svadāranirata,,
svadita,,
svadṛṣṭa,,
svadeśasmārin,ī,
svadharmacyuta,,
svadharmavartin,ī,
svadharmastha,,
svadharmānapaga,,
svadhākara,,
svadhāninayanīya,,
svadhāprāṇa,,
svadhāmaya,ī,
svadhāmṛtamaya,,
svadhāyin,ī,
svadhāvin,ī,
svadhita,,
svadhiṣṭhāna,,
svadhiṣṭhita,,
svadhīta,,
svadhenava,,
svadhvara,,
svanadratha,,
svanavekṣaṇīya,,
svana,,
svanābhya,,
svanāmāṅka,,
svanita,,
svaniṣṭha,,
svanīka,,
svanugupta,,
svanurakta,,
svanurūpa,,
svanuṣṭhita,,
svanta,,
svapakṣīya,,
svapañcaka,,
svapatita,,
svapatya,,
svapana,,
svapanīya,,
svaparapratāraka,,
svaparāddha,,
svapasya,,
svapāka,,
svapivāta,,
svapūrṇa,,
svaptavya,,
svapnakalpa,,
svapnakāma,,
svapnagata,,
svapnaja,,
svapnadhīgamya,,
svapnanaṃśana,,
svapnanidarśanīya,,
svapnalabdha,,
svapnavicārin,ī,
svapnavinaśvara,ī,
svapnavṛtta,,
svapnaśīla,,
svapnasthāna,,
svapna,,
svapnāntaragata,,
svapnopama,,
svaprakāśa,,
svapratiṣṭha,,
svapradhāna,,
svapramāṇānurūpa,,
svabalāśraya,,
svabdin,ī,
svabhakṣa,,
svabhāvakṛta,,
svabhāvajanita,,
svabhāvaja,,
svabhāvaprabhava,,
svabhāvaśūra,,
svabhāvasiddha,,
svabhāvokta,,
svabhāvonnatabhāva,,
svabhigūrta,,
svabhirāma,,
svabhiṣṭisumna,,
svabhūta,,
svabhyakta,,
svabhyagra,,
svabhyasa,,
svabhyasta,,
svayaṃkartṛka,,
svayaṃkṛtin,ī,
svayaṃkṛṣṭa,,
svayaṃkrānta,,
svayaṃkhāta,,
svayaṃgrāhapraṇaya,,
svayaṃgrāhya,,
svayaṃjāta,,
svayaṃtyakta,,
svayaṃdatta,,
svayaṃdina,,
svayaṃnirdiṣṭa,,
svayaṃvakra,,
svayaṃvaravṛta,,
svayaṃvarastha,,
svayaṃvarāgata,,
svayaṃvaśa,,
svayaṃvaha,,
svayaṃvānta,,
svayaṃvikrīta,,
svayaṃvilīna,,
svayaṃviśīrṇa,,
svayaṃvṛta,,
svayaṃśīrṇa,,
svayaṃśṛta,,
svayaṃśreṣṭha,,
svayaṃsaṃviddha,,
svayaṃsiddha,,
svayaṃsrasta,,
svayaṃhomin,ī,
svayata,,
svayamadhigata,,
svayamabhigūrta,,
svayamarjita,,
svayamāgata,,
svayamānīta,,
svayamāhṛta,,
svayamāhṛtyabhojin,ī,
svayamīhitalabdha,,
svayamujjvala,,
svayamudita,,
svayamudgīrṇa,,
svayamudghāṭita,,
svayamupāgata,,
svayamupeta,,
svayampatita,,
svayampāpa,,
svayamprakāśamāna,,
svayamprakāśa,,
svayamprajvalita,,
svayamprabha,,
svayampraśīrṇa,,
svayamprastuta,,
svayamprokta,,
svayambhuva,,
svayambhṛta,,
svayambhramin,ī,
svayammathita,,
svayammūrta,,
svayammṛta,,
svayammlāna,,
svayukta,,
svaraṃkṛta,,
svarakara,,
svaraṇa,,
svaradīpta,,
svaradhīta,,
svarapakṣa,,
svarapṛṣṭha,,
svarabaddha,,
svarabhūta,,
svaraśuddha,,
svaraśūnya,,
svarānta,,
svarārūḍha,,
svarāṣṭrīya,,
svarita,,
svarūpagata,,
svarūpadhārin,ī,
svarūpa,,
svarūpin,ī,
svarodaya,,
svaropaghātin,ī,
svaropadha,,
svarka,,
svargakāma,,
svargagata,,
svargagāmin,ī,
svargacyuta,,
svargajīvin,ī,
svargata,,
svargada,,
svargapara,,
svargaprada,,
svargapradhāna,,
svargayāṇa,ī,
svargaloka,,
svargasaṃpādana,,
svargasādhana,,
svargastha,,
svargasthita,,
svargahvāya,,
svarga,,
svargābhikāma,,
svargārūḍha,,
svargārohaṇika,,
svargin,ī,
svargīya,,
svargopaga,,
svargya,,
svarcana,,
svarjyotirnidhana,,
svarṇada,,
svarṇapuṅkha,,
svarṇamaya,ī,
svarṇarūpin,ī,
svarṇaśṛṅga,,
svarṇastha,,
svarṇīta,,
svarda,,
svarnagarīkṛta,,
svarnayana,,
svarbhānavīya,,
svarmīłha,,
svaryāta,,
svarvannidhana,,
svalaṃkṛta,,
svalakṣaṇa,,
svalakṣita,,
svaliṅga,,
svalpaka,ikā,
svalpatantra,,
svalpatara,,
svalpabala,,
svalpavyaya,,
svalpavrīḍa,,
svalpaśarīra,,
svalpāntara,,
svalpāpahāra,,
svalpeccha,,
svavaṃśaja,,
svavaṃśin,ī,
svavaṃśya,,
svavaklinna,,
svavagraha,,
svavacchanna,,
svavargīya,,
svavargya,,
svavaśaṃkṛta,,
svavaśa,,
svavaśya,,
svavahita,,
svavikatthana,,
svavidheya,,
svavekṣita,,
svavokṣita,,
svavyāja,,
svaścandra,,
svaṣṭra,,
svasaṃyukta,,
svasaṃvṛta,,
svasaṃvedya,,
svasamāna,,
svasamuttha,,
svasambhava,,
svasambhūta,,
svasammukha,,
svasita,,
svasiddha,,
svastaka,,
svastikakarṇa,,
svastikāṅka,,
svastikīkṛta,,
svastida,,
svastimukha,,
svastivācanika,,
svastivācya,,
svastivāhana,,
svastyayana,ī,
svastyarthacarita,,
svastya,,
svasthacitta,,
svasthānastha,,
svasthāna,,
svasthita,,
svahastagata,,
svahastita,,
svahastollikhita,,
svahita,,
svahitaiṣin,ī,
svāṃkṛta,,
svākāra,,
svākhyāta,,
svāgata,,
svāgatika,,
svāgrayaṇa,,
svāṅgaśīta,,
svācaraṇa,,
svācānta,,
svājīva,,
svājīvya,,
svāḍhyaṃkaraṇa,,
svāḍhyaṃkara,,
svāḍhyambhava,,
svātata,,
svātta,,
svātmārāma,,
svādana,,
svādanīya,,
svādara,,
svādāna,,
svādita,,
svāditya,,
svādin,ī,
svādukāma,,
svādukāra,,
svādutama,,
svādutara,,
svādutiktakaṣāya,,
svādupāka,,
svādupākin,ī,
svāduyukta,,
svāduyogin,ī,
svāduvivekin,ī,
svādūdaka,,
svādya,,
svādvanna,,
svādvamlatiktatubara,,
svādhīnakuśala,,
svādhyāya,,
svādhyāyin,ī,
svādhvarika,,
svānin,ī,
svānubhūtyekasāra,,
svānurūpa,,
svāntastha,,
svāpaka,,
svāpana,,
svāpin,ī,
svāpiśīya,,
svāptavacana,,
svāpta,,
svāpna,,
svābhāvika,ī,
svābhāvya,,
svābhāsa,,
svābhīla,,
svābhīṣṭa,,
svāmikāryārthin,ī,
svāmimūla,,
svāmnāya,,
svāmyasammata,,
svāyatta,,
svāyambhuva,,
svāyasa,,
svāyudha,,
svārakṣya,,
svārabdha,,
svārambhaka,,
svārasāmika,,
svārasika,,
svāra,,
svārājyakāma,,
svārājya,,
svārādhita,,
svārāma,,
svārūḍha,,
svārociṣa,,
svārjita,,
svārthapaṇḍita,,
svārthapara,,
svārthaparāyaṇa,,
svārthabhraṃśin,ī,
svārthasādhaka,,
svārthasādhanatatpara,,
svārthika,,
svārthin,ī,
svārdra,,
svālakṣaṇa,,
svālakṣya,,
svālpa,,
svāśita,,
svāśraya,,
svāśrita,,
svāsīna,,
svāsṛka,,
svāstaraṇa,,
svāstīrṇa,,
svāhata,,
svāhākṛta,,
svāhāra,,
svāhārha,,
svāhuta,,
svāhya,,
svāhvāna,,
svidita,,
svinna,,
sviṣṭakṛta,,
sviṣṭa,,
svīkaraṇīya,,
svīkartavya,,
svīkārarahita,,
svīkārānta,,
svīkārya,,
svīkṛta,,
svṛddha,,
svecchādhīna,,
svecchāmaya,ī,
svecchāhāra,,
svedajadūṣita,,
svedaja,,
svedana,,
sveda,,
svedita,,
svedin,ī,
sveduhavya,,
svedya,,
sveṣṭa,,
svairacārin,ī,
svairavartin,ī,
svairavihārin,ī,
svairastha,,
svairācāra,,
svairin,ī,
svokta,,
svocita,,
svottha,,
svotthita,,
svodarapūraka,,
svopajña,,
svopārjita,,
haṃsakākīya,,
haṃsajātīya,,
haṃsanādin,ī,
haṃsamukha,ī,
haṃsayāna,ī,
haṃsayukta,,
haṃsavāha,,
haṃsākāra,,
haṃsin,ī,
haṃsīya,,
haṭhādeśin,ī,
haṭhāyāta,,
haṭhin,ī,
hatakaṇṭaka,,
hataka,ikā,
hatakilbiṣa,,
hatacitta,,
hatacchāya,,
hatajīvita,,
hatajñāna,,
hatatāpa,,
hatatrapa,,
hatatviṭka,,
hatadaiva,,
hatadhvānta,,
hataparamārtha,,
hataputra,,
hataprabha,,
hataprabhāva,,
hatapramāda,,
hatapravīra,,
hataprāya,,
hatabāndhava,,
hatabhaga,,
hatabhāgya,,
hatamānasa,,
hatamāna,,
hatayuddha,,
hatalakṣaṇa,,
hatavikramodyama,,
hatavinaya,,
hatavīrya,,
hatavṛtta,,
hatavega,,
hatavrīḍa,,
hataśiṣṭa,,
hataśeṣa,,
hatasampada,,
hatasammada,,
hatasarvayodha,,
hatasādhvasa,,
hatasūta,,
hatastrīka,,
hatasvara,,
hatahima,,
hata,,
hatāghaśaṃsa,,
hatādhimantha,,
hatāroha,,
hatāśraya,,
hatāśva,,
hatekṣaṇa,,
hatottara,,
hatodyama,,
hananaśīla,,
hanana,ī,
hananīyaka,,
hananīya,,
hana,ī,
hanumadīya,,
hanula,,
hantavya,,
hantva,,
hanna,,
hanyamāna,,
hamīpurya,,
hayagrīvaprokta,,
hayatattvajña,,
hayarūpin,ī,
hayaśīrṣa,,
haya,,
haraṇabhāga,,
haraṇīya,,
harasvin,ī,
harikānta,,
harikelīya,,
harikeśa,,
harijāta,,
hariṇahṛdaya,,
hariṇa,ī,
haritakapiśa,,
haritaka,,
haritacārika,,
haritanemin,ī,
haritapattramaya,ī,
haritaprabha,,
haritaspṛśa,,
haritāruṇa,,
haritārdhakāya,,
haritālamaya,ī,
haritāśva,,
haritīkṛta,,
haritrāta,,
haridambara,,
haridrākta,,
haridrābha,,
haridrāmehin,ī,
haridrārāgaka,,
haridrārāga,,
haridrika,,
haridruka,,
haridvarṇa,,
haridhūmra,,
harinīla,,
harinetra,,
harinmaṇimaya,ī,
hariparṇa,,
haripiṅgala,,
haripiṅga,,
hariprabha,,
haripriya,,
harimaṇḍalākṣa,,
harimanyusāyaka,,
harimbhara,,
hariyoga,,
harilocana,,
harivaṃśya,,
harivara,,
harivāsa,,
harivrata,,
hariśa,,
hariśipra,,
hariścandra,,
haristava,,
hariharātmaka,,
hartavya,,
harmita,,
harmyacara,,
harmyastha,,
harmya,,
haryakṣa,,
haryaṅkakula,,
haryata,,
haryaśva,,
harṣakara,ī,
harṣaka,,
harṣagadgada,,
harṣagarbha,,
harṣacala,,
harṣajaḍa,,
harṣaja,,
harṣaṇa,,
harṣaṇīya,,
harṣapūrṇavaktra,,
harṣamaya,ī,
harṣayukta,,
harṣavivardhana,,
harṣavivṛddhasattva,,
harṣavihvala,,
harṣa,,
harṣākula,,
harṣānvita,,
harṣāviṣṭa,,
harṣita,,
harṣin,ī,
harṣuka,,
harṣula,,
harṣotphullalocana,,
halakin,ī,
halanta,,
halarada,,
halahala,,
halya,,
havanīya,,
hava,,
haviḥśeṣabhakṣa,,
havin,ī,
havirada,,
havirucchiṣṭāśana,,
havirucchiṣṭāśa,,
havirdhānin,ī,
havirbhūta,,
haviryajñavidha,,
haviṣkṛta,,
haviṣpāntīya,,
haviṣyabhakṣa,,
haviṣya,,
haviṣyāśin,ī,
havyakavyavaha,,
havyakavyāśa,,
havyavāhana,,
havyavāha,,
havyaśodhana,,
havyasūdana,,
havyasūda,,
havyāda,,
hasanīya,,
hasāmuda,,
hasita,,
hastakārya,,
hastakita,,
hastagata,,
hastagāmin,ī,
hastagrābha,,
hastagrāhaka,,
hastagrāha,,
hastacyuta,,
hastatalagata,,
hastadakṣiṇa,,
hastadatta,,
hastaprada,,
hastaprāpta,,
hastaprāpya,,
hastabhraṃśin,ī,
hastabhraṣṭa,,
hastayata,,
hastavartin,ī,
hastavāma,,
hastasthayuga,,
hastastha,,
hastasthita,,
hastahārya,,
hasta,,
hastākṣara,,
hastādāna,,
hastārūḍha,,
hastāvalamba,,
hastāvāpin,ī,
hastighāta,,
hastighna,,
hastidantavastramaya,ī,
hastidvayasa,ī,
hastin,ī,
hastipāda,,
hastimātra,,
hastimehin,ī,
hastiyaśasihastivarcasin,ī,
hastivānara,,
hastyaśvarathasambādha,,
hastyṛṣabha,,
ha,,
hāṃsakāyana,,
hāṃsa,,
hāṭakamaya,ī,
hāṭaka,ī,
hāṭakīya,,
hātavya,,
hāta,,
hānavya,,
hāna,,
hānikara,,
hānīya,,
hānuka,,
hāpita,,
hāyaka,,
hāyana,,
hāyin,ī,
hāraka,ikā,
hāra,ī,
hāra,,
hārikaṇṭha,,
hārika,,
hāriṇaka,,
hāriṇa,,
hāritayajña,,
hārita,,
hāridraka,,
hāridra,,
hārin,ī,
hāriyojana,ī,
hārda,,
hārdin,ī,
hārya,,
hālika,,
hāvanīya,,
hāvin,ī,
hāvirdhāna,,
hāviryajñika,,
hāviryajñiya,,
hāsakara,,
hāsana,,
hāsabhūta,,
hāsaśīla,,
hāsin,ī,
hāsta,,
hāstāyana,,
hāstika,,
hāstidanta,,
hāstina,,
hāstināyana,,
hāstipada,,
hāsyakara,,
hāsyakāra,,
hāsyatara,,
hāsyahīna,,
hāsya,,
hāhākṛta,,
hiṃsaka,,
hiṃsanīya,,
hiṃsa,,
hiṃsātmaka,,
hiṃsāprāṇipracura,,
hiṃsāprāya,,
hiṃsārata,,
hiṃsāvihāra,,
hiṃsāsamudbhava,,
hiṃsitavya,,
hiṃsita,,
hiṃsīra,,
hiṃsya,,
hikkāśvāsin,ī,
hikkin,ī,
hitakara,,
hitakāma,,
hitakāraka,,
hitakārin,ī,
hitapravṛtta,,
hitamitra,,
hitavādin,ī,
hita,,
hitādhāyin,ī,
hitānukārin,ī,
hitānubandhin,ī,
hitānveṣin,ī,
hitārthin,ī,
hitāhita,,
hitāhitīya,,
hitaiṣin,ī,
hinānnavastraveṣa,,
himakaṇin,ī,
himakara,,
himagarbha,,
himagaura,,
himaghna,,
himaja,,
himadhara,,
himadhvasta,,
himanirmukta,,
himavatprabhava,,
himaviddha,,
himaśītala,,
himaśucibhasmabhūṣita,,
himaśubhra,,
himaśailaja,,
himānaddha,,
himānīviśada,,
himābha,,
himāruṇa,,
himārta,,
himārdita,,
himita,,
himottarīya,,
himotpanna,,
himya,,
hiraṇin,ī,
hiraṇmaya,ī,
hiraṇyakakṣa,,
hiraṇyakakṣya,,
hiraṇyakaṇṭha,,
hiraṇyakarṇa,,
hiraṇyakavaca,,
hiraṇyakṛtacūḍa,,
hiraṇyakeśa,ī,
hiraṇyakeśya,,
hiraṇyagarbha,,
hiraṇyacakra,,
hiraṇyajihva,,
hiraṇyatvaca,,
hiraṇyadaṃṣṭra,,
hiraṇyadakṣiṇa,,
hiraṇyadanta,,
hiraṇyada,,
hiraṇyapakṣa,,
hiraṇyapāva,,
hiraṇyapratipūrṇa,,
hiraṇyapraüga,,
hiraṇyamaya,ī,
hiraṇyamālin,ī,
hiraṇyaya,ī,
hiraṇyaratha,,
hiraṇyaraśana,,
hiraṇyarūpa,,
hiraṇyavandhura,,
hiraṇyavarcasa,,
hiraṇyavarṇīya,,
hiraṇyavīrya,,
hiraṇyaśamya,,
hiraṇyaśarīra,,
hiraṇyaśipra,,
hiraṇyaśṛṅga,,
hiraṇyaṣṭhīvin,ī,
hiraṇyasaṃkāśa,,
hiraṇyahasta,,
hiraṇya,,
hiraṇyākṣa,,
hiraṇyin,ī,
hiraṇyeśaya,,
hiriśipra,,
hirīmaśa,,
hilihila,,
hīḍita,,
hīnaka,,
hīnakula,,
hīnakośa,,
hīnakriya,,
hīnaguṇa,,
hīnaja,,
hīnatara,,
hīnatarpita,,
hīnadagdha,,
hīnadarśanasāmarthya,,
hīnadīnānukampaka,,
hīnanāyaka,,
hīnapratijña,,
hīnabala,,
hīnavarga,,
hīnavarṇa,,
hīnavādin,ī,
hīnavīrya,,
hīnavyañjana,,
hīnasvara,,
hīna,,
hīnātiriktagātra,,
hīnātirikta,,
hīnātiriktāṅga,,
hīnādhika,,
hīnādhikāṅga,ī,
hīnārtha,,
hīnita,,
hīnodgata,,
hīyamāna,,
hīłita,,
huṃkāragarbha,,
huṃkṛta,,
hutabhāga,,
hutavahajvālāsama,,
hutaśiṣṭāśana,,
huta,,
hutāśanamaya,ī,
hutāśin,ī,
hutāhuta,,
hutocchiṣṭabhakṣa,,
hutocchiṣṭa,,
huluhula,,
hūta,,
hūrchita,,
hūrṇa,,
hṛcchayapīḍita,,
hṛcchayavardhana,,
hṛcchaya,,
hṛcchayāviṣṭacetana,,
hṛjja,,
hṛtajñāna,,
hṛtadāra,,
hṛtadravya,,
hṛtadhana,,
hṛtaprasāda,,
hṛtamānasa,,
hṛtarājya,,
hṛtavitta,,
hṛtaśiṣṭa,,
hṛtasarvasva,,
hṛtasāra,,
hṛta,,
hṛtādhikāra,,
hṛtottara,,
hṛtottarīya,,
hṛtoraga,,
hṛtpratiṣṭha,,
hṛtpriya,,
hṛtstha,,
hṛdayakampana,,
hṛdayagata,,
hṛdayagrāhaka,,
hṛdayagrāhin,ī,
hṛdayaja,,
hṛdayajña,,
hṛdayadāhin,ī,
hṛdayapramāthin,ī,
hṛdayaprastara,,
hṛdayabandhana,,
hṛdayalehya,,
hṛdayavedhin,ī,
hṛdayaśūlānta,,
hṛdayaśoṣaṇa,,
hṛdayasaṃnihita,,
hṛdayasammita,,
hṛdayastha,,
hṛdayasthāyin,ī,
hṛdayahārin,ī,
hṛdaya,,
hṛdayāgra,,
hṛdayāvagāḍha,,
hṛdayāvarjaka,,
hṛdayāvin,ī,
hṛdayika,,
hṛdayin,ī,
hṛdayeśaya,,
hṛdayodaṅka,,
hṛdayonmādakara,,
hṛdayopakartin,ī,
hṛdiśaya,,
hṛdistha,,
hṛdispṛśa,,
hṛdgata,,
hṛdgama,,
hṛddyotana,,
hṛddhita,,
hṛdbala,,
hṛdyagandha,,
hṛdyatama,,
hṛdyatara,,
hṛdrogin,ī,
hṛdvaktrāvartin,ī,
hṛdvartin,ī,
hṛṣitasragrajohīna,,
hṛṣita,,
hṛṣṭacitta,,
hṛṣṭacetana,,
hṛṣṭatanūruha,,
hṛṣṭatuṣṭa,,
hṛṣṭapuṣṭa,,
hṛṣṭapuṣṭāṅga,,
hṛṣṭamānasa,,
hṛṣṭarūpa,,
hṛṣṭavadana,,
hṛṣṭasaṃkalpa,,
hṛṣṭahṛdaya,,
hṛṣṭa,,
hetuka,ī,
hetuduṣṭa,,
hetubalika,,
hetumātramaya,ī,
hetuyukta,,
hetuśūnya,,
hetva,,
hemakakṣya,,
hemakirīṭamālin,ī,
hemagarbha,,
hemagaura,,
hemagaurāṅga,,
hemacakra,,
hemacandra,,
hemacūlin,ī,
hemacchanna,,
hemajālālaṃkṛta,,
hemantajabdha,,
hemapiṅgala,,
hemapṛṣṭha,,
hemamaya,ī,
hemamālin,ī,
hemaratnamaya,ī,
hemavarṇa,,
hemaviṣāṇin,ī,
hemaśṛṅgin,ī,
hemāṅka,,
hemāṅga,ī,
hemāḍhya,,
hemābha,,
hemālaṃkārin,ī,
heya,,
helanīya,,
helihila,,
hevākasa,,
hevākin,ī,
heṣa,,
haiṃsakāyana,,
haiṅgula,,
haiḍimba,,
haituka,ī,
haimacitrasamutsedha,,
haimana,ī,
haimana,,
haimanta,ī,
haimantika,,
haimamudrika,,
haimavata,ī,
haimavalkala,,
haima,ī,
haima,,
haimībhūta,,
hairaṇyagarbha,,
hairaṇyastūpa,ī,
hairamba,,
hailihila,,
hoḍha,,
hotṛcamasīya,,
hotrīya,,
hotva,,
homin,ī,
homīya,,
homya,,
hautabhuja,,
hautāśana,,
hautṛka,,
hautna,,
hautra,,
hautrika,,
haumīya,,
haumya,,
hnuta,,
hnotavya,,
hyaḥkṛta,,
hyastana,ī,
hyastya,,
hradaka,,
hradayya,,
hradavya,,
hradin,ī,
hrasita,,
hrasiṣṭha,,
hrasvaka,,
hrasvajātya,,
hrasvapūrva,,
hrasvabāhuka,,
hrasvāṅga,,
hrasvodaya,,
hrasvopadha,,
hrādaka,,
hrādin,ī,
hrādunihata,,
hrāsaka,ikā,
hrāsanīya,,
hrījita,,
hrīṇamukha,,
hrīṇa,,
hrītamukha,,
hrītamukhin,ī,
hrīta,,
hrīdhārin,ī,
hrīniṣeva,,
hrībala,,
hrīmūḍha,,
hrīsannakaṇṭha,,
hruta,,
hrepita,,
hreṣita,,
hreṣin,ī,
hlādaka,ikā,
hlādana,,
hlādanīya,,
hlādita,,
hlādin,ī,
hlīka,,
hvarita,,
hvalana,,
hvala,,
hvātavya,,
hvānīya,,
hvāyaka,,
hvāyin,ī,
hvārya,,
hvṛta,,
hveya,,
