aṛṇin,,
aṃśabhāgin,,
aṃśahārin,,
aṃśin,,
aṃśumat,,
aṃhu,,
aṃhoyu,,
akariṣyat,,
akarman,,
akali,,
akavi,,
akāmin,,
akārin,,
akāryakārin,,
akutomṛtyu,,
akutsayat,,
akupyat,,
akuṣṭhipṛṣat,,
akūrmapṛṣat,,
akṛcchrin,,
akṛtabuddhi,,
akṛtātman,,
akṛtin,,
akṛtyakārin,,
akṛśakīrti,,
akṛṣṇakarman,,
aketu,,
akratu,,
akrīḍat,,
akrudhyat,,
akliṣṭakarman,,
akliṣṭakārin,,
akṣaṇvat,,
akṣanvat,,
akṣamālin,,
akṣamin,,
akṣayin,,
akṣarapaṅkti,,
akṣaravat,,
akṣavat,,
akṣasūtravalayin,,
akṣāralavaṇāśin,,
akṣiṇvat,,
akṣiti,,
akṣimat,,
akṣiyat,,
akṣetrin,,
akṣṇayāvan,,
akṣyāmayin,,
akhaṇḍitartu,,
akhanat,,
akharvan,,
akhidrayāman,,
akhedin,,
agatāsu,,
agati,,
agandhasevin,,
agandhin,,
agandhi,,
agamyāgāmin,,
agavyūti,,
agārin,,
agiraukas,,
aguṇavat,,
aguṇavādin,,
aguṇin,,
aguru,,
agu,,
agṛhṇat,,
agniketu,,
agnicitvat,,
agnitapas,,
agnitejas,,
agnibhrājas,,
agnimat,,
agnivat,,
agnivāsas,,
agniṣṭomayājin,,
agnihotrāyaṇin,,
agnihotrin,,
agnyutsādin,,
agragāmin,,
agradātṛ,,
agrapradāyin,,
agrayāyin,,
agrayāvan,,
agravat,,
agrādvan,,
agrāhin,,
agriyavat,,
aghavat,,
aghaśaṃsin,,
aghātin,,
aghāyu,,
aghārin,,
aghṛṇin,,
aṅkin,,
aṅkuravat,,
aṅkuśin,,
aṅkūyat,,
aṅgadin,,
aṅgavākpāṇimat,,
aṅgārin,,
aṅgin,,
aṅgirasvat,,
aṅgirodhāman,,
aṅgulitravat,,
aṅgoṣin,,
acakṛvas,,
acarat,,
acariṣyat,,
acāru,,
acintyakarman,,
aciṣṭu,,
acetas,,
acodat,,
acodas,,
acchidroti,,
acyāvin,,
ajagati,,
ajanman,,
ajarat,,
ajarayu,,
ajavas,,
ajahat,,
ajātaloman,,
ajātaśatru,,
ajānat,,
ajāmi,,
ajitātman,,
ajinavāsin,,
ajīrṇin,,
ajīryat,,
ajīvat,,
ajūryat,,
ajñānin,,
ajyāyas,,
ajyeṣṭhavṛtti,,
ajvin,,
añjimat,,
añji,,
aṇīyas,,
aṇuvādin,,
aṇḍākṛti,,
atattvārthavat,,
atanu,,
atandrin,,
atapas,,
atamas,,
atameru,,
atikramin,,
atiguru,,
aticārin,,
aticchandas,,
atijaras,,
atitapasvin,,
atitārin,,
atitrasnu,,
atithidharmin,,
atithin,,
atidarśin,,
atidhenu,,
atinau,,
atiparokṣavṛtti,,
atipātin,,
atibahu,,
atimati,,
atimanuṣyabuddhi,,
atimānin,,
atimṛtyu,,
atimokṣin,,
atiyaśas,,
atiyuvan,,
atiraṃhas,,
atirājakumāri,,
atirekin,,
ativaktṛ,,
ativartin,,
ativādin,,
ativilambin,,
ativepathumat,,
ativepathu,,
ativyādhin,,
atiśakti,,
atiśayavat,,
atiśayin,,
atiśāyin,,
atiṣṭhat,,
atiṣṭhāvat,,
atisaktimat,,
atisārakin,,
atisārin,,
atīsārakin,,
atīsārin,,
atūtuji,,
atṛpṇuvat,,
atṛṣyat,,
atejasvin,,
atejas,,
atyaṃhas,,
atyagni,,
atyaṇu,,
atyantagāmin,,
atyantaguṇin,,
atyamarṣin,,
atyayin,,
atyaśnat,,
atyāsārin,,
atyāhārin,,
atyūrmi,,
atrapu,,
atrabhavat,,
atrasnu,,
atrasyat,,
atrirātrayājin,,
adat,,
adantāghātin,,
adabdhadhīti,,
adabdhavratapramati,,
adabdhāsu,,
adayālu,,
adātṛ,,
adādi,,
adāman,,
adāyin,,
adāśuri,,
adāśu,,
adāśvas,,
adāsyat,,
aditi,,
aditsat,,
aditsu,,
adipsat,,
adīnātman,,
adīrghadarśin,,
adṛptakratu,,
adṛpyat,,
adṛśyat,,
adṛṣṭakarman,,
adṛṣṭavat,,
adevayat,,
adevayu,,
adogdhṛ,,
adoṣadarśin,,
adbhutakarman,,
adbhutakratu,,
adbhutabhīmakarman,,
adbhutainas,,
admasadvan,,
adyāvadhi,,
adyu,,
adribarhas,,
adrimātṛ,,
adrisānu,,
adruhvan,,
adrohin,,
advan,,
advayat,,
advayas,,
advayāvin,,
advayu,,
adviyoni,,
adveṣarāgin,,
adveṣin,,
adhaḥprāṅśāyin,,
adhaḥśāyin,,
adhaḥśiras,,
adhaḥsaṃveśin,,
adharmacārin,,
adharmātman,,
adharmin,,
adhastāllakṣman,,
adhāsanaśāyin,,
adhikakṣayakārin,,
adhikarddhi,,
adhikavayas,,
adhikādhi,,
adhikārin,,
adhijigāṃsu,,
adhidīdhiti,,
adhirajju,,
adhirohin,,
adhivāsin,,
adhiṣṭhātṛ,,
adhītin,,
adhīyat,,
adhūnvat,,
adhṛti,,
adhenu,,
adhogati,,
adhogāmin,,
adhodṛṣṭi,,
adhovarcas,,
adhovekṣin,,
adhyavasāyin,,
adhyāyin,,
adhyāsin,,
adhrigu,,
adhri,,
adhvagāmin,,
adhvaravat,,
adhvaras,,
adhvasman,,
anaṃśin,,
anagni,,
anaṅguri,,
anaṇīyas,,
anaṇu,,
anatimānin,,
anadat,,
anadhikārin,,
anadhīyat,,
ananudhyāyin,,
ananuṣaṅgin,,
anantamāyin,,
anantavat,,
anantaśakti,,
ananyagati,,
ananyagāmin,,
ananyacetas,,
ananyajāni,,
ananyadṛṣṭi,,
ananyamanas,,
ananyarādhas,,
ananyavandin,,
ananyaviṣayātman,,
ananyavṛtti,,
anapakārin,,
anapakramin,,
anapacāyitṛ,,
anapatyavat,,
anaparādhin,,
anapavyayat,,
anapasphurat,,
anapahatapāpman,,
anapāyin,,
anapekṣin,,
anapnas,,
anabhilāṣin,,
anabhīśu,,
anabhri,,
anamasyu,,
anamin,,
anarthadarśin,,
anarthabuddhi,,
anarthabhīru,,
anarman,,
anarvan,,
anarśarāti,,
anarhat,,
analaṃkariṣṇu,,
analpamanyu,,
anavagāhin,,
anavaglāyat,,
anavadhi,,
anavabhrarādhas,,
anavarti,,
anavasthāyin,,
anavasyat,,
anavānat,,
anaśnat,,
anaśru,,
anaṣṭapaśu,,
anaṣṭavedas,,
anasūyu,,
anasvat,,
anasvin,,
anahaṃkṛti,,
anahaṃvādin,,
anahambuddhi,,
anāgatavat,,
anāgamiṣyat,,
anāgas,,
anāgāmin,,
anāgūrtin,,
anācārin,,
anājānat,,
anājñaptakārin,,
anāḍhyambhaviṣṇu,,
anātman,,
anātmavat,,
anādarin,,
anādin,,
anādimat,,
anādi,,
anāpatti,,
anābhayin,,
anāman,,
anāmayat,,
anāmayitnu,,
anāmin,,
anāyatanavat,,
anāyattavṛtti,,
anāvayas,,
anāśin,,
anāśu,,
anāhārin,,
aniṅgayat,,
anicchat,,
anicchu,,
anibaddhapralāpin,,
anibhṛṣṭataviṣi,,
animantritabhojin,,
animiṣat,,
aniyatavṛtti,,
aniyogin,,
anirākariṣṇu,,
anirākṛtin,,
anilaprakṛti,,
anilāśin,,
anivartin,,
aniṣucārin,,
aniṣu,,
aniṣkāsin,,
aniṣkṛtainas,,
aniṣṭāśaṃsin,,
anistiṣṭhat,,
anīkavat,,
anīcānuvartin,,
anīlavājin,,
anukampāyin,,
anukampitātman,,
anukampin,,
anukartṛ,,
anukāṅkṣin,,
anukāmin,,
anukārin,,
anukrośin,,
anugaṇitin,,
anugādin,,
anugāmin,,
anugāyas,,
anugrāhin,,
anucarci,,
anucārin,,
anuccalat,,
anucchittidharman,,
anucchindat,,
anujīvin,,
anujjhat,,
anutāpin,,
anutiṣṭhāsu,,
anutpatti,,
anutsekin,,
anudarśin,,
anudeśin,,
anudgṛhṇat,,
anudyogin,,
anudvejayat,,
anudhyāyin,,
anunayin,,
anunādin,,
anuninīṣu,,
anupakārin,,
anupaghnat,,
anupayat,,
anupayogin,,
anupalakṣyavartman,,
anupastīrṇaśāyin,,
anupasthāpayat,,
anupasthāyin,,
anupātin,,
anupāyin,,
anupālayat,,
anupālin,,
anupūrvanābhi,,
anupraṣṭṛ,,
anuprasarpin,,
anuprasṛptin,,
anubadhnat,,
anubandhin,,
anubhayātman,,
anubhāvin,,
anubhāṣitṛ,,
anumatakarmakārin,,
anumantṛ,,
anumariṣyat,,
anumātṛ,,
anumṛgyadāśu,,
anumodin,,
anuyājavat,,
anuyāyin,,
anuyiyāsu,,
anuyogin,,
anurāgavat,,
anurāgin,,
anurodhin,,
anulepin,,
anuvaktṛ,,
anuvartin,,
anuvartman,,
anuvākyavat,,
anuvākyāvat,,
anuvādin,,
anuvāsin,,
anuvidvas,,
anuvidhāyin,,
anuvyāpin,,
anuvyāhārin,,
anuśayavat,,
anuśayin,,
anuśāyin,,
anuśāsat,,
anuśāsitṛ,,
anuśāsin,,
anuśikṣin,,
anuśocin,,
anuśobhin,,
anuṣaṅgin,,
anuṣṭupchandas,,
anuṣṭupśiras,,
anuṣṭhāyin,,
anusaṃdhānin,,
anusaṃdhāyin,,
anusaṃvṛjin,,
anusartṛ,,
anusārin,,
anusevin,,
anusvāravat,,
anuharat,,
anu,,
anūkāśin,,
anūdbhāsin,,
anūnaguru,,
anūnavarcas,,
anūru,,
anūrdhvajñu,,
anūrmi,,
anūṣman,,
anṛju,,
anṛṇin,,
anṛtavādin,,
anṛtin,,
anekākin,,
anekātmavādin,,
anekībhavat,,
anejat,,
anenas,,
aneman,,
anevaṃvidvas,,
anehas,,
anojas,,
antaḥpātin,,
antaḥsuṣirin,,
antakarman,,
antakārin,,
antagati,,
antagāmin,,
antanāman,,
antaragni,,
antaraprekṣin,,
antarasthāyin,,
antarānveṣin,,
antarikṣanāman,,
antargaḍu,,
antargatamanas,,
antargāmin,,
antarjānu,,
antardṛṣṭi,,
antardhināman,,
antarmanas,,
antarvartin,,
antarvasat,,
antarvāṇi,,
antarvidvas,,
antavat,,
antevāsin,,
antyajanman,,
antyajāti,,
antyayoni,,
antyūti,,
andhakārin,,
andhambhaviṣṇu,,
andhīkṛtātman,,
annakāśin,,
annatejas,,
annadātṛ,,
annadāyin,,
annabubhukṣu,,
annavat,,
annahartṛ,,
annāttṛ,,
annādin,,
annārthin,,
annāhārin,,
anniyat,,
anyagāmin,,
anyacchāyāyoni,,
anyataḥsitibāhu,,
anyatastyajāyin,,
anyatoghātin,,
anyatodat,,
anyatramanas,,
anyathāvādin,,
anyathāvṛtti,,
anyathāsambhāvin,,
anyanābhi,,
anyabandhu,,
anyamanas,,
anyarūpin,,
anyāyamati,,
anyāyavartin,,
anyāyavṛtti,,
anyāyin,,
anyūnārthavādin,,
anyokas,,
anyonyadharmin,,
anyonyaspardhin,,
anyonyāpatitatyāgin,,
anyopatāpin,,
anvaksthānin,,
anvayavat,,
anvayavyatirekin,,
anvayin,,
anvavasāyin,,
anvavekṣin,,
anvṛju,,
anveṣin,,
anveṣṭṛ,,
apakartṛ,,
apakarṣin,,
apakārārthin,,
apakārin,,
apakṛṣṭajāti,,
apakramin,,
apakvabuddhi,,
apakvāśin,,
apakṣapātin,,
apagatavyādhi,,
apaghātin,,
apacāyin,,
apacārin,,
apacikīrṣu,,
apacitimat,,
apacetas,,
apajighāṃsu,,
apajihīrṣu,,
apaṭu,,
apatanadharmin,,
apatānakin,,
apatitānyonyatyāgin,,
apatyavat,,
apatrapiṣṇu,,
apathagāmin,,
apathadāyin,,
apadeśin,,
apadhvaṃsin,,
apanayin,,
apanābhi,,
apanāman,,
apanidrat,,
apanidhi,,
apaninīṣu,,
apanunutsu,,
apanthadāyin,,
apapayas,,
apabhartṛ,,
apamanyu,,
apamānin,,
apamārin,,
aparadīkṣin,,
aparavat,,
aparājayin,,
aparājiṣṇu,,
aparāddhṛ,,
aparādhavat,,
aparādhin,,
aparāvṛttivartin,,
aparicayin,,
apariṇāmadarśin,,
apariṇāmin,,
aparīkṣyakārin,,
apartu,,
aparyāptavat,,
aparvan,,
apalāpin,,
apalāṣin,,
apavat,,
apavādin,,
apavīravat,,
apaśiras,,
apaśubandhayājin,,
apaśu,,
apaścādaghvan,,
apaśyat,,
apaśruti,,
apaṣṭhu,,
apasavyavat,,
apasmārin,,
apasmṛti,,
apasyu,,
apas,,
apahatapāpman,,
apaharas,,
apahārin,,
apahnotṛ,,
apākacakṣas,,
apākariṣṇu,,
apākin,,
apāṇi,,
apātradāyin,,
apātravarṣin,,
apānunutsu,,
apāpakāśin,,
apāmaṃbhaviṣṇu,,
apāyin,,
apārayat,,
apāli,,
apāśrayavat,,
apāśrayin,,
apāṣṭhavat,,
apāsi,,
apāsu,,
apāsyat,,
apitvin,,
apidhānavat,,
apiyat,,
apīḍayat,,
apunarbhāvin,,
apūpavat,,
apūrvin,,
apṛṇat,,
apṛthaktvin,,
apṛthakśruti,,
apṛthagdharmin,,
apekṣin,,
apeśas,,
aptumat,,
aptu,,
apnasvat,,
aprakampin,,
aprakāśat,,
aprakāśin,,
apracetas,,
aprajajñi,,
aprajaniṣṇu,,
aprajas,,
apratikarman,,
apratikārin,,
apratidhṛṣṭaśavas,,
apratibodhavat,,
apratibruvat,,
apratiyogin,,
apratiyodhin,,
apratilomayat,,
aprativāṇi,,
aprativādin,,
apratiśaṃsat,,
aprati,,
apradadi,,
apradānavat,,
apradīptāgni,,
aprabhu,,
apramattavat,,
apramādin,,
aprayucchat,,
aprayutvan,,
apravartin,,
apravṛtti,,
aprasavadharmin,,
aprasahiṣṇu,,
aprāṇat,,
aprāpyakārin,,
aprāyu,,
aprāśitṛ,,
apriyabhāgin,,
apriyavādin,,
apreman,,
aplavavat,,
apsumat,,
apsuyoni,,
apsu,,
aphalakāṅkṣin,,
aphalaprepsu,,
aphalākāṅkṣin,,
aphalgu,,
abaddhavat,,
abandhu,,
abaladhanvan,,
abalavat,,
abalāgni,,
abalīyas,,
abahirvāsas,,
abahu,,
abibhyat,,
abuddhimat,,
abuddhi,,
abdimat,,
abrahman,,
abruvat,,
abhaktimat,,
abhakṣyabhakṣin,,
abhayasani,,
abhāgin,,
abhāvayat,,
abhāvayitṛ,,
abhāvin,,
abhikarman,,
abhikāṅkṣin,,
abhikratu,,
abhikrāntin,,
abhigacchat,,
abhigāmin,,
abhigṛhītapāṇi,,
abhigoptṛ,,
abhigrahītṛ,,
abhigrāhin,,
abhighātin,,
abhicārin,,
abhijanavat,,
abhitāpin,,
abhitobhāvin,,
abhitosthi,,
abhitti,,
abhidadhat,,
abhidipsu,,
abhidyu,,
abhidhātṛ,,
abhidhādhvaṃsin,,
abhidhāyin,,
abhidhṛṣṇu,,
abhidhyāyin,,
abhidhyālu,,
abhinanditṛ,,
abhinandin,,
abhiniveśin,,
abhiniṣkārin,,
abhinnagati,,
abhinnasthiti,,
abhinnātman,,
abhipattimat,,
abhipāṇḍu,,
abhipātin,,
abhiprabhaṅgin,,
abhiprayāyin,,
abhipraśnin,,
abhiprepsu,,
abhibādhitṛ,,
abhibhāvin,,
abhibhāṣin,,
abhibhu,,
abhibhūti,,
abhibhūtyojas,,
abhimanas,,
abhimardin,,
abhimarśin,,
abhimātin,,
abhimāti,,
abhimānavat,,
abhimānaśālin,,
abhimānin,,
abhiyāyin,,
abhiyugvan,,
abhiyoktṛ,,
abhiyogin,,
abhirakṣitṛ,,
abhirūpavat,,
abhiroddhṛ,,
abhilaṅghin,,
abhilāṣin,,
abhivat,,
abhivayas,,
abhivartin,,
abhivarṣin,,
abhivādayitṛ,,
abhivādin,,
abhivāśat,,
abhivipaṇyu,,
abhiviśaṅkin,,
abhivedhin,,
abhivyādhin,,
abhivyāpin,,
abhivyāhārin,,
abhivratin,,
abhiśaṅkin,,
abhiśastipāvan,,
abhiśāstṛ,,
abhiśocayiṣṇu,,
abhiṣaṅgin,,
abhiṣiṣeṇayiṣu,,
abhiṣekārdraśiras,,
abhiṣṭimat,,
abhiṣṭiśavas,,
abhiṣṭuvat,,
abhiṣyat,,
abhiṣyandin,,
abhiṣvaṅgin,,
abhisaṃcārin,,
abhisartṛ,,
abhisārin,,
abhisisārayiṣu,,
abhisyandin,,
abhi,,
abhīpsin,,
abhīpsu,,
abhīru,,
abhīṣumat,,
abhuktavat,,
abhujaṃgavat,,
abhuñjat,,
abhūtaśatru,,
abhūri,,
abhṛtyātman,,
abhedin,,
abhoktṛ,,
abhojin,,
abhyantaracārin,,
abhyamanavat,,
abhyamin,,
abhyarthin,,
abhyardhayajvan,,
abhyavāyin,,
abhyāgāmin,,
abhyāghātin,,
abhyāvartin,,
abhyāsaparivartin,,
abhyāsin,,
abhyāhitāgni,,
abhyucchrayavat,,
abhyutthāyin,,
abhyudayin,,
abhyudācārin,,
abhyupagantṛ,,
abhyullasat,,
abhrasani,,
abhrātṛ,,
abhrāvakāśin,,
amati,,
amatīvan,,
amatrin,,
amatsarin,,
amadyapamadyat,,
amanas,,
amantu,,
amantṛ,,
amantravat,,
amamri,,
amaravarṇin,,
amariṣṇu,,
amardhat,,
amarman,,
amarṣavat,,
amarṣin,,
amalātman,,
amavat,,
amaviṣṇu,,
amastu,,
amāṃsāśin,,
amānin,,
amāyin,,
amitakratu,,
amitatejas,,
amitadyuti,,
amitamati,,
amitātman,,
amitaujas,,
amitrakarṣin,,
amitraghātin,,
amitrayu,,
amitrin,,
aminat,,
amin,,
amūrti,,
amṛtadhāyin,,
amṛtapāyin,,
amṛtavarṣin,,
amṛtātman,,
amṛtāsu,,
amṛtyu,,
amṛnmayapāyin,,
amṛṣṭabhojin,,
amedhas,,
amedhyakuṇapāśin,,
ameni,,
ameyātman,,
amokṣayat,,
amnas,,
ambaralekhin,,
ambucārin,,
ambujīvin,,
ambumat,,
ambuvāhin,,
amlānin,,
amlāyin,,
ayajyu,,
ayajvan,,
ayatat,,
ayatnakārin,,
ayatnavat,,
ayat,,
ayathāśāstrakārin,,
ayavat,,
ayaśas,,
ayaśobhin,,
ayācat,,
ayācin,,
ayāśu,,
ayin,,
ayugdhātu,,
ayujin,,
ayuvamārin,,
ayogin,,
ayodhyāvāsin,,
ayoni,,
ayopāṣṭi,,
ayohanu,,
arakṣat,,
arakṣas,,
arakṣitṛ,,
araṅgin,,
arajas,,
arajju,,
araṇāvihārin,,
araṇimat,,
araṇyavāsin,,
arati,,
aratnin,,
aratni,,
arapas,,
aramaṇas,,
aramati,,
araru,,
arasayitṛ,,
arasāśin,,
arāgadveṣin,,
arāgin,,
arājānvayin,,
arājin,,
arātidūṣi,,
arātīyu,,
arātīvan,,
arādhas,,
arāvan,,
ariśāsin,,
ariṣaṇyat,,
ariṣṭagātu,,
ariṣṭagu,,
ariṣṭatāti,,
ariṣṭanemi,,
ariṣṭabharman,,
ariṣṭāsu,,
ariṣyat,,
ari,,
aruṇapsu,,
aruṇababhru,,
arutahanu,,
arūpavat,,
arūpin,,
areṇu,,
aretas,,
arepas,,
arephavat,,
arephin,,
arokadat,,
arogin,,
arocakin,,
arociṣṇu,,
arkavat,,
arkāśvamedhavat,,
arkāśvamedhin,,
arkin,,
arcatri,,
arcat,,
arcanas,,
arcāvat,,
arcicayiṣu,,
arcitin,,
arcin,,
arcimat,,
arcivat,,
arciṣmat,,
arjin,,
arjunacchavi,,
arṇasvat,,
arthakartṛ,,
arthakārin,,
arthakāśin,,
arthakilbiṣin,,
arthagarīyas,,
arthagrāhin,,
arthamanas,,
artharuci,,
arthavat,,
arthavādin,,
arthaśālin,,
arthasaṃgrahin,,
arthasaṃnyāsin,,
arthasambandhin,,
arthahārin,,
arthādhikārin,,
arthārthin,,
arthin,,
arditin,,
ardidhiṣu,,
ardhakaghātin,,
ardhacandrabhāgin,,
ardhabhāgin,,
ardharcādi,,
ardhasīrin,,
ardhāṃśin,,
ardhāmbu,,
ardhin,,
arbudin,,
aryamagṛhapati,,
arvat,,
arvan,,
arvāksrotas,,
arvāgvasu,,
arvācin,,
arśasin,,
arśin,,
arśorogin,,
arṣaṇin,,
arṣṭṛ,,
arhat,,
arhariṣvaṇi,,
alaṃkaraṇin,,
alaṃkariṣṇu,,
alaṃkartṛ,,
alaṃkumāri,,
alaṃgāmin,,
alaṃpaśu,,
alaṃbhūṣṇu,,
alaṃmanas,,
alakṣman,,
alakṣyagati,,
alaghīyas,,
alaghu,,
alaṅghayat,,
alaṅghitātman,,
alapat,,
alambhaviṣṇu,,
alarṣirāti,,
alalābhavat,,
alavaṇāśin,,
alas,,
alābugandhi,,
aliṅgin,,
alipi,,
alimat,,
alīkin,,
aluptamahiman,,
alubhyat,,
alobhin,,
aloman,,
alpatanu,,
alpadṛṣṭi,,
alpapaśu,,
alpapāyin,,
alpaprajas,,
alpabuddhi,,
alpabhāṣin,,
alpamati,,
alpamūrti,,
alpamedhas,,
alpavat,,
alpavayas,,
alpavādin,,
alpavittavat,,
alpavyāhārin,,
alpaśakti,,
alpasnāyu,,
alpasvamat,,
alpākāṅkṣin,,
alpāñji,,
alpāhārin,,
alpiṣṭhakīrti,,
alpīyas,,
alpecchu,,
avakāśavat,,
avakin,,
avakīrṇin,,
avakeśin,,
avaktṛ,,
avakrakṣin,,
avakrāmin,,
avagamayitṛ,,
avagamin,,
avagāḍhavat,,
avaguṇṭhanavat,,
avaghātin,,
avacāyin,,
avajaghnat,,
avatatadhanvan,,
avatāpin,,
avatāraprekṣin,,
avatārin,,
avatitīrṣu,,
avattin,,
avat,,
avadat,,
avadyat,,
avadyavat,,
avadyotin,,
avadhānavat,,
avadhānin,,
avadhāritin,,
avadhijñānin,,
avadhimat,,
avadhīrin,,
avadhyāyin,,
avanāmin,,
avabhāsin,,
avabhedin,,
avamantṛ,,
avamānin,,
avayavin,,
avayātahełas,,
avayātṛ,,
avaravayas,,
avarokin,,
avarodhin,,
avarohavat,,
avarohin,,
avarcas,,
avartin,,
avarman,,
avarṣin,,
avalambin,,
avalehin,,
avalokayitṛ,,
avalokin,,
avalgukārin,,
avaśin,,
avaśiras,,
avaśyambhāvin,,
avasathin,,
avasāyin,,
avaskandin,,
avasthāyin,,
avasthāvan,,
avasyu,,
avasvat,,
avasvadvat,,
avahat,,
avahitapāṇi,,
avahitāñjali,,
avahni,,
avākin,,
avākchruti,,
avākśiras,,
avākśruti,,
avāksrotas,,
avāggamanavat,,
avādin,,
avāntaradiksrakti,,
avāntaradīkṣin,,
avāptavat,,
avāyu,,
avāryakratu,,
avāsas,,
avāsin,,
avāstu,,
avikathayat,,
avikāravat,,
avikārin,,
avicalat,,
avicācalat,,
avicācali,,
avicārayat,,
avicālin,,
avicikitsat,,
avicetas,,
avicchindat,,
avijānat,,
avijitin,,
avijñātagati,,
avijñātṛ,,
avijñānavat,,
avitathābhisandhi,,
avitārin,,
avitṛ,,
avidāsin,,
avidāhin,,
avidīdhayu,,
aviddhanas,,
aviddhavarcas,,
avidvas,,
avidviṣāvat,,
avidhāyin,,
avinābhāvin,,
avināyin,,
avināśin,,
avinipātin,,
avinivartin,,
avipakvabuddhi,,
avipadyat,,
aviplutamati,,
aviplutamanobuddhi,,
avibruvat,,
avibhaktin,,
avibhavat,,
avibhāgin,,
avibhraṃsin,,
avimat,,
avimanas,,
aviyogin,,
aviramat,,
avirādhayat,,
aviroddhṛ,,
avirodhin,,
avivakṣat,,
avivadiṣṇu,,
avivādin,,
avivāhin,,
avivekin,,
avivenat,,
aviśeṣavat,,
aviśrambhin,,
aviśvasat,,
aviśvāsin,,
aviṣayamanas,,
aviṣādin,,
aviṣyat,,
aviṣyu,,
avisaṃvādin,,
avisargin,,
aviskanttṛ,,
aviharyatakratu,,
avihvarat,,
avi,,
avīkṣin,,
avīci,,
avīryavat,,
avṛtti,,
avekṣin,,
aveṇi,,
avedin,,
avedi,,
avenat,,
avyaktagati,,
avyaktabhāṣin,,
avyaktamūrti,,
avyacas,,
avyatirekin,,
avyat,,
avyathin,,
avyathi,,
avyanat,,
avyapadeśarūpin,,
avyabhicāravat,,
avyabhicārin,,
avyayavat,,
avyayātman,,
avyavalambin,,
avyavasāyin,,
avyasanin,,
avyāpin,,
avyāpyavṛtti,,
avyāhārin,,
avyeṣyat,,
avratavat,,
avratin,,
avrājin,,
aśaknuvat,,
aśatru,,
aśanavat,,
aśanāyāvat,,
aśanin,,
aśanimat,,
aśapat,,
aśarīrin,,
aśastrapāṇi,,
aśas,,
aśāsat,,
aśitāvat,,
aśin,,
aśiras,,
aśiśiṣu,,
aśiṣyavṛtti,,
aśītatanu,,
aśīrtatanu,,
aśīrṣin,,
aśuklavat,,
aśuci,,
aśuddhaprakṛti,,
aśuśrūṣu,,
aśūdrocchiṣṭin,,
aśṛṇvat,,
aśeṣas,,
aśnat,,
aśni,,
aśnyuṣṇi,,
aśmadidyu,,
aśmanvat,,
aśmavat,,
aśmavarṣavat,,
aśmaśru,,
aśrāddhabhojin,,
aśrāddhin,,
aśrimat,,
aśrīmat,,
aśreyas,,
aśreṣman,,
aśrotṛ,,
aśvatthāman,,
aśvadāvan,,
aśvapeśas,,
aśvamiṣṭi,,
aśvamedhavat,,
aśvamedhin,,
aśvayu,,
aśvarādhas,,
aśvavat,,
aśvavṛndin,,
aśvaśiras,,
aśvasani,,
aśvastanavidhātṛ,,
aśvāvat,,
aśvin,,
aśvimat,,
aṣāḍhin,,
aṣṭakin,,
aṣṭācatvāriṃśin,,
aṣṭāracakravat,,
aṣṭāratni,,
aṣṭāśri,,
aṣṭāsri,,
aṣṭin,,
aṣṭrāvin,,
asaṃkalpayat,,
asaṃcayavat,,
asaṃcarat,,
asaṃtoṣavat,,
asaṃtyāgin,,
asaṃnipātin,,
asaṃbhindat,,
asaṃmatādāyin,,
asaṃyatātman,,
asaṃyat,,
asaṃvatsarabhṛtin,,
asaṃvatsaravāsin,,
asaṃvyāhārin,,
asaṃskṛtālakin,,
asakthi,,
asaṅgacārin,,
asaṅgavat,,
asaṅgin,,
asajāti,,
asajjitātman,,
asatyavādin,,
asadācārin,,
asadṛśavyavahārin,,
asadgrāhin,,
asadbuddhi,,
asadvṛtti,,
asadvyavahārin,,
asani,,
asabandhu,,
asamavāyin,,
asamāti,,
asamātyojas,,
asamīkṣyakārin,,
asamyakkārin,,
asamyakkṛtakārin,,
asarvavibhakti,,
asaścat,,
asasat,,
asahāyavat,,
asahiṣṇu,,
asākṣin,,
asādhu,,
asāman,,
asāmiśavas,,
asāmi,,
asitajānu,,
asinvat,,
asipāṇi,,
asimat,,
asīman,,
asukhin,,
asunvat,,
asumat,,
asurakṣiti,,
asuṣvi,,
asūyitṛ,,
asūyu,,
asṛkpāvan,,
asṛksrāvin,,
asṛṇi,,
asomapīthin,,
asomayājin,,
asaunāman,,
askandayat,,
askandin,,
askṛdhoyu,,
astagāmin,,
astatandri,,
astābhilāṣin,,
astāvalambin,,
astimat,,
astuti,,
astṛtayajvan,,
astṛ,,
astenamānin,,
astotṛ,,
astrakṣatimat,,
astradhārin,,
astrīsambhogin,,
astryupāyin,,
asthanvat,,
asthānin,,
asthāyin,,
asthāsnu,,
asthibhūyas,,
asthimat,,
asthūri,,
astheyas,,
asnātṛ,,
asnāyin,,
asnehavat,,
aspandayat,,
aspandāsu,,
aspaṣṭakīrti,,
aspṛśat,,
aspraṣṭṛ,,
asmayu,,
asmarat,,
asyākṛti,,
asravat,,
asrin,,
asredhat,,
asreman,,
asvajāti,,
asvapat,,
asvarādi,,
asvādu,,
ahaṃkāravat,,
ahaṃkārin,,
ahaṃnāman,,
ahaṃyu,,
ahaṃvādin,,
ahatavāsas,,
ahammati,,
ahali,,
ahaviryājin,,
ahāpayat,,
ahārayat,,
ahārin,,
ahiṃkṛti,,
ahiṃsat,,
ahitakārin,,
ahitanāman,,
ahitamanas,,
ahitecchu,,
ahidat,,
ahinas,,
ahibhānu,,
ahimat,,
ahimanyu,,
ahiraṇyavat,,
ahivratin,,
ahīnakarman,,
ahīnavādin,,
ahu,,
ahelin,,
ahełat,,
ahełayat,,
ahotṛ,,
ahyarṣu,,
ahri,,
ahrutapsu,,
ākarin,,
ākarṇin,,
ākarṣin,,
ākalpasthāyin,,
ākāṅkṣin,,
ākāramat,,
ākāravat,,
ākāśacārin,,
ākāśavat,,
ākāśātman,,
ākṛtimat,,
ākopavat,,
ākrandin,,
ākrāntamati,,
ākrīḍin,,
ākrośayitṛ,,
ākrośin,,
ākṣepin,,
ākṣeptṛ,,
ākṣyat,,
ākhidat,,
ākhyāyin,,
āgatanandin,,
āgatanardin,,
āgataprahārin,,
āgatayodhin,,
āgatarohin,,
āgatavañcin,,
āgantu,,
āgantṛ,,
āgamavat,,
āgamāpāyin,,
āgamin,,
āgaskārin,,
āgāmin,,
āgūrtin,,
āghṛṇi,,
āghṛṇīvasu,,
āghoṣayat,,
āghnat,,
ācakri,,
ācakṣas,,
ācāravat,,
ācārin,,
ācāryavat,,
ācchādin,,
ājānubāhu,,
ājānulambin,,
ājigamiṣu,,
ājigīṣu,,
ājighṛkṣu,,
ājiri,,
ājiśobhin,,
ājihīrṣu,,
ājñākārin,,
ājñābhaṅgakārin,,
ājñāyin,,
ājñāsampādin,,
ājyadhanvan,,
āḍambaravat,,
āḍambarin,,
āḍhyambhaviṣṇu,,
āḍhyarogin,,
āḍhyāḍu,,
āṇḍīvat,,
ātatāyin,,
ātatāvin,,
ātani,,
ātapat,,
ātapavat,,
ātāpin,,
ātitāṃsu,,
ātithyavat,,
ātuji,,
ātodin,,
āttakānti,,
āttamanas,,
āttalakṣmi,,
āttavacas,,
ātmagrāhin,,
ātmatyāgin,,
ātmadūṣi,,
ātmadrohin,,
ātmanepadin,,
ātmanvat,,
ātmanvin,,
ātmapraśaṃsin,,
ātmamūrti,,
ātmambhari,,
ātmayājin,,
ātmarati,,
ātmavat,,
ātmaślāghin,,
ātmasani,,
ātmāpahārin,,
ātmopajīvin,,
ādadi,,
ādaravat,,
ādarin,,
ādānavat,,
ādāyin,,
ādārin,,
ādityadhāman,,
ādityavat,,
ādityavani,,
ādityānuvartin,,
āditsu,,
ādin,,
ādimat,,
ādi,,
āduri,,
ādeśakārin,,
ādeśin,,
ādyantavat,,
ādhāyin,,
ādhārin,,
ādhitsu,,
ānandathu,,
ānandātman,,
ānandin,,
ānākarathavartman,,
ānu,,
ānetṛ,,
āntrānucārin,,
āpayitṛ,,
āpāṇḍu,,
āpātin,,
āpādin,,
āpāntamanyu,,
āpāyin,,
āpi,,
āpīḍin,,
āpīnavat,,
āptakārin,,
āptacchandas,,
āpyāyanavat,,
āpyāyin,,
āphalodayakarman,,
ābaddhadṛṣṭi,,
ābaddhāñjali,,
ābarhin,,
ābhaṅgin,,
ābharadvasu,,
ābhāsin,,
ābhu,,
ābhṛtātman,,
ābhogin,,
ābhojin,,
āmagandhin,,
āmagandhi,,
āmañju,,
āmanas,,
āmantrayitṛ,,
āmapācin,,
āmayāvin,,
āmardin,,
āmātisārin,,
āmikṣavat,,
āmiṣāśin,,
āmodin,,
āmoṣin,,
āmnāyasārin,,
āmbhi,,
āmrin,,
āyajin,,
āyaji,,
āyajīyas,,
āyajyu,,
āyatanavat,,
āyatimat,,
āyat,,
āyadarśin,,
āyadvasu,,
āyāmavat,,
āyāmin,,
āyāsadayin,,
āyāsin,,
āyin,,
āyuktin,,
āyudhajīvin,,
āyurdāvan,,
āyuṣmat,,
āyuṣyavat,,
āyu,,
ārakṣin,,
ārambhaṇavat,,
ārambharuci,,
ārambhin,,
ārādupakārin,,
ārādhayitṛ,,
ārādhayiṣṇu,,
ārāvin,,
āripsu,,
ārirādhayiṣu,,
ārujatnu,,
āruṇihotṛ,,
ārurukṣu,,
ārūḍhavat,,
ārecin,,
āreśatru,,
ārogyavat,,
ārohin,,
ārkāyaṇi,,
ārkṣyat,,
ārjavin,,
ārtimat,,
ārdradānu,,
ārdrapavi,,
ārdravāsas,,
āryakarman,,
āryacetas,,
āryaliṅgin,,
ārṣeyavat,,
ālambanavat,,
ālambin,,
ālambhin,,
ālasyavat,,
ālāpavat,,
ālāpin,,
ālālamehin,,
ālikhat,,
āliṅgitavat,,
āliṅgin,,
āli,,
ālokavat,,
ālokin,,
ālohavat,,
āvarītṛ,,
āvartin,,
āvarhin,,
āvalgin,,
āvasāyin,,
āvāsin,,
āvidvas,,
āvṛtvat,,
āvedin,,
āvyādhin,,
āśaṃsitṛ,,
āśaṃsin,,
āśaṃsu,,
āśaṅkin,,
āśayitṛ,,
āśāraiṣin,,
āśāvat,,
āśāvāsas,,
āśitṛ,,
āśin,,
āśīyas,,
āśīrvat,,
āśīrvādābhidhānavat,,
āśukārin,,
āśukopin,,
āśugāmin,,
āśubhāvin,,
āśumat,,
āśuśukṣaṇi,,
āśuheṣas,,
āśu,,
āśaucin,,
āśramin,,
āśrayavat,,
āśrayin,,
āśretṛ,,
āśvapas,,
āśvalāyanaśākhin,,
āśvāsin,,
āsaktacetas,,
āsaktamanas,,
āsaṅgin,,
āsañjanavat,,
āsaniṣu,,
āsannanivāsin,,
āsannayodhin,,
āsannavartin,,
āsanvat,,
āsāvin,,
āsisādayiṣu,,
āsutimat,,
āsecanavat,,
āsevin,,
āskandin,,
āstaraṇavat,,
āsthātṛ,,
āsrāvin,,
āsrupayas,,
āsru,,
āsvādavat,,
āhanas,,
āhavaśobhin,,
āhārārthin,,
āhārin,,
āhitāgni,,
āhutivat,,
āhutīṣahi,,
āhūtādhyāyin,,
āhṛtayajñakratu,,
āhlādakārin,,
āhlādin,,
āhvṛti,,
ikṣumehin,,
icchāvat,,
icchāśaktimat,,
icchu,,
iḍāvat,,
itaretaropakṛtimat,,
itāsu,,
itināman,,
itiprabhṛti,,
itihoti,,
itaūti,,
ityādi,,
idadvasu,,
iddhamanyu,,
iddhāgni,,
idhmabhṛti,,
idhmavat,,
indramedin,,
indrayu,,
indravat,,
indraśatru,,
indrasārathi,,
indrasvat,,
indriyabodhin,,
indriyavat,,
indriyāvat,,
indriyāvin,,
indhanavat,,
indhanvan,,
iyakṣu,,
iyat,,
irajyu,,
irāvat,,
irin,,
iṣayu,,
iṣavat,,
iṣīkāñji,,
iṣudhimat,,
iṣudhyu,,
iṣuparṣin,,
iṣumat,,
iṣkartṛ,,
iṣṭakāvat,,
iṣṭani,,
iṣṭayāman,,
iṣṭaraśmi,,
iṣṭasaṃpādin,,
iṣṭāpūrtin,,
iṣṭāvat,,
iṣṭin,,
iṣmin,,
ihakratu,,
ihamanas,,
ihārthin,,
īkṣitṛ,,
īḍitṛ,,
īpsu,,
īyacakṣas,,
īyivas,,
īrtsu,,
īrṣālu,,
īrṣu,,
īrṣyālu,,
īrṣyāvat,,
īrṣyin,,
īrṣyu,,
īvat,,
īśin,,
īṣaṇin,,
īṣat,,
īhārthin,,
uktavat,,
ukthavat,,
ukthavāhas,,
ukthaśaṃsin,,
ukthaśas,,
ukthāyu,,
ukthin,,
ukṣaṇyu,,
ugrakarman,,
ugragandhin,,
ugracārin,,
ugrajāti,,
ugratejas,,
ugrapūti,,
ugrabāhu,,
uccabhāṣin,,
uccārayitṛ,,
uccārin,,
uccaiḥśiras,,
uccairdhāman,,
ucchāstravartin,,
ucchiras,,
ucchiṣṭabhoktṛ,,
ucchiṣṭabhojin,,
ucchedin,,
ucchrāyin,,
ucchritapāṇi,,
ucchvasat,,
ucchvāsin,,
ujjeṣavat,,
ujjhitavat,,
ujjhitṛ,,
uñchadharman,,
uñchavartin,,
uñchavṛtti,,
uḍḍāmarin,,
utkaṇṭakin,,
utkampin,,
utkarṣin,,
utkūlagāmin,,
utkocin,,
utkoṭi,,
utkrāntaśreyas,,
utkrāntin,,
utkrodin,,
utkledin,,
utkleśin,,
utkhātin,,
uttamatejas,,
uttaraṃgi,,
uttaralakṣman,,
uttaraloman,,
uttarādhikārin,,
uttarāvat,,
uttarāśman,,
uttarin,,
uttarottarin,,
uttānaśāyin,,
uttārin,,
uttitīrṣu,,
uttīrṇavikṛti,,
utthānavat,,
utthānaśīlin,,
utthāyin,,
utpakṣman,,
utpaciṣṇu,,
utpatitṛ,,
utpatin,,
utpatiṣṇu,,
utpattimat,,
utpannatantu,,
utpannabuddhi,,
utpannabhakṣin,,
utpannavināśin,,
utpannāpavargin,,
utpalamālābharin,,
utpalin,,
utpavitṛ,,
utpāṭin,,
utpātin,,
utpādin,,
utpitsu,,
utpṛṣṭi,,
utpraveṣṭṛ,,
utsaṅgavat,,
utsaṅgin,,
utsargin,,
utsarpin,,
utsādin,,
utsārin,,
utsāhavat,,
utsāhaśauryadhanasāhasavat,,
utsāhin,,
utsiktamanas,,
utsisṛkṣu,,
utsṛṣṭavat,,
utsṛṣṭāgni,,
utsekin,,
utsrotas,,
udakadātṛ,,
udakadāyin,,
udakamehin,,
udakavat,,
udakasādhu,,
udakātman,,
udakābhyavāyin,,
udakārthin,,
udakodarin,,
udakopasparśin,,
udakśiras,,
udagradat,,
udañjali,,
udañji,,
udadhinemi,,
udadhi,,
udanimat,,
udanemi,,
udanyu,,
udanvat,,
udamehin,,
udayavat,,
udayin,,
udaraṃbhari,,
udarabharaṇamātrakevalecchu,,
udaravat,,
udarasarpin,,
udarāmayin,,
udarin,,
udavāsin,,
udaśru,,
udaśvidvat,,
udāttavat,,
udārakīrti,,
udāracetas,,
udārathi,,
udāramati,,
udāvartin,,
udāsitṛ,,
udāsin,,
udāharin,,
uditahomin,,
uditānuvādin,,
udīrṇadīdhiti,,
udūrmi,,
udeyivas,,
udeṣyat,,
udojas,,
udgatāsu,,
udgandhi,,
udgārin,,
udgūrayitṛ,,
udgranthi,,
udgrīvin,,
udghāṭin,,
udghātin,,
uddāsin,,
uddidhīrṣu,,
uddeśin,,
uddeṣṭṛ,,
uddyotakārin,,
uddyotin,,
uddhatamanas,,
uddhartṛ,,
uddharṣin,,
uddhṛtāri,,
udbāhu,,
udbhāvayitṛ,,
udbhāvin,,
udbhāsavat,,
udbhāsin,,
udbhūtasparśavat,,
udyat,,
udyantṛ,,
udyamin,,
udyamīyas,,
udyogin,,
udraśmi,,
udriktacetas,,
udrin,,
udrekin,,
udvat,,
udvayas,,
udvartin,,
udvahni,,
udvāmin,,
udvāsavat,,
udvāsas,,
udvāsin,,
udvāsīkārin,,
udvāhin,,
udvikāsin,,
udvignacetas,,
udvignamanas,,
udvegakārin,,
udvegavāhin,,
udvegin,,
udvejayitṛ,,
udvejin,,
udvedi,,
udvepin,,
unnatanābhi,,
unnataśiras,,
unnatimat,,
unnayanapaṅkti,,
unnītin,,
unnetṛ,,
unmattaliṅgin,,
unmadiṣṇu,,
unmanas,,
unmāthin,,
unmādayitṛ,,
unmādavat,,
unmādin,,
unmārgagāmin,,
unmārgajalavāhin,,
unmārgavartin,,
unmārgavṛtti,,
unmārgin,,
unmeṣin,,
upakaraṇavat,,
upakalpin,,
upakārin,,
upakṛtin,,
upakṛtimat,,
upakrantṛ,,
upakroṣṭṛ,,
upakṣapayitṛ,,
upakṣetṛ,,
upagatavat,,
upagandhin,,
upagāmin,,
upagūḍhavat,,
upaghātin,,
upacāyin,,
upacāravat,,
upacārin,,
upacikīrṣu,,
upajalpin,,
upajigamiṣu,,
upajijñāsu,,
upajīvitṛ,,
upajīvin,,
upataptṛ,,
upatāpin,,
upatiṣṭhāsu,,
upadaṃśin,,
upadadhi,,
upadātṛ,,
upadidikṣu,,
upadīkṣin,,
upadeśanavat,,
upadeśin,,
upadehavat,,
upadravin,,
upadraṣṭṛmat,,
upadhāyin,,
upadhālopin,,
upadhāśuci,,
upanāyin,,
upanidhātṛ,,
upaninīṣu,,
upanipātin,,
upaniveśin,,
upaniṣādin,,
upapattimat,,
upapātakin,,
upapātin,,
upapādin,,
upaplavin,,
upabahu,,
upabdimat,,
upabhoktṛ,,
upabhogin,,
upabhojin,,
upamantrin,,
upamanthitṛ,,
upamanyu,,
upamardin,,
upamaśravas,,
upamātivani,,
upamātṛ,,
upamānavat,,
upayat,,
upayāmavat,,
upayāmin,,
upayāyin,,
upayuyukṣu,,
upayoktṛ,,
upayogin,,
uparatāri,,
uparāgavat,,
uparidaṃṣṭrin,,
uparibuddhi,,
upariśāyin,,
upariṣṭātsvāhākṛti,,
upariṣṭāllakṣman,,
uparisthāyin,,
uparodhakārin,,
uparodhin,,
upalabdhimat,,
upalabdhṛ,,
upalipsu,,
upalepin,,
upavatsyat,,
upavat,,
upavādin,,
upavāsavratin,,
upavāsin,,
upavāhin,,
upavītin,,
upavṛṃhin,,
upaveśin,,
upaveṣṭitin,,
upaśamavat,,
upaśāntātman,,
upaśāntin,,
upaśāyin,,
upaśobhin,,
upasaṃhārin,,
upasadvan,,
upasadvratin,,
upasargin,,
upasarpin,,
upasṛtavat,,
upasevin,,
upasti,,
upasthātṛ,,
upasthāyin,,
upasthāvan,,
upasparśin,,
upahatātman,,
upahatnu,,
upahantṛ,,
upahartṛ,,
upahasvan,,
upahārin,,
upahārīcikīrṣu,,
upahāsin,,
upākacakṣas,,
upākṛtin,,
upācikīrṣu,,
upāttaraṃhas,,
upānahin,,
upāntasarpin,,
upāyavat,,
upāyin,,
upāyu,,
upālipsu,,
upāvartitṛ,,
upāvasāyin,,
upāvasu,,
upāsāditin,,
upāsitṛ,,
upetṛ,,
upeyivas,,
uptakeśaśmaśru,,
ubhayacārin,,
ubhayataḥsaṃśvāyin,,
ubhayatodat,,
ubhayatonābhi,,
ubhayadat,,
ubhayapadin,,
ubhayavat,,
ubhayavartanin,,
ubhayavāsin,,
ubhayaśiras,,
ubhayasāman,,
ubhayādat,,
ubhayāyin,,
ubhayāvin,,
umāpatisevin,,
uraḥśūlin,,
urasiloman,,
urasvat,,
urāmathi,,
urukīrti,,
urugavyūti,,
urugāyavat,,
urucakri,,
urucakṣas,,
urujman,,
urujrayas,,
urujri,,
urudrapsu,,
uruprathas,,
uruvyacas,,
uruśarman,,
uruṣyu,,
urvarīvat,,
urvyūti,,
ulūkhalin,,
ulūli,,
ulūlu,,
ulkādhārin,,
ulkuṣīmat,,
ulbaṇiṣṇu,,
ullaṅghitādhvan,,
ullambin,,
ullasat,,
ullāpin,,
ullāsin,,
ullekhin,,
uśat,,
uṣṭrakrośin,,
uṣṭravāhin,,
uṣṇasparśavat,,
uṣṇābhiprāyin,,
uṣṇālu,,
uṣṇi,,
uṣṇīṣin,,
uṣmavat,,
usrayāman,,
ūḍhavayas,,
ūrugrahin,,
ūrjayat,,
ūrjasani,,
ūrjasvat,,
ūrjasvin,,
ūrjāvat,,
ūrjāhuti,,
ūrjin,,
ūrṇamradas,,
ūrṇāmṛdu,,
ūrṇāmradas,,
ūrṇāyu,,
ūrṇāvat,,
ūrdhvaṃjānu,,
ūrdhvakarman,,
ūrdhvagati,,
ūrdhvagamanavat,,
ūrdhvagāmin,,
ūrdhvagrāvan,,
ūrdhvajatru,,
ūrdhvajānu,,
ūrdhvajñu,,
ūrdhvatilakin,,
ūrdhvadṛṣṭi,,
ūrdhvanabhas,,
ūrdhvapṛśni,,
ūrdhvapravarṣin,,
ūrdhvabāhu,,
ūrdhvabhāsin,,
ūrdhvamanthin,,
ūrdhvamāyu,,
ūrdhvaraktin,,
ūrdhvaretas,,
ūrdhvaroman,,
ūrdhvaliṅgin,,
ūrdhvasānu,,
ūrdhvāṅguli,,
ūrdhvocchvāsin,,
ūrmin,,
ūrmimat,,
ūrmimālin,,
ūṣavat,,
ūṣmaprakṛti,,
ūṣmavat,,
ūhavat,,
ṛkthabhāgin,,
ṛkthin,,
ṛkvat,,
ṛkvan,,
ṛgmat,,
ṛgmin,,
ṛgyajuḥsāmavedin,,
ṛgvedin,,
ṛghāvat,,
ṛghāvan,,
ṛjīti,,
ṛjīpin,,
ṛjīṣin,,
ṛjukratu,,
ṛjubuddhi,,
ṛjumati,,
ṛjuraśmi,,
ṛjuvani,,
ṛjūyu,,
ṛṇakartṛ,,
ṛṇagrāhin,,
ṛṇadātṛ,,
ṛṇadāyin,,
ṛṇayāvan,,
ṛṇavat,,
ṛṇavan,,
ṛṇāvan,,
ṛṇin,,
ṛtadhāman,,
ṛtadhīti,,
ṛtani,,
ṛtapeśas,,
ṛtapsu,,
ṛtayukti,,
ṛtayu,,
ṛtavat,,
ṛtavādin,,
ṛtavyavat,,
ṛtāyin,,
ṛtāyu,,
ṛtāvasu,,
ṛtugāmin,,
ṛtumat,,
ṛtumukhin,,
ṛtuyājin,,
ṛterakṣas,,
ṛtviyavat,,
ṛtviyāvat,,
ṛddhimat,,
ṛbhumat,,
ṛbhu,,
ṛbhvan,,
ṛbhvas,,
ṛṣabhadāyin,,
ṛṣabhavat,,
ṛṣibandhu,,
ṛṣimanas,,
ṛṣīvat,,
ṛṣṭimat,,
ṛṣvaujas,,
ṛhat,,
ekakarman,,
ekakālin,,
ekacārin,,
ekaciti,,
ekacetas,,
ekajāti,,
ekatīrthin,,
ekatodat,,
ekadṛṣṭi,,
ekadeśavivartin,,
ekadeśin,,
ekadhanin,,
ekadharmin,,
ekadhātu,,
ekanemi,,
ekapākopajīvin,,
ekapātin,,
ekabuddhi,,
ekabhāvin,,
ekabhūyas,,
ekabhojin,,
ekamati,,
ekamanas,,
ekayoni,,
ekarikthin,,
ekavartanin,,
ekavāsas,,
ekaviṃśaticchadi,,
ekaviṃśavat,,
ekavibhakti,,
ekaviṣayin,,
ekavyavasāyin,,
ekaśarīrin,,
ekaśāyin,,
ekaśruti,,
ekaśruṣṭi,,
ekākin,,
ekāgni,,
ekāgradṛṣṭi,,
ekāgramati,,
ekāgramanas,,
ekātman,,
ekādaśacchadi,,
ekādaśāratni,,
ekādaśin,,
ekāntagrāhin,,
ekāntamati,,
ekāntaritin,,
ekāntarin,,
ekāntavihārin,,
ekāntin,,
ekānnabhojin,,
ekānnādin,,
ekāyu,,
ekāratni,,
ekāśin,,
ekāhadhanin,,
ekin,,
ekībhāvin,,
ekaikavat,,
ekaikavṛtti,,
ekoti,,
ejat,,
ejitṛ,,
etatprabhṛti,,
etadādi,,
etadyoni,,
etāvat,,
etivat,,
etṛ,,
edhatu,,
edhavat,,
edhitṛ,,
enasvat,,
enasvin,,
eru,,
evaṃkarman,,
evaṃkratu,,
evaṃjāti,,
evaṃtarkin,,
evaṃnāman,,
evaṃvṛtti,,
evamākṛti,,
evamādi,,
evambhūtavat,,
eṣaṇin,,
eṣitṛ,,
eṣin,,
eṣṭṛ,,
eṣyat,,
ehivat,,
aiśvaryavat,,
okaḥsārin,,
okivas,,
oghavat,,
ojasvat,,
ojasvin,,
ojīyas,,
odanavat,,
opaśin,,
omanvat,,
omyāvat,,
oṣadāvan,,
oṣadhīmat,,
oṣiṣṭhadāvan,,
oṣṭhyayoni,,
autkaṇṭhyavat,,
autsukyavat,,
kaṃyu,,
kaṃyyu,,
kaṃvat,,
kakudarūpin,,
kakudavat,,
kakudmat,,
kakudman,,
kakudmin,,
kakudvat,,
kakunmat,,
kakubhvat,,
kakṣin,,
kakṣyāvat,,
kaṅkaṭin,,
kaṅkaṇin,,
kaṅkapattrin,,
kacarūpin,,
kacāku,,
kañcukin,,
kañcukoṣṇīṣin,,
kaṭakavalayin,,
kaṭin,,
kaṭukabhakṣin,,
kaṭupākin,,
kaṇīyas,,
kaṇṭakavat,,
kaṇṭakin,,
kaṇṭin,,
kaṇṭhavartin,,
kaṇṭhin,,
kaṇḍūmat,,
kaṇḍūyitṛ,,
kaṇvamat,,
kaṇvahotṛ,,
kattri,,
kathaṃkarman,,
kadru,,
kadvat,,
kanīyasvin,,
kanīyas,,
kanti,,
kantu,,
kandaravat,,
kandalin,,
kanyārthin,,
kanyāvat,,
kapaṭaveśin,,
kapaṭin,,
kapardin,,
kapāṭatoraṇavat,,
kapāṭavakṣas,,
kapālakhaḍgin,,
kapālapāśin,,
kapālamālin,,
kapālavajrin,,
kapālavat,,
kapālaśūlakhaṭvāṅgin,,
kapālin,,
kapi,,
kapotin,,
kaphavirodhin,,
kaphin,,
kabandhin,,
kamalotpalamālin,,
kamitṛ,,
kampin,,
kambalin,,
karakṛtātman,,
karagrāhin,,
karaṇavat,,
karaṇin,,
karambhin,,
karavat,,
karālin,,
karin,,
kariṣṇu,,
kariṣyat,,
kari,,
karīyas,,
karīṣin,,
karuṇaveditṛ,,
karuṇavedin,,
karuṇātman,,
karuṇāvat,,
karuṇāvṛtti,,
karuṇin,,
karūłatin,,
karṇakavat,,
karṇakāvat,,
karṇagrāhavat,,
karṇadārin,,
karṇayoni,,
karṇavat,,
karṇaśūlin,,
karṇaśrāvin,,
karṇin,,
kartu,,
kartṛgāmin,,
kartṛmat,,
kartṛ,,
karttṛ,,
karpaṭin,,
karpaṭi,,
karpūrin,,
karbu,,
karmakārin,,
karmacārin,,
karmaṇi,,
karmaphalahetu,,
karmavat,,
karmavirodhin,,
karmasaṅgin,,
karmahetu,,
karmātman,,
karmānubandhin,,
karmānuṣṭhāyin,,
karmābhidhāyin,,
karmin,,
karṣin,,
karṣi,,
karṣūvīriṇavat,,
kalakalavat,,
kalaṅkin,,
kalatravat,,
kalatrin,,
kalabhāṣin,,
kalavacas,,
kalahakārin,,
kalahavat,,
kalahin,,
kalākeli,,
kalāpin,,
kaluṣacetas,,
kaluṣamati,,
kaluṣātman,,
kaluṣin,,
kalkin,,
kalpāntavāsin,,
kalpāntasthāyin,,
kalpin,,
kalpotthāyin,,
kalmalīkin,,
kalmaṣadhvaṃsakārin,,
kalyāṇakīrti,,
kalyāṇadharman,,
kalyāṇavat,,
kalyāṇābhiniveśin,,
kalyāṇin,,
kalyotthāyin,,
kavacin,,
kavatnu,,
kavat,,
kavāri,,
kavikratu,,
kavitāvedin,,
kavi,,
kavīyat,,
kavīyas,,
kavyat,,
kaśāvat,,
kaśmalacetas,,
kaṣāyin,,
kaṣi,,
kākatālukin,,
kākaśekikin,,
kāṅkṣat,,
kāṅkṣin,,
kācakāmalin,,
kāñcanakānti,,
kāñcanaruci,,
kāñcanaśṛṅgin,,
kāñcanāṅgadin,,
kāñcukin,,
kāṇḍavat,,
kāṇḍin,,
kāti,,
kāntimat,,
kāpotavṛtti,,
kāmaṃgāmin,,
kāmakāti,,
kāmakāmin,,
kāmakeli,,
kāmagati,,
kāmagāmin,,
kāmacārin,,
kāmadughākṣiti,,
kāmayitṛ,,
kāmarūpin,,
kāmalin,,
kāmavat,,
kāmavarṣin,,
kāmavādin,,
kāmavāsin,,
kāmavihantṛ,,
kāmavihārin,,
kāmaveśin,,
kāmavyāhārin,,
kāmasani,,
kāmāgāyin,,
kāmātman,,
kāmānnin,,
kāmārthin,,
kāmāvasāyitṛ,,
kāmāvasāyin,,
kāmin,,
kāmepsu,,
kāmpīlavāsin,,
kāyavat,,
kārakavat,,
kāraṇadhvaṃsin,,
kāraṇavat,,
kārayitṛ,,
kārayiṣṇu,,
kāritavat,,
kārin,,
kāri,,
kāruṇyavedin,,
kārudveṣin,,
kārudhāyas,,
kāru,,
kārṇāyani,,
kārṇi,,
kārmukin,,
kāryakārin,,
kāryavat,,
kāryātipātin,,
kāryāpekṣin,,
kāryārthin,,
kāryin,,
kārṣin,,
kārṣi,,
kālaghātin,,
kālacoditakarman,,
kālajñānin,,
kālanemin,,
kālaprabodhin,,
kālavat,,
kālavarṣin,,
kālavidvas,,
kālavyāpin,,
kālasaṃkarṣin,,
kālākāṅkṣin,,
kāśin,,
kāśiṣṇu,,
kāṣāyavāsas,,
kāṣṭhapattropajīvin,,
kāṣṭhavat,,
kāṣṭhin,,
kāsavat,,
kāsin,,
kiṃkarapāṇi,,
kiṃkarman,,
kiṃchandas,,
kiṃnāman,,
kiṃyu,,
kiṃvat,,
kiṅkiṇīkin,,
kiṅkiṇījālamālin,,
kiñjalkin,,
kiṇavat,,
kiyat,,
kirat,,
kirīṭadhārin,,
kirīṭin,,
kilāsin,,
kilbiṣin,,
kiśarāvat,,
kiṣku,,
kīdṛgvyāpāravat,,
kīrin,,
kīrtayat,,
kīrtināśin,,
kīrtimat,,
kīrvi,,
kīlālapeśas,,
kīvat,,
kukarmakārin,,
kukarman,,
kukṣimbhari,,
kugaṇin,,
kucailin,,
kujanman,,
kuñcitāṅguli,,
kuñjararūpin,,
kuṭitṛ,,
kuṭilagati,,
kuṭilagāmin,,
kuṭilapakṣman,,
kuṭilamati,,
kuṭilamanas,,
kuṭṭin,,
kuṭhi,,
kuḍmalāgradat,,
kuṇapagandhi,,
kuṇāru,,
kuṇi,,
kuṇṭhamanas,,
kuṇṭhitāśri,,
kuṇḍapāyin,,
kuṇḍabhedin,,
kuṇḍalin,,
kuṇḍāśin,,
kuṇḍin,,
kutukin,,
kutūhalavat,,
kutūhalin,,
kudṛṣṭin,,
kudṛṣṭi,,
kudhṛti,,
kunakhin,,
kupaṭu,,
kupathagāmin,,
kupāṇi,,
kupāyu,,
kubuddhi,,
kubjimat,,
kubhanyu,,
kumati,,
kumanas,,
kumanīṣin,,
kumārapaṭu,,
kumārabrahmacārin,,
kumārin,,
kumudotpalin,,
kumudvat,,
kumudvin,,
kumedhas,,
kumbhin,,
kumbhīkin,,
kurīrin,,
kurukṣetrin,,
kurūṭin,,
kurūpin,,
kurvat,,
kulakalaṅkakārin,,
kulapālin,,
kulavat,,
kulavyāpin,,
kulaśīlavat,,
kulaśreṣṭhin,,
kulābhimānin,,
kulāyanilāyin,,
kulāyayat,,
kulāyin,,
kulālambin,,
kulin,,
kuśacīrin,,
kuśamuṣṭi,,
kuśalabuddhi,,
kuśalavat,,
kuśalin,,
kuśavat,,
kuśāgrabuddhi,,
kuśāgrīyamati,,
kuśin,,
kuṣāku,,
kuṣṭhin,,
kusumadāyin,,
kusumavat,,
kusumbhavat,,
kusṛti,,
kuhayākṛti,,
kuharin,,
kūcidarthin,,
kūjin,,
kūṭayodhin,,
kūṇi,,
kūmanas,,
kūrcakin,,
kūrcin,,
kūlavat,,
kūlin,,
kṛcchrabhojin,,
kṛcchravartin,,
kṛcchrin,,
kṛtakarman,,
kṛtakārin,,
kṛtajanman,,
kṛtadvasu,,
kṛtaniścayin,,
kṛtapūrvin,,
kṛtabāhu,,
kṛtabuddhi,,
kṛtabrahman,,
kṛtamati,,
kṛtamanyu,,
kṛtavat,,
kṛtavasati,,
kṛtavṛddhi,,
kṛtavedin,,
kṛtavepathu,,
kṛtaśakti,,
kṛtasthiti,,
kṛtākṛtaprasaṅgin,,
kṛtāgas,,
kṛtāñjali,,
kṛtātman,,
kṛtānati,,
kṛtānukṛtakārin,,
kṛtāvadhi,,
kṛtāvin,,
kṛtāvṛtti,,
kṛtin,,
kṛttikāñji,,
kṛtnu,,
kṛtyavat,,
kṛtyādūṣi,,
kṛtrimārti,,
kṛdhu,,
kṛpaṇakāśin,,
kṛpaṇabuddhi,,
kṛpaṇin,,
kṛpaṇyu,,
kṛpāṇapāṇi,,
kṛpātman,,
kṛpāyitavat,,
kṛpālu,,
kṛpāvat,,
kṛmin,,
kṛmimat,,
kṛmihantṛ,,
kṛśagu,,
kṛśanāvat,,
kṛśanin,,
kṛśapaśu,,
kṛśabuddhi,,
kṛśavṛtti,,
kṛśātithi,,
kṛṣāyu,,
kṛṣṭarādhi,,
kṛṣṭyojas,,
kṛṣṇakarman,,
kṛṣṇajaṃhas,,
kṛṣṇapavi,,
kṛṣṇapāṃsu,,
kṛṣṇayoni,,
kṛṣṇavartani,,
kṛṣṇavāsas,,
kṛṣṇākṣi,,
kṛṣṇāṅghri,,
kṛṣṇājinin,,
kṛṣṇāñji,,
kṛṣṇādhvan,,
kḷptakeśanakhaśmaśru,,
ketavedas,,
ketumat,,
kepi,,
keyūrin,,
kevalakarmin,,
kevalavyatirekin,,
kevalātman,,
kevalādin,,
kevalānvayin,,
kevalin,,
keśakārin,,
keśarin,,
keśavat,,
keśin,,
kesaravat,,
kesarin,,
kaiśoravayas,,
kokanadacchavi,,
kokilābhivyāhārin,,
koṭaravat,,
koṭimat,,
koṭivedhin,,
koṇi,,
kodaṇḍin,,
kopajanman,,
kopayiṣṇu,,
kopavat,,
kopin,,
kolāhalin,,
kośapīthin,,
kośavat,,
kautukavat,,
kautukin,,
kauntāyani,,
kaupīnavat,,
kaumāracārin,,
kaumārabrahmacārin,,
kaumāravratacārin,,
kaumbhāyani,,
kauliśāyani,,
knūyitṛ,,
kratuprāvan,,
kratumat,,
kratuvikrayin,,
kradhīyas,,
krandadiṣṭi,,
kranditṛ,,
kramabhāvin,,
kramādhyāyin,,
kramānuyāyin,,
kramitṛ,,
krayavikrayin,,
kraviṣṇu,,
kravyabhakṣin,,
kravyāśin,,
kraśīyas,,
krāmat,,
kriyāpaṭu,,
kriyāvat,,
kriyāvācin,,
kriyāśaktimat,,
krīḍat,,
krīḍāvat,,
krīḍin,,
krīḍi,,
krīḍumat,,
krīḍu,,
krīłi,,
krīłu,,
kruñcāmat,,
krudhmi,,
krudhyat,,
krūrakarman,,
krūrabuddhi,,
krūrācāravihāravat,,
krodhālu,,
krodhin,,
krośat,,
kroṣṭṛ,,
klamin,,
klāntamanas,,
klindat,,
kliśitavat,,
kliṣṭavṛtti,,
kledavat,,
kledin,,
kleśakārin,,
kleśabhāgin,,
kleśin,,
kvajanman,,
kvaṇitaveṇu,,
kṣaṇabhaṅgavādin,,
kṣaṇabhaṅgin,,
kṣaṇamātrānurāgin,,
kṣaṇavidhvaṃsin,,
kṣaṇin,,
kṣatajaṣṭhīvin,,
kṣatatejas,,
kṣatavṛtti,,
kṣatāri,,
kṣatin,,
kṣatimat,,
kṣataujas,,
kṣatradharman,,
kṣatrabandhu,,
kṣatrayoni,,
kṣatravat,,
kṣatravani,,
kṣatriyadharman,,
kṣatriyayuvan,,
kṣantṛ,,
kṣapayiṣṇu,,
kṣapāvṛtti,,
kṣamavat,,
kṣamāliṅgātmapīḍāvat,,
kṣamāvat,,
kṣamitṛ,,
kṣamin,,
kṣayakartṛ,,
kṣayakāsin,,
kṣayarogin,,
kṣayin,,
kṣayiṣṇu,,
kṣāntimat,,
kṣāntivarṇavādin,,
kṣāntivādin,,
kṣāntu,,
kṣāmavat,,
kṣāmin,,
kṣāmimat,,
kṣāramehin,,
kṣitikṣamāvat,,
kṣitidhārin,,
kṣitivṛttimat,,
kṣipakin,,
kṣipaṇyu,,
kṣiptayoni,,
kṣipnu,,
kṣipyat,,
kṣiprakārin,,
kṣipragati,,
kṣipradhanvan,,
kṣiprasaṃdhi,,
kṣipreṣu,,
kṣīṇagati,,
kṣīṇavat,,
kṣīṇavāsin,,
kṣīṇavṛtti,,
kṣīṇaśakti,,
kṣīṇājyakarman,,
kṣīṇādhi,,
kṣīrapāyin,,
kṣīrayājin,,
kṣīravat,,
kṣīrahotṛ,,
kṣīrahomin,,
kṣīrin,,
kṣīvan,,
kṣuṇṇamanas,,
kṣutavat,,
kṣudrakarman,,
kṣudrapaśumat,,
kṣudrātman,,
kṣudvat,,
kṣudhāru,,
kṣudhālu,,
kṣudhāvat,,
kṣunmat,,
kṣumat,,
kṣurapavi,,
kṣuvat,,
kṣetivat,,
kṣetrin,,
kṣepīyas,,
kṣeptṛ,,
kṣemakarman,,
kṣemayat,,
kṣemavat,,
kṣemin,,
kṣeṣṇu,,
kṣaitavat,,
kṣodīyas,,
kṣobhayitṛ,,
kṣaudramehin,,
kṣmāyitṛ,,
khacārin,,
khaṭvāṅgaśūlin,,
khaṭvāṅgin,,
khaḍavat,,
khaḍgapāṇi,,
khaḍgavat,,
khaḍgin,,
khaṇḍin,,
khani,,
khamūrtimat,,
kharajru,,
kharanādin,,
kharu,,
kharvavāsin,,
khalati,,
khalamālin,,
khalin,,
khaśarīrin,,
khāḍiki,,
khāṇḍiti,,
khātman,,
khādagdat,,
khāditavat,,
khādin,,
khādoarṇas,,
khikkhimin,,
khidvas,,
khuraṇas,,
khedin,,
khelagati,,
khelagāmin,,
kholaśiras,,
khyātimat,,
khyāpin,,
gaganacārin,,
gaganavihārin,,
gaṅgāvāsin,,
gacchat,,
gajayodhin,,
gajavat,,
gajin,,
gaḍuśiras,,
gaṇadīkṣin,,
gaṇavat,,
gaṇitin,,
gaṇin,,
gaṇḍamālin,,
gatakīrti,,
gatacetas,,
gatamanas,,
gatavat,,
gatavayas,,
gatādhi,,
gatādhvan,,
gatāsu,,
gatimat,,
gataujas,,
gat,,
gadayitnu,,
gadāgrapāṇi,,
gadin,,
gadgadabhāṣin,,
gantṛ,,
gandhagrāhin,,
gandhapāṣāṇavat,,
gandhavat,,
gandhasragdāmavat,,
gandhālu,,
gandhin,,
gandhi,,
gabhastimat,,
gabhasti,,
gabhīravepas,,
gamanavat,,
gamayitṛ,,
gamin,,
gamiṣṇu,,
gambhīragati,,
gambhīracetas,,
gambhīravedin,,
gambhīravepas,,
gambhīrasattvasvaranābhi,,
garaṇavat,,
garalin,,
garīyas,,
garutmat,,
gartanvat,,
gartin,,
gardabhanādin,,
gardhin,,
garbhakārin,,
garbhasrāvin,,
garbhādi,,
garbhin,,
garhin,,
garhyavādin,,
galagaṇḍin,,
gavākṛti,,
gaviṣṭi,,
gaveṣin,,
gavyat,,
gavyayu,,
gavyu,,
gahanavat,,
gāḍivi,,
gāḍhamuṣṭi,,
gāḍhavarcas,,
gātumat,,
gātu,,
gātrayaṣṭi,,
gātravat,,
gāthaśravas,,
gāthin,,
gāmin,,
gāyatracchandas,,
gāyatravartani,,
gāyatravepas,,
gāyat,,
gārdhravāsas,,
gālin,,
gālimat,,
gāhitṛ,,
giricārin,,
giri,,
girvaṇasyu,,
girvaṇas,,
girvan,,
girvāhas,,
gilat,,
gītin,,
gīrvat,,
gīrvi,,
guñjin,,
guḍaliṇmat,,
guṇagaṇavat,,
guṇagandhavat,,
guṇaguru,,
guṇagṛdhnu,,
guṇagrahītṛ,,
guṇagrāhin,,
guṇaghātin,,
guṇatyāgin,,
guṇabhoktṛ,,
guṇavat,,
guṇavartin,,
guṇavādin,,
guṇavedin,,
guṇaśataśālin,,
guṇātman,,
guṇābhilāṣin,,
guṇin,,
gudayoni,,
gurutalpagāmin,,
gurutalpin,,
gurumat,,
guruvartin,,
guruvṛtti,,
guruśuśrūṣin,,
guruśuśrūṣu,,
gulmavat,,
gulmin,,
guhāgahanavat,,
gūḍhacārin,,
gūḍhavarcas,,
gūrtamanas,,
gūrtavacas,,
gūrtaśravas,,
gūrtāvasu,,
gṛddhin,,
gṛdhu,,
gṛdhnin,,
gṛdhnu,,
gṛdhradṛṣṭi,,
gṛbhayat,,
gṛbhi,,
gṛhakṣetrin,,
gṛhacetas,,
gṛhabhedin,,
gṛhamedhin,,
gṛhavāsin,,
gṛhābhipālin,,
gṛhārūḍhacetas,,
gṛhin,,
gṛhītakhaḍgacarman,,
gṛhītacetas,,
gṛhītadhanvan,,
gṛhītanāman,,
gṛhītapāṇi,,
gṛhītin,,
gṛhītṛ,,
gṛhejñānin,,
gṛhevāsin,,
gṛhṇat,,
gṛhyavat,,
gehekṣveḍin,,
gehedāhin,,
gehenardin,,
gehemehin,,
gehevijitin,,
gaïṣṭi,,
goarṇas,,
gocārin,,
gotrakārin,,
gotravat,,
gotrin,,
godari,,
godhāyas,,
gonyoghas,,
gopat,,
goparīṇas,,
gopāvat,,
goptṛmat,,
gobandhu,,
gomat,,
gomātṛ,,
gomāyu,,
govālin,,
govindu,,
govratin,,
gośatin,,
goṣaṇi,,
goṣṭhekṣveḍin,,
goṣṭhepaṭu,,
goṣṭhevijitin,,
gosakhi,,
gosani,,
gauravavat,,
gnāvat,,
grathin,,
granthin,,
granthimat,,
granthivīsarpin,,
grabhaṇavat,,
grabhītṛ,,
grasiṣṇu,,
gras,,
grahaṇavat,,
grahaṇīrogin,,
grahiṣṇu,,
grahītṛ,,
grāmagamin,,
grāmagāmin,,
grāmaghātin,,
grāmaghoṣin,,
grāmanivāsin,,
grāmayājin,,
grāmavat,,
grāmavāsin,,
grāmin,,
grāmevāsin,,
grāmyadharmin,,
grāmyabuddhi,,
grāvan,,
grāhavat,,
grāhin,,
grāhyavat,,
glātu,,
glātṛ,,
glānamanas,,
glāvin,,
glāsnu,,
ghaṭajānu,,
ghaṭṭitṛ,,
ghaṇṭāvat,,
ghaṇṭāśabdapāṇi,,
ghaṇṭin,,
ghanadhvani,,
ghanabhitti,,
gharmapāvan,,
gharmavat,,
gharmasvaras,,
gharmin,,
gharṣin,,
ghātin,,
ghuṇi,,
ghṛṇālu,,
ghṛṇāvat,,
ghṛṇin,,
ghṛṇi,,
ghṛṇīvat,,
ghṛtakṣaudravat,,
ghṛtapāvan,,
ghṛtaprayas,,
ghṛtayoni,,
ghṛtavat,,
ghṛtavartani,,
ghṛtasnu,,
ghṛtāsuti,,
ghṛtin,,
ghṛṣu,,
ghṛṣvirādhas,,
ghṛṣvi,,
ghoracakṣas,,
ghorarūpin,,
ghoravarpas,,
ghorākṛti,,
ghoṣavat,,
ghoṣavadādi,,
ghoṣin,,
ghoṣi,,
ghoṣṭṛ,,
ghnat,,
ghrātṛ,,
cakitagati,,
cakracārin,,
cakramaulin,,
cakravat,,
cakravadgati,,
cakravartin,,
cakravākin,,
cakrākṛti,,
cakrin,,
cakri,,
cakrīvat,,
cakru,,
cakṣuṣmat,,
cakhvas,,
caṅkramāvat,,
cañcu,,
caṇḍagrāhavat,,
caṇḍavat,,
caṇḍavṛtti,,
catat,,
catin,,
catuḥśruti,,
catuḥsaṃdhi,,
catuḥsaptātman,,
catuḥsrakti,,
caturaṃśavat,,
caturagnivat,,
caturaṅgin,,
caturavattin,,
caturaśri,,
caturasraśobhin,,
caturātman,,
caturāśramin,,
caturgati,,
caturgṛhītin,,
caturthāṃśin,,
caturthiprabhṛti,,
caturdhātu,,
caturnetṛ,,
caturbāhu,,
caturbhūyas,,
caturbhṛṣṭi,,
caturmūrti,,
caturvarṇādi,,
caturvedin,,
caturvyāpin,,
caturhanu,,
catuścatvāriṃśin,,
catuṣkārin,,
catuṣkin,,
catuṣkiṣku,,
catu,,
canasitavat,,
candanin,,
candramauli,,
candravat,,
candrākṛti,,
candrin,,
capeṭāpātanātithi,,
camatkārin,,
camasin,,
caraṇavat,,
caraṇi,,
caraṇyu,,
caramavayas,,
caritārthin,,
caritravat,,
cariṣṇu,,
carucelin,,
carmaṇvat,,
carmavat,,
carmāsimat,,
carmin,,
carṣaṇi,,
caladgu,,
calaprakṛti,,
calācaleṣu,,
calātman,,
calormi,,
caṣālavat,,
cākhāyitṛ,,
cācali,,
cāṭu,,
cāturmāsin,,
cāturmāsyayājin,,
cātvālavat,,
cāpin,,
cāyitṛ,,
cāyu,,
cāracuñcu,,
cāritrin,,
cārin,,
cārumat,,
cāruvādin,,
cārusaṃkāśin,,
cāruhāsin,,
cikariṣu,,
cikartiṣu,,
cikāriṣu,,
cikiti,,
cikitu,,
cikitvan,,
cikitvinmanas,,
cikitsu,,
cikīrṣu,,
cikrīḍiṣu,,
cikhādiṣu,,
cicariṣu,,
cicaliṣu,,
cicchitsu,,
citimat,,
cittacārin,,
cittapramāthin,,
cittarakṣin,,
cittavat,,
cittavikārin,,
cittahārin,,
cittākarṣin,,
cittānuvartin,,
cittānuvṛtti,,
cittāpahārin,,
cittin,,
citrakarman,,
citragrāvan,,
citradhrajati,,
citrabarhin,,
citrabhānu,,
citramahas,,
citrayodhin,,
citrarāti,,
citrarādhas,,
citravat,,
citravarṣin,,
citrāvasu,,
citrāstaraṇavat,,
citrin,,
citroti,,
cintākārin,,
cintāvat,,
cintin,,
cipiṭikāvat,,
cirakārin,,
cirakāri,,
cirajīvin,,
cirapravāsin,,
cirabhāvin,,
cirasuptabuddhi,,
cirasthāyin,,
cihnakārin,,
cītkāravat,,
cīravāsas,,
cīrin,,
cīvaravat,,
cukopayiṣu,,
cuknat,,
cukṣobhayiṣu,,
cuñcu,,
cumbin,,
cūḍāvat,,
cūḍāvalambin,,
cūḍin,,
cūrṇin,,
cūrṇīcikīrṣu,,
cūlin,,
cetanāvat,,
cetayitṛ,,
cetomat,,
cetovikārin,,
cettṛ,,
ceru,,
celakaṇṭhin,,
ceṣṭayitṛ,,
ceṣṭāpṛthaktvanivartin,,
ceṣṭāvat,,
codayanmati,,
coditṛ,,
caurarūpin,,
cauryavṛtti,,
cyavanadharman,,
cyavanadharmin,,
cyutasaṃskṛti,,
chattradhārin,,
chattravat,,
chattrākāraśiras,,
chattrin,,
chadin,,
chadiṣmat,,
chadi,,
chadmaghātin,,
chadmarūpin,,
chadmaveṣin,,
chadmin,,
chandacārin,,
chandamṛtyu,,
chandasvat,,
chandānugāmin,,
chandānuvartin,,
chandu,,
chandonāman,,
chandobhaṅgavat,,
chandomavat,,
chalakārin,,
chāttragomin,,
chādin,,
chāyāvat,,
chidradarśin,,
chidrātman,,
chidrānusaṃdhānin,,
chidrānusārin,,
chidrin,,
chidrodarin,,
chinnadhanvan,,
chinnavat,,
chettṛ,,
chedin,,
chedi,,
jagacchandas,,
jagatsāman,,
jagat,,
jagadghātin,,
jagaddhitātman,,
jaguri,,
jagdhapāpman,,
jagmi,,
jaghanin,,
jaghanyakārin,,
jaghanyaśāyin,,
jaghanyasaṃveśin,,
jaghnivat,,
jaghni,,
jaghnu,,
jaghri,,
jajñi,,
jañjaṇābhavat,,
jaṭājinin,,
jaṭādhārin,,
jaṭāvat,,
jaṭāvalkalin,,
jaṭin,,
jaṭharasthāyin,,
jaṭharin,,
jaḍaprakṛti,,
jaḍabuddhi,,
jaḍamati,,
jaḍātman,,
janagat,,
janat,,
janadvat,,
janavat,,
janikartṛ,,
janimat,,
janivat,,
jantumat,,
janmarogin,,
janmavat,,
japin,,
jabdhṛ,,
jamat,,
jayakāṅkṣin,,
jayakārin,,
jayat,,
jayavat,,
jayin,,
jayiṣṇu,,
jaraṇyu,,
jaradaṣṭi,,
jarayitṛ,,
jarayu,,
jarāmṛtyu,,
jarāyu,,
jarāvat,,
jarin,,
jariṣṇu,,
jarbhari,,
jalacārin,,
jalajīvin,,
jalatrāsin,,
jalavat,,
jalavāsin,,
jalaśāyin,,
jalaśuci,,
jalārthin,,
jalaukas,,
jalpitṛ,,
jalpin,,
javavat,,
javin,,
javīyas,,
jasuri,,
jasvan,,
jahat,,
jałhu,,
jāgaritavat,,
jāgaritṛ,,
jāgarin,,
jāgariṣṇu,,
jāgṛvas,,
jāgṛvi,,
jāgrat,,
jājamat,,
jātabuddhi,,
jātavat,,
jātavedas,,
jātavepathu,,
jātaśmaśru,,
jātāgas,,
jātāśru,,
jātimat,,
jātimātrajīvin,,
jātimātropajīvin,,
jātūbharman,,
jātaikabhakti,,
jātyapahārin,,
jānat,,
jāni,,
jānudaghnāmbhas,,
jāpin,,
jāmi,,
jāyin,,
jāyu,,
jālakamālin,,
jālavat,,
jālin,,
jāvat,,
jigatnu,,
jigamiṣu,,
jigariṣu,,
jigīṣu,,
jigīṣotsāhavat,,
jigyu,,
jighatnu,,
jighatsu,,
jighāṃsin,,
jighāṃsīyas,,
jighāṃsu,,
jighṛkṣu,,
jijīviṣu,,
jijīṣu,,
jijñāpayiṣu,,
jijñāsu,,
jijñu,,
jitakāśin,,
jitakāśi,,
jitamanas,,
jitamanyu,,
jitātman,,
jitvan,,
jivri,,
jiṣṇu,,
jihāsu,,
jihīrṣu,,
jihmakārin,,
jihmagati,,
jihmaprekṣin,,
jihmayodhin,,
jihmaśiras,,
ji,,
jīmūtavarṣin,,
jīradānu,,
jīrṇajvarin,,
jīrṇavat,,
jīrṇi,,
jīvaghātin,,
jīvatpitṛ,,
jīvat,,
jīvadānu,,
jīvanayoni,,
jīvanavat,,
jīvapitṛ,,
jīvayoni,,
jīvavat,,
jīvasākṣin,,
jīvātumat,,
jīvāśaṅkin,,
jīvitapradāyin,,
jīvitahārin,,
jīvitākāṅkṣin,,
jīvitepsu,,
jīvin,,
jugupiṣu,,
jugupsu,,
jugurvaṇi,,
juṣāṇavat,,
juhūṣu,,
juhvat,,
jūjuvas,,
jūtimat,,
jūrṇin,,
jūrṇi,,
jṛmbhāvat,,
jṛmbhin,,
jetṛ,,
jenyāvasu,,
jeman,,
joṣayitṛ,,
jñātimat,,
jñātṛ,,
jñānavat,,
jñānaśaktimat,,
jñānātman,,
jñānin,,
jmāyat,,
jyāyasvat,,
jyāyas,,
jyutimat,,
jyeṣṭhavayas,,
jyeṣṭhavṛtti,,
jyeṣṭhasāman,,
jyeṣṭhāśramin,,
jyogāmayāvin,,
jyotirjarāyu,,
jyotirbhāsin,,
jyotirlekhāvalayin,,
jyotiṣīmat,,
jyotiṣmat,,
jyotsnāvat,,
jvarin,,
jvalat,,
jvalanmaṇi,,
jvalitṛ,,
jvālāmālin,,
jvālin,,
jhaṅkārin,,
jhaṇajjhaṇatkārin,,
jharat,,
jharjharin,,
jhāṃkārin,,
jhāṭkārin,,
ṭaṃkāravat,,
ṭaṅkavat,,
ḍambaranāman,,
ḍhālin,,
taku,,
takṣavat,,
takṣitṛ,,
tajjalān,,
tajjalān,,
taḍatkārin,,
taḍāgavat,,
taḍitvat,,
taḍidvāsas,,
taḍinmālāvalambin,,
taṇḍulin,,
tatanuṣṭi,,
tatavat,,
taturi,,
tatkarmakārin,,
tatkārin,,
tattvajñānin,,
tattvadarśin,,
tattvavat,,
tatprabhṛti,,
tatpravaravat,,
tatracakṣurmanas,,
tatravāsin,,
tatsādhukārin,,
tatspṛṣṭin,,
tathākratu,,
tathābhāvin,,
tathārūpin,,
tathāvādin,,
tathyavādin,,
tadapas,,
tadiṣṭi,,
tadokas,,
tadojas,,
taddharman,,
taddharmin,,
tadbandhu,,
tadbahulavihārin,,
tadbahu,,
tadvat,,
tadvayas,,
tadvasati,,
tadvīryavidvas,,
tadvṛtti,,
tanayitnu,,
tanādi,,
tanīyas,,
tanutravat,,
tanutrin,,
tanumat,,
tanumūrti,,
tanūdūṣi,,
tanūnapātvat,,
tanūpāvan,,
tanūvaśin,,
tantumat,,
tantrāyin,,
tantrin,,
tandrayu,,
tandrālu,,
tandrāvin,,
tandrin,,
tanmanas,,
tanmānin,,
tanyu,,
tapat,,
tapanadyuti,,
tapastanu,,
tapasvat,,
tapasvin,,
tapiṣṇu,,
tapīyas,,
tapuṣi,,
tapu,,
taporati,,
tapovat,,
taptatapas,,
tapyatu,,
tamin,,
tamoguṇin,,
tamorūpin,,
tamovat,,
taraṃgin,,
taraṇi,,
taraddveṣas,,
tarasvat,,
tarasvin,,
taras,,
taritṛ,,
tarin,,
tarītṛ,,
tarīyas,,
tarutṛ,,
taruṣyat,,
taru,,
tarūtṛ,,
tarūṣas,,
tarkin,,
tardmavat,,
tarpin,,
tarphitṛ,,
tarṣacetas,,
tarṣyāvat,,
talatravat,,
talāṅgulitravat,,
talin,,
tavasvat,,
tavas,,
taviṣīmat,,
taviṣīyu,,
taviṣīvat,,
tavīyas,,
tavyas,,
tasthivas,,
tas,,
tāṭaṅkin,,
tāḍayitṛ,,
tātagu,,
tātṛpi,,
tāpayitṛ,,
tāpayiṣṇu,,
tāpin,,
tāmbūlin,,
tāmratanu,,
tāmramṛṣṭānulepin,,
tārayitṛ,,
tāritṛ,,
tārin,,
tālin,,
tāvadvīryavat,,
tigmagati,,
tigmagu,,
tigmatejas,,
tigmanemi,,
tigmabhṛṣṭi,,
tigmamanyu,,
tigmavat,,
tigmaheti,,
tigmeṣu,,
titaniṣu,,
titikṣu,,
titīrṣu,,
tiraścirāji,,
tiraścīnapṛśni,,
tiraskārin,,
tirīṭin,,
tiryakpātin,,
tiryakprekṣin,,
tiryaksrotas,,
tiryagghātin,,
tiryagjāti,,
tiryagyoni,,
tiryagvisaṃsarpin,,
tilakin,,
tilavratin,,
tilasnāyin,,
tilahomin,,
tilodakin,,
tisṛ,,
tīkṣṇabuddhi,,
tīkṣṇaraśmi,,
tīkṣṇarūpin,,
tīkṣṇavarman,,
tīkṣṇasrotas,,
tīkṣṇāṃśu,,
tīkṣṇīyas,,
tīkṣṇeṣu,,
tīrthakīrti,,
tīrthayātrin,,
tīrthavat,,
tīrthavāsin,,
tīrthaśravas,,
tīvragati,,
tuṅgin,,
tuturvaṇi,,
tundavat,,
tundin,,
tumbukin,,
turaṃgayāyin,,
turakin,,
turagakriyāvat,,
turagātu,,
turaṇyu,,
turphari,,
turpharītu,,
turvaṇi,,
tulāvat,,
tulyagariman,,
tulyatejas,,
tulyanāman,,
tulyanindāstuti,,
tulyalakṣman,,
tulyavayas,,
tulyavṛtti,,
tulyākṛti,,
tuvikūrmin,,
tuvikūrmi,,
tuvikratu,,
tuvigri,,
tuviprati,,
tuvibrahman,,
tuvimanyu,,
tuvirādhas,,
tuviśravas,,
tuviṣmat,,
tuviṣvaṇas,,
tuviṣvaṇi,,
tuviṣvan,,
tuvyojas,,
tuṣāravarṣin,,
tuṣṭimat,,
tūṇavat,,
tūṇin,,
tūṇīravat,,
tūtuji,,
tūrṇi,,
tūrvi,,
tṛcin,,
tṛṇacchedin,,
tṛṇavat,,
tṛṇāśin,,
tṛtīyin,,
tṛpalaprabharman,,
tṛptāṃśu,,
tṛptātman,,
tṛptimat,,
tṛpyat,,
tṛpradaṃśin,,
tṛprālu,,
tṛprin,,
tṛṣucyavas,,
tṛṣu,,
tṛṣṭadaṃśman,,
tṛṣyāvat,,
tejanin,,
tejasvat,,
tejasvin,,
tejīyas,,
tejonidhi,,
tejomūrti,,
tejovat,,
tejovaidagdhyaśīlavat,,
taittirīyaśākhin,,
tairyagyoni,,
tokavat,,
toyavat,,
tośas,,
toṣayitṛ,,
toṣin,,
tyaktavat,,
tyaktavidhi,,
tyaktāgni,,
tyaktātman,,
tyaktṛ,,
tyāgin,,
trapāvat,,
trapīyas,,
trayastriṃśavartani,,
trayastriṃśin,,
trayodaśāratni,,
trayodaśin,,
trayoviṃśatidāru,,
trasnu,,
trāṇasārin,,
trāsadāyin,,
trāsin,,
triṃśin,,
triḥśreṇi,,
trikapardin,,
trikarman,,
trikāladarśin,,
trigrāhin,,
triṇavavartani,,
triṇāman,,
triṇemi,,
tritanti,,
tritantu,,
tridat,,
tridoṣahārin,,
tridhātu,,
tridhāman,,
trinābhi,,
trināli,,
tripadaprabhṛti,,
triparvan,,
tripaśu,,
tripuṇḍrin,,
tripralambin,,
tribandhu,,
tribrahman,,
trimadhu,,
trimantu,,
trimātṛ,,
trimuni,,
trimūrti,,
triyoni,,
triraśri,,
trilokarakṣin,,
trivat,,
trivayas,,
trivartu,,
trivartman,,
trivali,,
trivalīvat,,
triviṣṭidhātu,,
trivṛcchiras,,
triveṇu,,
trivedin,,
triśataṃṣaṣṭiparvan,,
triśarīrin,,
triśiras,,
triśīrṣavat,,
triśūlavarapāṇin,,
triśruti,,
triṣaṃdhi,,
triṣavaṇasnāyin,,
triṣṭupchandas,,
triṣṭhin,,
trisaṃdhi,,
trisāman,,
trīṣu,,
traiguṇyavat,,
tryañjali,,
tryaratni,,
tryālikhitavat,,
tryuddhi,,
tvakṣīyas,,
tvaksāravyavahāravat,,
tvaguttarāsaṅgavat,,
tvagdoṣin,,
tvagvat,,
tvacīyas,,
tvatpratīkṣin,,
tvadyoni,,
tvarāvat,,
tvaṣṭṛmat,,
tvāmāhuti,,
tvāyat,,
tvāyu,,
tvāvat,,
tvāvasu,,
tviṣīmat,,
tveṣin,,
tvoti,,
tsarumat,,
tsārin,,
daṃśin,,
daṃṣṭrākarālavat,,
daṃṣṭrin,,
daṃsanāvat,,
daṃsu,,
dakṣakratu,,
dakṣas,,
dakṣiṇataüpavītin,,
dakṣiṇācārin,,
dakṣiṇāvat,,
dakṣiṇāśiras,,
dakṣiṇerman,,
dakṣiṇottarin,,
dakṣu,,
dagdhayoni,,
daṅkṣṇu,,
daṇḍakapālin,,
daṇḍadhārin,,
daṇḍanītimat,,
daṇḍapāṇi,,
daṇḍapātin,,
daṇḍapāruṣyavat,,
daṇḍavat,,
daṇḍavādin,,
daṇḍin,,
daṇḍimat,,
dattadṛṣṭi,,
dattavat,,
dattātman,,
dattravat,,
datvat,,
dadi,,
dadṛśānapavi,,
dadrurogin,,
dadrūrogin,,
dadhanvat,,
dadhivat,,
dadhivāri,,
dadhi,,
dadhṛṣvaṇi,,
dantarogin,,
dantavat,,
dantahastin,,
dantāñji,,
dantādanti,,
dantin,,
dantolūkhalin,,
dabhracetas,,
dabhrabuddhi,,
damaśarīrin,,
damin,,
damūnas,,
dambhin,,
dayālu,,
dayāvat,,
dayitnu,,
dayormi,,
daridrat,,
daridritṛ,,
daridrin,,
darin,,
dari,,
darīmat,,
darīvat,,
dartṛ,,
darpin,,
darbhapavitrapāṇi,,
darbhapiñjūlavat,,
darvihomin,,
darśanakāṅkṣin,,
darśanīyamānin,,
darśanepsu,,
darśapūrṇamāsayājin,,
darśapūrṇamāsin,,
darśayitṛ,,
darśitavat,,
darśin,,
dalin,,
dalmimat,,
davīyas,,
daśaṃdaśin,,
daśagu,,
daśagoṇi,,
daśagvin,,
daśacchadin,,
daśat,,
daśadaśin,,
daśanāli,,
daśapaṭu,,
daśapadmavat,,
daśapaśu,,
daśapramati,,
daśabalabalin,,
daśabhuji,,
daśamin,,
daśavarṣin,,
daśaśatakaradhārin,,
daśasani,,
daśāgni,,
daśābhīśu,,
daśārdhavayas,,
daśāvat,,
daśin,,
dasmavarcas,,
dasyujīvin,,
dākṣāyaṇayajñin,,
dākṣāyaṇin,,
dākṣiṇyavat,,
dāḍimīvat,,
dātu,,
dādin,,
dādhṛvi,,
dādhṛṣi,,
dānavat,,
dānaśālin,,
dānāpnas,,
dānin,,
dānumat,,
dānu,,
dāmanvat,,
dāman,,
dāyādavat,,
dāyin,,
dārin,,
dāri,,
dāruṇākṛti,,
dāruṇātman,,
dāru,,
dāvan,,
dāśuri,,
dāśu,,
dāśvas,,
dāsvat,,
dāhavat,,
dāhātman,,
dāhin,,
diksrakti,,
digdarśin,,
digvāsas,,
digvyāpin,,
ditsu,,
didambhiṣu,,
diditsu,,
didṛkṣāvat,,
didṛkṣitṛ,,
didṛkṣu,,
dideviṣu,,
didyotiṣu,,
didhakṣu,,
didhiṣu,,
dinapākin,,
dinopavāsin,,
dipsu,,
divakṣas,,
divācārin,,
divāmaithunin,,
divāvasu,,
divicārin,,
divitmat,,
diviyoni,,
divispṛśat,,
divyakārin,,
divyadarśin,,
divyadharmin,,
divyaprajñānaśālin,,
divyarūpin,,
divyavijñānavat,,
divyasraganulepin,,
divyākṛti,,
diśoyāyin,,
diṣṭakārin,,
diṣṇu,,
dīkṣākārin,,
dīkṣin,,
dīdivi,,
dīdi,,
dīdyagni,,
dīdhitimat,,
dīnamanas,,
dīpayat,,
dīpavat,,
dīpin,,
dīptakīrti,,
dīptatapas,,
dīptatejas,,
dīptāgni,,
dīptātman,,
dīptimat,,
dīptaujas,,
dīrghakālajīvin,,
dīrghagāmin,,
dīrghajīvin,,
dīrghatantu,,
dīrghatapas,,
dīrghadarśin,,
dīrghadarśivas,,
dīrghadṛśvan,,
dīrghadṛṣṭi,,
dīrghadveṣin,,
dīrghaprayajyu,,
dīrghaprasadman,,
dīrghaprekṣin,,
dīrghabāhu,,
dīrghayaśas,,
dīrgharogin,,
dīrgharoman,,
dīrghavyādhi,,
dīrghaśmaśru,,
dīrghaśravas,,
dīrghasakthi,,
dīrghasūtrin,,
dīrghānuparivartin,,
dīrghāpekṣin,,
dīrghāpsas,,
dīrghāyu,,
dīrghotkaṇṭhamanas,,
dīvyat,,
duḥkhakārin,,
duḥkhacārin,,
duḥkhajīvin,,
duḥkhaduḥkhin,,
duḥkhaparītātman,,
duḥkhabhāgin,,
duḥkhaśokavat,,
duḥkhasaṃsthiti,,
duḥkhin,,
duḥkhopahatacetas,,
duḥśakti,,
duḥśīrtatanu,,
duḥṣṭhu,,
duḥsakthi,,
duḥsattvavat,,
duḥsvapnanāśin,,
dukūlavat,,
dugdhapāyin,,
dugdhin,,
duddādin,,
dudyūṣu,,
dudhi,,
dudhukṣu,,
dudhrukṣu,,
dunvat,,
duraḥprabhṛti,,
duratyetu,,
durantaśakti,,
durabhimānin,,
durasyu,,
durākṛti,,
durācārin,,
durātman,,
durātmavat,,
durādṛṣṭi,,
durāvāsin,,
durāśaṃsin,,
duritātman,,
durupasarpin,,
duroṇayu,,
duroṣas,,
durgati,,
durganivāsin,,
durgandhi,,
durgṛbhiśvan,,
durgṛbhi,,
durjāti,,
durṇihitaiṣin,,
durdaivavat,,
durdyūtadevin,,
durdharītu,,
durdhartu,,
durniyantu,,
durbalāgni,,
durbalīyas,,
durbuddhi,,
durbhāṣin,,
durbhikṣavyasanin,,
durmaṅku,,
durmati,,
durmadavīramānin,,
durmanas,,
durmantu,,
durmantrin,,
durmanman,,
durmarāyu,,
durmāyin,,
durmāyu,,
durmedhas,,
durmedhāvin,,
duryoni,,
durlaṅghanaśakti,,
durvacas,,
durvartu,,
durvāsas,,
durvidvas,,
durhaṇāyu,,
durhaṇāvat,,
durhali,,
durhṛṇāyu,,
duvasyu,,
duvasvat,,
duvas,,
duvoyu,,
duścakṣas,,
duścaracārin,,
duścarman,,
duścārin,,
duścintin,,
duṣkarakarman,,
duṣkarakārin,,
duṣkarman,,
duṣkīrti,,
duṣkṛtakarman,,
duṣkṛtātman,,
duṣkṛtin,,
duṣkṛti,,
duṣṭacārin,,
duṣṭacetas,,
duṣṭanu,,
duṣṭabuddhi,,
duṣṭamati,,
duṣṭaratarītu,,
duṣṭātman,,
duṣṭāntarātman,,
duṣparihantu,,
duṣprakṛti,,
duṣprajas,,
duhitṛmat,,
dūtavat,,
dūragāmin,,
dūradarśin,,
dūrapātin,,
dūraprasārin,,
dūrabandhu,,
dūrambhaviṣṇu,,
dūrayāyin,,
dūravartin,,
dūravāsin,,
dūravilambin,,
dūravedhin,,
dūraśravas,,
dūrasthāyin,,
dūrārohin,,
dūregavyūti,,
dūreśravas,,
dūreṣupātin,,
dūreheti,,
dūraüpaśabdas,,
dūrvāvat,,
dūṣayat,,
dūṣin,,
dūṣi,,
dūṣyat,,
dūṣyudarin,,
dṛḍhakārin,,
dṛḍhagrāhin,,
dṛḍhadhanvan,,
dṛḍhadhanvin,,
dṛḍhadhṛti,,
dṛḍhaprahārin,,
dṛḍhabhaktimat,,
dṛḍhabhakti,,
dṛḍhamati,,
dṛḍhamanyu,,
dṛḍhamuṣṭi,,
dṛḍhaloman,,
dṛtihari,,
dṛptātman,,
dṛpyat,,
dṛvan,,
dṛśimat,,
dṛśīku,,
dṛṣadvat,,
dṛṣṭakarman,,
dṛṣṭapūrvin,,
dṛṣṭabhakti,,
dṛṣṭavat,,
dṛṣṭāntavat,,
dṛṣṭin,,
dṛṣṭimat,,
devajāmi,,
devatātman,,
devatāsahāyin,,
devadarśin,,
devapātrin,,
devapīyu,,
devapsaras,,
devabandhu,,
devayajanavat,,
devayaji,,
devayaśasin,,
devayājin,,
devayu,,
devayoni,,
devarājasamadyuti,,
devarūpin,,
devavat,,
devavyacas,,
devavratin,,
devaśatru,,
devātman,,
devin,,
deśakālavirodhin,,
deśavāsin,,
deśavirodhin,,
deśāntarin,,
deśin,,
deṣṇu,,
dehadhārin,,
dehamānin,,
dehavat,,
dehin,,
daivānurodhin,,
doḥśālin,,
dogdhṛ,,
dorgaḍu,,
dolācalacittavṛtti,,
dolāyamānamati,,
doṣakārin,,
doṣaguṇin,,
doṣagrāhin,,
doṣavat,,
doṣānudarśin,,
doṣin,,
doṣmat,,
dohadin,,
dohin,,
dohīyas,,
dauhitravat,,
dyāvāpṛthivīvat,,
dyukṣavacas,,
dyutat,,
dyutadyāman,,
dyutimati,,
dyutimat,,
dyumat,,
dyumadgāman,,
dyumaryādavat,,
dyumnavat,,
dyumnaśravas,,
dyumnin,,
dyotin,,
draḍhīyas,,
drapsavat,,
drapsin,,
dravatpāṇi,,
dravat,,
draviṇavat,,
draviṇasyu,,
draviṇasvat,,
draviṇodas,,
dravitnu,,
dravyavat,,
dravyavādin,,
dravyaśaktimat,,
draṣṭumanas,,
drākṣāmat,,
drāghimavat,,
drāghīyas,,
drāpi,,
drāvayitnu,,
drāvin,,
drutagati,,
drutataragati,,
drumat,,
drumavat,,
druṣadvan,,
druhvan,,
dru,,
drohabuddhi,,
drohavṛtti,,
drohin,,
dvaṃdvayodhin,,
dvaṃdvin,,
dvayavādin,,
dvayāvin,,
dvayu,,
dvarin,,
dvari,,
dvātriṃśadakṣarin,,
dvādaśākṛti,,
dvādaśāratni,,
dvādaśin,,
dvāravat,,
dvārābhimānin,,
dvārvat,,
dvikhurin,,
dvijanman,,
dvijaliṅgin,,
dvijāti,,
dvijāni,,
dviṭsevin,,
dvitīyavat,,
dvitīyavayas,,
dvitīyin,,
dvitriveṇu,,
dvidat,,
dvidhātu,,
dvidhābhūtākṛti,,
dvinetrabhedin,,
dvipaśu,,
dvipitṛ,,
dvibarhajman,,
dvibarhas,,
dvibāhu,,
dvimātṛ,,
dvimuni,,
dviyajñopavītin,,
dviradagāmin,,
dviretas,,
dvivācin,,
dvivivāhin,,
dvivedin,,
dviśavas,,
dviśiras,,
dviśuklavat,,
dviśruti,,
dviṣaṃdhi,,
dviṣat,,
dvisaṃdhi,,
dvisrakti,,
dvihūtavat,,
dvīpavat,,
dvīpin,,
dveṣin,,
dveṣṭṛ,,
dvaimitri,,
dvyagni,,
dhakṣat,,
dhakṣu,,
dhanagoptṛ,,
dhanadāyin,,
dhanayauvanaśālin,,
dhanarci,,
dhanalobhin,,
dhanavat,,
dhanasaṃcayin,,
dhanasani,,
dhanaharin,,
dhanahārin,,
dhanāyu,,
dhanārthin,,
dhanin,,
dhanutṛ,,
dhanurākṛti,,
dhanurvedin,,
dhanuṣpāṇi,,
dhanuṣmat,,
dhanaiṣin,,
dhanvarṇas,,
dhanvāyin,,
dhanvāvin,,
dhanvin,,
dhami,,
dhamyat,,
dhayadvat,,
dharīyas,,
dharṇasi,,
dharmakañcukapraveśin,,
dharmacārin,,
dharmacintin,,
dharmadarśin,,
dharmadṛṣṭi,,
dharmadrohin,,
dharmanibandhin,,
dharmabuddhi,,
dharmabhāgin,,
dharmabhīru,,
dharmayu,,
dharmarati,,
dharmaruci,,
dharmarodhin,,
dharmavat,,
dharmavartin,,
dharmavādin,,
dharmavirodhavat,,
dharmātman,,
dharmādhikārin,,
dharmānukāṅkṣin,,
dharmābhijanavat,,
dharmābhimanas,,
dharmārthadarśin,,
dharmin,,
dharmīyas,,
dharmepsu,,
dharṣin,,
dhātumat,,
dhātu,,
dhānāvat,,
dhānyacārin,,
dhānyajīvin,,
dhānyadhanavat,,
dhānyapati,,
dhānyavat,,
dhāmakeśin,,
dhāmamānin,,
dhāmavat,,
dhāyas,,
dhāyu,,
dhāraṇāvat,,
dhārayatkavi,,
dhārayatkṣiti,,
dhārayadvat,,
dhārayiṣṇu,,
dhārayu,,
dhārāvat,,
dhārin,,
dhāri,,
dhāru,,
dhāvin,,
dhāvīyas,,
dhāsyu,,
dhitavan,,
dhitāvan,,
dhipsu,,
dhiyāyu,,
dhiyāvasu,,
dhiṣṇyavat,,
dhīmat,,
dhīracetas,,
dhīvat,,
dhunimat,,
dhuni,,
dhuneti,,
dhundhumat,,
dhuvakin,,
dhūtapāpman,,
dhūnvat,,
dhūpin,,
dhūmaketu,,
dhūmagandhi,,
dhūmadarśin,,
dhūmavat,,
dhūmavadgati,,
dhūmin,,
dhūmrajānu,,
dhūrvat,,
dhṛtakārmukeṣu,,
dhṛtavat,,
dhṛtaheti,,
dhṛtātman,,
dhṛtāmbhas,,
dhṛtiparītātman,,
dhṛtimat,,
dhṛteṣudhi,,
dhṛtaikaveṇi,,
dhṛṣat,,
dhṛṣadvin,,
dhṛṣanmanas,,
dhṛṣu,,
dhṛṣṭamānin,,
dhṛṣṭavādin,,
dhṛṣṭi,,
dhṛṣṇu,,
dhṛṣṇvojas,,
dhenumat,,
dhenu,,
dhairyavat,,
dhairyavṛtti,,
dhautapāpman,,
dhautātman,,
dhmāyat,,
dhyātamātropagāmin,,
dhyānadṛṣṭi,,
dhyānayogin,,
dhyānavat,,
dhyānin,,
dhyāyin,,
dhrajīmat,,
dhrākṣāmat,,
dhruvakin,,
dhruvakṣiti,,
dhruvagati,,
dhruvayoni,,
dhruvi,,
dhvaṃsakārin,,
dhvaṃsin,,
dhvajapatākin,,
dhvajarājin,,
dhvajavat,,
dhvajin,,
dhvanimat,,
dhvastapreman,,
dhvasmanvat,,
dhvas,,
naṃṣṭṛ,,
naktaṃcārin,,
naktacārin,,
naktabhojin,,
naktambhogin,,
naktavat,,
naktāśin,,
nakṣatrayogin,,
nakṣatraśavas,,
nakhakhādin,,
nakhin,,
nagaragāmin,,
nagaramālin,,
nagaravāsin,,
nagavat,,
nagnambhaviṣṇu,,
naḍvat,,
natanābhi,,
nataparvan,,
nat,,
nadaniman,,
nadanumat,,
nadi,,
nantṛ,,
nandayitṛ,,
nandayitnu,,
nandin,,
nabhasvat,,
nabhodṛṣṭi,,
namayiṣṇu,,
namaskartṛ,,
namaskāravat,,
namasyu,,
namasvat,,
namasvin,,
namovṛktivat,,
namraprakṛti,,
namramūrti,,
nayanavat,,
nayavat,,
nayavedin,,
nayaśālin,,
nayasāhasonnatimat,,
narakarūpin,,
naravāhin,,
narāṅghri,,
nartayitṛ,,
nartin,,
nardin,,
narmadyuti,,
naryāpas,,
navagat,,
navacchadi,,
navanītapṛśni,,
navasrakti,,
navāratni,,
navidvas,,
navin,,
navīyas,,
navyas,,
naśitṛ,,
naṣṭadṛṣṭi,,
naṣṭamati,,
naṣṭavat,,
naṣṭasaṃsmṛti,,
naṣṭasmṛti,,
naṣṭātman,,
naṣṭāsu,,
naṣṭaiṣin,,
nasvat,,
nāgakuṇḍalakuṇḍalin,,
nāgamauñjin,,
nāgayajñopavītavat,,
nāgayajñopavītin,,
nāgavat,,
nāgin,,
nāgopavītin,,
nāṭin,,
nātikrūramṛdu,,
nātidūranirīkṣin,,
nātidūravartin,,
nātidhanin,,
nātipracurapadyavat,,
nātipramanas,,
nātibhogin,,
nātimahat,,
nātimānin,,
nātimudāvat,,
nātivilambin,,
nāthavat,,
nāthavindu,,
nāthahari,,
nāthin,,
nādavat,,
nādin,,
nādi,,
nānākarman,,
nānācetas,,
nānātanu,,
nānādharman,,
nānāprabhṛti,,
nānāmanas,,
nānāmantraughasiddhimat,,
nānāratnākaravat,,
nānāvarṇākṛti,,
nānāveṣākṛtimat,,
nāmadhārin,,
nāmabibhratin,,
nāmavat,,
nāmin,,
nāyin,,
nārakapālakuṇḍalavat,,
nārakikin,,
nārāśaṃsapaṅkti,,
nāli,,
nāśin,,
nāsikavat,,
nāstikavṛtti,,
nāstimūrti,,
niṃsin,,
niḥśatru,,
niḥśabdasravat,,
niḥśmaśru,,
niḥṣecanavat,,
niḥsaṃtati,,
niḥsaṃdhi,,
niḥsaraṇavat,,
niḥsaraṇi,,
niḥsīman,,
niḥsūnu,,
niḥstuti,,
niḥsthāman,,
niḥsvādu,,
nikaṭavartin,,
nikathitin,,
nikāman,,
nikāmavarṣin,,
nikāmasukhin,,
nikṛtamati,,
nikṛtin,,
nikṛtimat,,
nikṛti,,
nikṛtvan,,
nikṛntin,,
nikṛṣṭopādhi,,
nikṣepin,,
nigaditavat,,
nigaditin,,
nigamin,,
nigādin,,
nigīrṇavat,,
nigu,,
nigūḍhacārin,,
nigūḍharoman,,
nighātin,,
nighnat,,
nicayin,,
nicayodarin,,
niceru,,
nijaghni,,
nijimat,,
nijuhnūṣu,,
nitambavat,,
nitambin,,
nitodin,,
nityagati,,
nityabuddhi,,
nityartu,,
nityasnāyin,,
nityasvādhyāyin,,
nityahotṛ,,
nityodakin,,
nidarśin,,
nidānavat,,
nididhyāsu,,
nideśakārin,,
nideśavartin,,
nideśin,,
nidrālu,,
nidritavat,,
nidhanakārin,,
nidhanavat,,
nidhimat,,
nidhyarthin,,
nidhruvi,,
ninādin,,
ninitsu,,
ninīṣu,,
ninṛttavat,,
nindin,,
nipaṭhitin,,
nipātin,,
nipānavat,,
nipitsu,,
nibandhin,,
nibarhitāṃhas,,
niboddhṛ,,
nibhṛtātman,,
nimanyu,,
nimittanimittin,,
nimittavedhin,,
nimittin,,
nimīlin,,
nimnanābhi,,
niyataviṣayavartin,,
niyatāñjali,,
niyatātman,,
niyatāśin,,
niyamavat,,
niyayin,,
niyutvat,,
niyogin,,
niraṃśu,,
niragni,,
niraṅguli,,
niranukrośakārin,,
nirantaragṛhavāsin,,
nirandhas,,
niraparādhavat,,
nirapekṣin,,
nirabhisaṃdhin,,
nirambu,,
nirarti,,
niravattabali,,
niravadyavat,,
niravadhi,,
nirasthi,,
nirahaṃkārin,,
nirahaṃkṛti,,
nirahammati,,
nirākariṣṇu,,
nirākartṛ,,
nirākṛtin,,
nirākṛti,,
nirāgas,,
nirātman,,
nirātmavat,,
nirādhi,,
nirāmin,,
nirāmiṣāśin,,
nirāyati,,
nirāśin,,
nirāsu,,
nirāhavavat,,
nirīkṣin,,
nirīti,,
nirīśvaravādin,,
niruktavat,,
niruddhati,,
niruddhavat,,
niruddhaśamavṛtti,,
nirudvignamanas,,
nirundhat,,
nirupakārin,,
nirupadhi,,
nirupapatti,,
nirupādhi,,
nirūḍhaśiras,,
nirūṣman,,
nirṛṇin,,
nirenas,,
nirodhin,,
nirgranthi,,
nirjantu,,
nirjarāyu,,
nirjigamiṣu,,
nirjihīrṣu,,
nirjñāti,,
nirṇiktamanas,,
nirṇetṛ,,
nirdaṃśin,,
nirdaravāsin,,
nirdasyu,,
nirdeśakārin,,
nirdeṣṭṛ,,
nirdhūtasaktu,,
nirnābhi,,
nirnāśin,,
nirbandhin,,
nirbandhu,,
nirbādhin,,
nirbuddhi,,
nirbhartsitavat,,
nirbhinnatanu,,
nirbhṛti,,
nirbhedin,,
nirmathadāru,,
nirmantu,,
nirmanyu,,
nirmalātmavat,,
nirmāthin,,
nirmitsu,,
nirmumukṣu,,
niryat,,
niryiyāsu,,
niryukti,,
nirvartin,,
nirvarti,,
nirvasu,,
nirvārāṇasi,,
nirvāhin,,
nirviṇṇacetas,,
nirvidhitsu,,
nirvivikṣat,,
nirvivikṣu,,
nirvivitsu,,
nirviśeṣavat,,
nirviśeṣākṛti,,
nirvṛkṣamṛgapakṣin,,
nirvṛtimat,,
nirvṛtti,,
nirvedavat,,
nirvoḍhṛ,,
nirvyādhi,,
nirvyāvṛtti,,
nirhārin,,
nirheti,,
nirhetu,,
nirhrādin,,
nilāyin,,
nivakṣas,,
nivartin,,
nivāpin,,
nivārin,,
nivāsin,,
nivivṛtsat,,
nivivṛtsu,,
nivītin,,
nivṛttavṛtti,,
nivedayiṣu,,
nivedin,,
niveśavat,,
niveśin,,
nivyādhin,,
niśāyin,,
niścayin,,
niścikramiṣu,,
niścetas,,
niśchandas,,
niśrāvin,,
niṣaṅgathi,,
niṣaṅgin,,
niṣatsnu,,
niṣāditin,,
niṣādin,,
niṣiddhavat,,
niṣeddhṛ,,
niṣedhin,,
niṣevin,,
niṣkarman,,
niṣkāmacārin,,
niṣkāsin,,
niṣkin,,
niṣkauśāmbi,,
niṣkriyātman,,
niṣṭhāvat,,
niṣṭhurabhāṣin,,
niṣṭhūrin,,
niṣpatiṣṇu,,
niṣpeṣavat,,
niṣprapañcasadātman,,
niṣpravāṇi,,
niṣprīti,,
niṣyandin,,
niṣṣapin,,
nisṛṣṭavat,,
nistantu,,
nistandri,,
nistārayitṛ,,
nistejas,,
nistriṃśadharmin,,
nistriṃśin,,
nisyandin,,
nihrādavat,,
nihrādin,,
ni,,
nīkarṣin,,
nīcakarman,,
nīcagāmin,,
nīcajāti,,
nīcanakharoman,,
nīcayonin,,
nīcāvayas,,
nītimat,,
nītivedin,,
nīrajas,,
nīradin,,
nīlacolakavat,,
nīlanicolin,,
nīlapakṣman,,
nīlamehin,,
nīlavat,,
nīlavāsas,,
nīlālakavarūthin,,
nunutsu,,
nūtnavayas,,
nūpuravat,,
nūpurin,,
nṛcakṣas,,
nṛtu,,
nṛpeśas,,
nṛmaṇas,,
nṛmat,,
nṛvatsakhi,,
nṛvat,,
nṛvāhas,,
nṛśaṃsakārin,,
nṛśaṃsavat,,
nṛśaṃsavādin,,
nṛṣadman,,
nṛṣadvan,,
netṛmat,,
netṛ,,
netraniṃsin,,
netrapraṇayin,,
netrahārin,,
netrātithi,,
nediṣṭhin,,
nedīyas,,
nemivṛtti,,
naikadravyoccayavat,,
naikātman,,
naikṛtin,,
naivasaṃjñinaivāsaṃjñin,,
nodin,,
nauyāyin,,
nyagjāti,,
nyagrodhin,,
nyañcanaiṣin,,
nyāyavat,,
nyāyavartin,,
nyāyavādin,,
nyāyavirodhin,,
nyāyin,,
nyāsin,,
nyubjimat,,
nyokas,,
nyojas,,
nrasthimālin,,
paktṛ,,
pakvavat,,
pakvāśin,,
pakṣagrāhin,,
pakṣapātin,,
pakṣapucchavat,,
pakṣavat,,
pakṣavyāpin,,
pakṣin,,
pakṣodgrāhin,,
pakṣṇu,,
pakṣyavayas,,
paṅkajamālin,,
paṅkajavat,,
paṅkajāṅghri,,
paṅkajin,,
paṅkavat,,
paṅkin,,
paṅktirādhas,,
pajrahoṣin,,
pañcakroṣṭṛ,,
pañcagavyāpānavat,,
pañcagu,,
pañcagṛhitin,,
pañcagoṇi,,
pañcatapas,,
pañcat,,
pañcadaśacchadi,,
pañcadaśavat,,
pañcadaśavartani,,
pañcadaśin,,
pañcanāli,,
pañcapañcin,,
pañcapaṭu,,
pañcaparvan,,
pañcapaśu,,
pañcamavat,,
pañcamahāpātakin,,
pañcamin,,
pañcamūrti,,
pañcameni,,
pañcaraśmi,,
pañcavali,,
pañcavāhin,,
pañcaśikhin,,
pañcahotṛ,,
pañcāgni,,
pañcāṅguri,,
pañcāṅguli,,
pañcāvattin,,
pañcin,,
paṭahadhvani,,
paṭīyas,,
paṭumati,,
paṭṭavāsas,,
paṭṭiśin,,
paṭhitṛ,,
paṇavin,,
paṇḍitamānin,,
paṇḍitavādin,,
paṇyavat,,
pataṃgavṛtti,,
patatrin,,
patanadharmin,,
patayiṣṇu,,
pataru,,
patākādhvajamālin,,
patākin,,
patākocchrāyavat,,
patkāṣin,,
pattrin,,
patnīvat,,
patmin,,
patsaṅgin,,
pat,,
pathanvat,,
pathimat,,
pathirakṣas,,
pathirakṣi,,
pathiṣadi,,
pathyāśin,,
padātin,,
padāti,,
padādhyāyin,,
padānveṣin,,
padābhilāṣin,,
padmagandhi,,
padmamālin,,
padmavat,,
padmavarcas,,
padmasaugandhikavat,,
padmin,,
padmotpalakumudvat,,
padvat,,
panasyu,,
panitṛ,,
panipnat,,
panīyas,,
pannagīgīrtakīrti,,
panyas,,
papi,,
papuri,,
papri,,
payaḥprasravin,,
payasvat,,
payasvin,,
paraḥsāman,,
paragāmin,,
paraguṇagrāhin,,
paratantradṛṣṭi,,
paratoṣayitṛ,,
paradeśasevin,,
paradeśin,,
paradrohin,,
paradveṣin,,
parapākopabhojin,,
parabalīyas,,
parabhāgyopajīvin,,
paramadurmedhas,,
paramadharmātman,,
paramapadātmavat,,
paramamanyumat,,
paramamahat,,
paramasvadharman,,
parameṣṭhin,,
paravat,,
paravyākṣepin,,
paraśumat,,
paraśvadhin,,
parasambandhin,,
parasparasukhaiṣin,,
parasparākrandin,,
parasparādin,,
parasmaipadin,,
parasvādāyin,,
parasvopajīvin,,
parākramavat,,
parākramin,,
parākrāntṛ,,
parākṣiptamanas,,
parāgavat,,
parāgin,,
parāgvasu,,
parāṅmanas,,
parājiṣṇu,,
parāñcin,,
parātman,,
parādadi,,
parānnabhojin,,
parāparaitṛ,,
parāpātin,,
parāmarśin,,
parāyaṇavat,,
parārthavādin,,
parārthin,,
parāvat,,
parāvartin,,
parāvasathaśāyin,,
parāvasu,,
parāsin,,
parāsisiṣu,,
parāsu,,
parikampin,,
parikarmin,,
parikarṣin,,
parikalayitṛ,,
parikalitin,,
parikledin,,
parikṣepin,,
parigaṇitin,,
parigaditin,,
parigṛhyavat,,
parigrahavat,,
parigrahin,,
parigrahītṛ,,
parighaguru,,
parighātin,,
paricayavat,,
paricaryāvat,,
paricārin,,
paricetas,,
parijihīrṣu,,
parijīryat,,
parijñātṛ,,
parijñānin,,
parijman,,
parijri,,
pariṇatavayas,,
pariṇamayitṛ,,
pariṇāmadarśin,,
pariṇāmavat,,
pariṇāmin,,
pariṇāhavat,,
pariṇāhin,,
pariṇinaṃsu,,
paritatnu,,
paritāḍin,,
paritāpin,,
parituṣṭātman,,
paritoṣayitṛ,,
paritoṣavat,,
paritoṣin,,
parityaktṛ,,
parityāgin,,
paritrātṛ,,
paridāhin,,
paridṛṣṭakarman,,
paridevin,,
paridhvaṃsin,,
parinirvāyin,,
parinirvivapsu,,
paripanthin,,
paripākin,,
paripācayitṛ,,
paripāṇḍu,,
paripārśvavartin,,
paripālayitṛ,,
paripuṭanavat,,
paripūrin,,
paripūrṇabhāṣin,,
paripoṭavat,,
pariprepsu,,
paribarhavat,,
paribodhavat,,
paribhavin,,
paribhāvin,,
paribhāṣin,,
paribhoktṛ,,
paribhraṣṭasatkarman,,
paribhrāmin,,
parimat,,
parimanyu,,
parimāṇavat,,
parimāṇin,,
parimāthin,,
parimārkṣṇu,,
parimārgin,,
parimitimat,,
parimoṣin,,
parimohin,,
parimlāyin,,
parirakṣitṛ,,
parirakṣin,,
parirambhin,,
parirāṭin,,
parirāpin,,
pariripsu,,
parilaghu,,
parivat,,
parivartin,,
parivartman,,
parivarman,,
parivādin,,
parivāravat,,
parivāraśobhin,,
parivikrayin,,
parivivadiṣu,,
parivṛttatejas,,
parivedin,,
pariveṣabandhin,,
pariveṣavat,,
pariveṣin,,
pariveṣṭitavat,,
pariveṣṭrīmat,,
parivraḍhīyas,,
pariśaṅkin,,
pariśuṣkatālu,,
pariśeṣavat,,
pariśoṣin,,
pariṣadvan,,
pariṣyandin,,
pariṣvaṅgin,,
pariṣvajīyas,,
parisarpin,,
parisārin,,
parispardhin,,
parisyandin,,
parisrajin,,
parisraṣṭṛ,,
parisrāvin,,
parisrunmat,,
pariharṣin,,
parihāravat,,
parihārin,,
parīcikṣiṣu,,
parītin,,
parītoyoni,,
parīpsu,,
paruṣavādin,,
paruṣmat,,
pareyivas,,
parokṣabandhu,,
parokṣabuddhi,,
parokṣavṛtti,,
parogavyūti,,
paropakārin,,
parobāhu,,
parorajas,,
parovarīyas,,
parjanyaretas,,
parjanyātman,,
parṇadhvas,,
parṇaprāśanin,,
parṇavat,,
parṇāśin,,
parṇin,,
paryagu,,
paryavasāyin,,
paryavasitamati,,
paryavasthātṛ,,
paryaśru,,
paryastavat,,
paryastikākṛti,,
paryāptavat,,
paryāyin,,
paryārin,,
paryālocitavat,,
paryupāsitṛ,,
parvakārin,,
parvatavāsin,,
parvayoni,,
parvavat,,
parśūmat,,
parṣaṇi,,
parṣadbhīru,,
palāyanamanas,,
palāyin,,
palāśin,,
palitacchadman,,
palitambhaviṣṇu,,
palitavat,,
palitin,,
pallavagrāhin,,
pallavadhārin,,
pallavin,,
pavanaraṃhas,,
pavanotkampin,,
pavamānavat,,
pavitrakīrti,,
pavitrapāṇi,,
pavitrayoni,,
pavitravat,,
pavitrin,,
pavimat,,
pavīravat,,
paśudāvan,,
paśudhānyadhanarddhimat,,
paśubandhayājin,,
paśumat,,
paśuyājin,,
paśusani,,
paścāttāpin,,
paścādanvavasāyin,,
paścāddaghvan,,
paścādvartin,,
paśvaïṣṭi,,
pastyāvat,,
pāṃsin,,
pākasutvan,,
pākin,,
pācayitṛ,,
pājasvat,,
pāṭalin,,
pāṭin,,
pāṭhavat,,
pāṭhin,,
pāṇin,,
pāṇipraṇayin,,
pāṇimat,,
pāṇḍaravāsas,,
pāṇḍaravāsin,,
pāṇḍaretaravāsas,,
pāṇḍukambalin,,
pāṇḍukin,,
pāṇḍuravāsin,,
pāṇḍurogin,,
pāṇḍu,,
pāṇḍvāmayin,,
pātakin,,
pātayitṛ,,
pātin,,
pātṛ,,
pātrin,,
pātheyavat,,
pādacārin,,
pādaprasvedin,,
pādavat,,
pādāṅguṣṭhaśritāvani,,
pādāmbu,,
pādin,,
pādukavat,,
pādukin,,
pādopajīvin,,
pānavat,,
pāpakartṛ,,
pāpakarman,,
pāpakarmin,,
pāpakārin,,
pāpacārin,,
pāpacetas,,
pāpati,,
pāpadarśin,,
pāpadṛśvan,,
pāpadṛṣṭi,,
pāpanāman,,
pāpanāśin,,
pāpanirati,,
pāpabuddhi,,
pāpamati,,
pāparogin,,
pāpavasīyas,,
pāpātman,,
pāpin,,
pāpīyas,,
pāpman,,
pāmavat,,
pāyin,,
pāragāmin,,
pāranetṛ,,
pārayitṛ,,
pārayiṣṇu,,
pārijātavat,,
pāritavat,,
pāriplavadṛṣṭi,,
pāriplavamati,,
pārdāvat,,
pārśvaparivartin,,
pārśvavartin,,
pārśvavivartin,,
pālayitṛ,,
pālin,,
pāvakavat,,
pāvakavarcas,,
pāvan,,
pāśakapālin,,
pāśavat,,
pāśin,,
pāṣāṇaghātadāyin,,
piṅgalaroman,,
piṅgalin,,
picaṇḍin,,
piciṇḍavat,,
picchavat,,
piḍakāvat,,
piḍakin,,
piṇḍadātṛ,,
piṇḍamātropajīvin,,
piṇḍasambandhin,,
piṇḍin,,
piṇḍopajīvin,,
pitumat,,
pituṣaṇi,,
pitṛgāmin,,
pitṛdrohin,,
pitṛnāman,,
pitṛmat,,
pitṛmātṛguruśuśrūṣādhyānavat,,
pitṛvat,,
pittagadin,,
pittaprakṛti,,
pittarogin,,
pittavat,,
pittātīsārin,,
pittodarin,,
pitryapitryāvat,,
pitryupavītin,,
pitsu,,
pidadhat,,
pidhānavat,,
pidhāyin,,
pidhitsu,,
pipaviṣu,,
pipāsāvat,,
pipāsin,,
pipāsu,,
pipīṣat,,
pipīṣu,,
pipṛkṣu,,
piprīṣu,,
pibavat,,
piyāru,,
piśaṅgabhṛṣṭi,,
piśaṅgarāti,,
piśitākāṅkṣin,,
piśitāśin,,
piśitepsu,,
piṣṭamehin,,
pispṛkṣu,,
pīṭhasarpin,,
pīṭhopapāli,,
pīḍin,,
pītakauśeyavāsas,,
pītavat,,
pītavāsas,,
pītin,,
pīthin,,
pīnakakudmat,,
pīnavakṣas,,
pīnasin,,
pīnāyatakakudmat,,
pīyatnu,,
pīvasvat,,
puṃnāman,,
puṃsavat,,
puṃsvat,,
pukin,,
pucchavat,,
pucchāsyacārin,,
pucchin,,
puṇḍarīkavat,,
puṇyakartṛ,,
puṇyakarman,,
puṇyakīrti,,
puṇyagandhin,,
puṇyagandhi,,
puṇyajanman,,
puṇyanāman,,
puṇyapāpekṣitṛ,,
puṇyabhājin,,
puṇyamahas,,
puṇyavat,,
puṇyavāgbuddhikarmin,,
puṇyaślokeyakarman,,
puṇyātman,,
puṇyaikakarman,,
putranāman,,
putrapautrin,,
putraphalabhaktṛ,,
putravat,,
putrasaṃkarin,,
putrasahasrin,,
putrārthin,,
putrīyitṛ,,
putrepsu,,
punararthin,,
punarasu,,
punarāgāmin,,
punarādi,,
punarāvartin,,
punaruktavādin,,
punaruktimat,,
punarjanman,,
punarbhāvin,,
punaryāman,,
punaryuvan,,
punarvat,,
punnāman,,
puraṃdhivat,,
puraṃdhi,,
puraḥsthātṛ,,
puraḥsthāyin,,
puraḥsphurat,,
puravāsin,,
purastādgranthi,,
purastāddhomavat,,
purastāllakṣman,,
purāyoni,,
purīṣabhedin,,
purīṣavat,,
purīṣin,,
purukārakavat,,
purukṛtvan,,
purukṣu,,
puruṇāman,,
purutman,,
purudaṃsas,,
purudasyu,,
puruniḥṣidhvan,,
purupaśu,,
purupeśas,,
purubhojas,,
purumanas,,
purumantu,,
purumāyin,,
purumedhas,,
puruvartman,,
puruvarpas,,
puruvārapuṣṭi,,
puruvepas,,
puruśakti,,
puruṣagandhi,,
puruṣatejas,,
puruṣadveṣin,,
puruṣamānin,,
puruṣayogin,,
puruṣayoni,,
puruṣareṣin,,
puruṣavacas,,
puruṣavat,,
puruṣāntaravedin,,
puruhu,,
purūravas,,
purūvasu,,
purogāmin,,
puroguru,,
purogranthi,,
purojanman,,
puroḍāśin,,
puronuvākyāvat,,
purobhāgin,,
purobhāvin,,
puroyāvan,,
puroruṅmat,,
purovartin,,
purovasu,,
purovātasani,,
pulakākulākṛti,,
pulakin,,
pulasti,,
pulākakārin,,
pulu,,
puṣkarin,,
puṣṭāvat,,
puṣṭicchu,,
puṣṭimat,,
puṣpadantavat,,
puṣpapattrin,,
puṣpaphalavat,,
puṣpamālin,,
puṣpavat,,
puṣpahārin,,
puṣpāñjali,,
puṣpāvat,,
puṣpāśin,,
puṣpin,,
pu,,
pūjayitṛ,,
pūjākarman,,
pūjāvat,,
pūtapāpman,,
pūtabandhu,,
pūtamūrti,,
pūtātman,,
pūtigandhi,,
pūti,,
pūrayitṛ,,
pūrin,,
pūrṇagabhasti,,
pūrṇaśaktimat,,
pūrṇaśruti,,
pūrtin,,
pūrtvan,,
pūrvakāmakṛtvan,,
pūrvakārin,,
pūrvagatvan,,
pūrvajāvan,,
pūrvadīkṣin,,
pūrvapakṣin,,
pūrvabhāvin,,
pūrvabhāṣin,,
pūrvamārin,,
pūrvayāyin,,
pūrvavat,,
pūrvavayasin,,
pūrvavayas,,
pūrvavartin,,
pūrvavairin,,
pūrvasārin,,
pūrvādi,,
pūrvādhikadyuti,,
pūrvāpakārin,,
pūrvābhibhāṣin,,
pūrvārdhalambin,,
pūrvāśin,,
pūrvāsin,,
pūrvin,,
pūrvotthāyin,,
pūrvotpatti,,
pūrvopakārin,,
pūṣaṇvat,,
pūṣarāti,,
pṛtanāyu,,
pṛtanyu,,
pṛthakśāyin,,
pṛthakśruti,,
pṛthagabhimati,,
pṛthagātman,,
pṛthagīśamānin,,
pṛthagvartman,,
pṛthagvādin,,
pṛthukīrti,,
pṛthugman,,
pṛthujman,,
pṛthujrayas,,
pṛthudarśin,,
pṛthudīrghabāhu,,
pṛthupakṣas,,
pṛthuparśu,,
pṛthupājavat,,
pṛthupājas,,
pṛthupāṇi,,
pṛthupīnavakṣas,,
pṛthupragāman,,
pṛthubāhu,,
pṛthuyaśas,,
pṛthuyāman,,
pṛthulavakṣas,,
pṛthulaujas,,
pṛthuvakṣas,,
pṛthuśiras,,
pṛthuśravas,,
pṛthuṣṭu,,
pṛthusattvavat,,
pṛdākusānu,,
pṛśnigu,,
pṛśnibāhu,,
pṛśnimat,,
pṛśnimātṛ,,
pṛśnivat,,
pṛśni,,
pṛṣadyoni,,
pṛṣadvat,,
pṛṣṭabandhu,,
pṛṣṭābhidhāyin,,
pṛṣṭyāmayin,,
pṛṣṭhagāmin,,
pṛṣṭhagranthi,,
pṛṣṭhapātin,,
pṛṣṭhayāyin,,
pṛṣṭhānugāmin,,
pṛṣṇi,,
peru,,
pelavapuṣpapattrin,,
peśasvat,,
peṣaṇavat,,
peṣṭṛ,,
paiṅgin,,
paiśunyavādin,,
poṣayitṛ,,
poṣayitnu,,
poṣayiṣṇu,,
poṣitṛ,,
poṣin,,
poṣṭṛ,,
poṣyāvat,,
pautrikeyavat,,
pautrin,,
prakaṭitahatāśeṣatamas,,
prakampin,,
prakartṛ,,
prakarṣavat,,
prakarṣin,,
prakāmavikasat,,
prakāravat,,
prakāśanavat,,
prakāśavat,,
prakāśākāśakānti,,
prakāśātman,,
prakāśin,,
prakṛtimat,,
prakopitṛ,,
prakopin,,
prakramabhaṅgavat,,
prakrīḍin,,
prakledavat,,
prakledin,,
prakṣālitapāṇi,,
prakṣiptavat,,
prakṣepin,,
prakṣveḍitavat,,
pragatajānu,,
pragardhin,,
pragalbhamanas,,
pragāmin,,
pragāyin,,
praguṇin,,
pragrahavat,,
pragrahin,,
pragrāhavat,,
praghāsin,,
pracalat,,
pracārin,,
pracikīrṣu,,
pracinvat,,
pracetas,,
pracodin,,
pracchannacārin,,
prajajñi,,
prajananavat,,
prajaniṣṇu,,
prajavin,,
prajātimat,,
prajāvat,,
prajāsani,,
prajihīrṣu,,
prajepsu,,
prajñātman,,
prajñāvat,,
prajñin,,
prajñu,,
praṇatavat,,
praṇataśiras,,
praṇatātmavat,,
praṇayavat,,
praṇayāpahārin,,
praṇayin,,
praṇāmin,,
praṇāśin,,
praṇidhāyin,,
praṇipātin,,
praṇihitātman,,
praṇetṛmat,,
pratakvan,,
pratadvasu,,
pratanu,,
pratavas,,
pratānavat,,
pratānin,,
pratāpavat,,
pratāpin,,
pratikāṅkṣin,,
pratikāmin,,
pratikūlakārin,,
pratikūlapravartin,,
pratikūlabhāṣin,,
pratikūlavat,,
pratikūlavartin,,
pratikūlavādin,,
pratikūlavisarpin,,
pratikūlavṛtti,,
pratigrahin,,
pratigrahītṛ,,
pratigrāhin,,
pratighātin,,
pratighoṣin,,
praticakṣin,,
praticārin,,
praticikīrṣu,,
praticyavīyas,,
pratijāgṛvi,,
pratijihīrṣu,,
pratijūtivarpas,,
pratijñābhaṅgabhīru,,
pratidhvānin,,
pratipakṣajanman,,
pratipattidarśin,,
pratipattimat,,
pratipattṛ,,
pratipathagati,,
pratipāpin,,
pratipālin,,
pratipitsu,,
pratipipādayiṣu,,
pratibandhakārin,,
pratibandhavat,,
pratibandhin,,
pratibādhin,,
pratibimbavartin,,
pratibuddhavastu,,
pratibuddhātman,,
pratibuddhivat,,
pratibodhavat,,
pratibodhin,,
pratibhaṭīkṛ,,
pratibhānavat,,
pratibhāvat,,
pratibhāvavat,,
pratibhojin,,
pratiyātabuddhi,,
pratiyogin,,
pratirurūṣu,,
pratirodhin,,
pratiraudrakarman,,
prativaktṛ,,
prativat,,
prativartman,,
prativāṇi,,
prativādin,,
prativāsin,,
prativedin,,
prativeśin,,
pratiśabdavat,,
pratiśākhavat,,
pratiśīnavat,,
pratiśyāyin,,
pratiśrotṛ,,
pratiṣiddhavat,,
pratiṣiddhasevin,,
pratiṣeddhṛ,,
pratiṣedhayitṛ,,
pratiṣṭambhin,,
pratiṣṭhāvat,,
pratiṣṭhāsu,,
pratiṣṭhitayaśas,,
pratisaṃjihīrṣu,,
pratisaṃvedin,,
pratisaṅgin,,
pratisārin,,
pratispardhin,,
pratihatamati,,
pratihāravat,,
pratihitāyin,,
pratihiteṣu,,
pratīkavat,,
pratīkṣin,,
pratīghātin,,
pratīcīnaśiras,,
pratītātman,,
pratītimat,,
pratīpagāmin,,
pratīpin,,
pratīveśin,,
pratuṣṭuṣu,,
pratūrti,,
prattavat,,
pratnavat,,
pratyaṃśu,,
pratyakśiras,,
pratyakśrotas,,
pratyakṣacārin,,
pratyakṣadarśin,,
pratyakṣadarśivas,,
pratyakṣadharman,,
pratyakṣabandhu,,
pratyakṣavādin,,
pratyakṣavṛtti,,
pratyakṣin,,
pratyaksrotas,,
pratyagdhāman,,
pratyagrakṣarat,,
pratyagravayas,,
pratyaṅgavartin,,
pratyabhijñātavat,,
pratyabhinandin,,
pratyabhibhāṣin,,
pratyabhiyuktavat,,
pratyabhivādayitṛ,,
pratyayakārin,,
pratyayin,,
pratyarthin,,
pratyardhi,,
pratyavamarśavat,,
pratyavarohin,,
pratyākhyāyin,,
pratyāgatasmṛti,,
pratyāgatāsu,,
pratyāditsu,,
pratyāninīṣu,,
pratyāśin,,
pratyāsannamṛtyu,,
pratyutthāyin,,
pratyutpannamati,,
pratyudyamin,,
pratyudyātṛ,,
pratyudyāmin,,
pratyupakārin,,
pratyupalabdhacetas,,
pratyetṛ,,
pratvakṣas,,
prathamaparāpātin,,
prathamabhāvin,,
prathamavayasin,,
prathamaśravas,,
prathamāgāmin,,
prathayat,,
prathayitṛ,,
prathasvat,,
prathitayaśas,,
prathimin,,
prathīyas,,
prathu,,
pradagdhāhuti,,
pradaṇḍavat,,
pradarśin,,
pradānavat,,
pradāyin,,
praditsu,,
pradīptaśiras,,
pradīptimat,,
pradeśavat,,
pradeśavartin,,
pradyotin,,
pradrāvin,,
pradveṣṭṛ,,
pradharṣitavat,,
pradharṣin,,
pradhvaṃsin,,
pranṛttavat,,
prapañcabuddhi,,
prapatiṣṇu,,
prapathin,,
prapalāyin,,
prapaśyat,,
prapāṇḍu,,
prapāyin,,
prapitsu,,
prapyāyayitṛ,,
praphullanagavat,,
prabalavat,,
prabādhin,,
prabodhin,,
prabhaṅgin,,
prabhavitṛ,,
prabhaviṣṇu,,
prabhāmaṇḍalaśobhin,,
prabhālepin,,
prabhāvat,,
prabhāvayitṛ,,
prabhāvavat,,
prabhāvin,,
prabhāṣin,,
prabhāsvat,,
prabhu,,
prabhūtadhanadhānyavat,,
prabhūtavayas,,
prabhūvasu,,
prabhūṣṇu,,
prabhraṃśin,,
pramaṇas,,
pramattavat,,
pramathin,,
pramanas,,
pramanyu,,
pramayu,,
pramarditṛ,,
pramardin,,
pramahas,,
pramāṇavat,,
pramātṛ,,
pramāthin,,
pramādacārin,,
pramādavat,,
pramādin,,
pramāpayitṛ,,
pramāpin,,
pramāyu,,
pramīṇat,,
pramuditavat,,
prameditavat,,
pramehin,,
pramodacārin,,
pramodin,,
pramohin,,
prayajyu,,
prayatāñjali,,
prayatātman,,
prayatātmavat,,
prayatnavat,,
prayantṛ,,
prayasvat,,
prayas,,
prayājavat,,
prayāpin,,
prayāyin,,
prayiyu,,
prayogin,,
prayojanavat,,
prayoddhṛ,,
prarikvan,,
prarohavat,,
prarohin,,
prarohiśākhin,,
pralaghu,,
pralabdhṛ,,
pralambabāhu,,
pralambin,,
pralāpavat,,
pralāpin,,
pralobhin,,
pravaktṛ,,
pravacanapaṭu,,
pravaṇavat,,
pravatvat,,
pravatsyat,,
pravat,,
pravaditṛ,,
pravadyāman,,
pravayas,,
pravaravat,,
pravargyavat,,
pravartin,,
pravarṣin,,
pravādin,,
pravāpayitṛ,,
pravāpin,,
pravālavat,,
pravāsin,,
pravāhin,,
praviditsu,,
pravidvas,,
pravibhaktaraśmi,,
pravibhāgavat,,
pravilambin,,
pravilāpin,,
pravivikṣu,,
pravivrajiṣu,,
pravivrājayiṣu,,
pravisarpin,,
pravītin,,
pravīvivikṣu,,
pravṛttavat,,
pravṛttinivṛttimat,,
pravṛttimat,,
pravedin,,
pravepanin,,
pravepin,,
praveśin,,
praveṣṭṛ,,
pravrājin,,
praśaṃsin,,
praśamitaripu,,
praśamitāri,,
praśākhavat,,
praśāntamūrti,,
praśāntātman,,
praśāntārāti,,
praśāntaujas,,
praśithilabhujagranthi,,
praśuci,,
praśrayavat,,
praśrayin,,
praśravas,,
praṣṭimat,,
praṣṭivāhin,,
prasakṣin,,
prasaṅgavat,,
prasaṅgin,,
prasannātman,,
prasabhoddhṛtāri,,
prasarpin,,
prasavadharman,,
prasavadharmin,,
prasavin,,
prasahyakārin,,
prasahvan,,
prasādavat,,
prasādin,,
prasāraṇin,,
prasāritāṅguli,,
prasārin,,
prasiddhimat,,
prasūnāñjali,,
prasūmat,,
prasṛtāgrapradāyin,,
prasekin,,
prasecanavat,,
prasedivas,,
praskandin,,
praskhalat,,
praskhaladgati,,
prastārin,,
prasthānaviklavagati,,
prasthāyin,,
prasthāvan,,
prasthitavat,,
prasnāvin,,
praspardhin,,
prasyandin,,
prasraṃsin,,
prasravin,,
prasvādas,,
prasveditavat,,
prasvedin,,
prahantṛ,,
praharaṇavat,,
praharṣavat,,
praharṣin,,
prahārin,,
prahāvat,,
prahāsin,,
prahitaṃgamavat,,
prahitātman,,
prahṛṣṭamanas,,
prahṛṣṭaroman,,
prahṛṣṭātman,,
prahoṣin,,
prahlādin,,
prahvāñjali,,
prāṃśu,,
prākṛtabhāṣin,,
prākśiras,,
prāksrotas,,
prāgalbhyavat,,
prāggamanavat,,
prāggāmin,,
prāggranthi,,
prāṅśāyin,,
prācāmanyu,,
prācīnaāvītin,,
prācīnaraśmi,,
prācīnāpavītin,,
prācīnāvavītin,,
prācīnāvītin,,
prājāpatyapradāyin,,
prājāpatyasthānapradāyin,,
prājñamānin,,
prājñammānin,,
prājyavṛṣṭi,,
prāṇatejas,,
prāṇadātṛ,,
prāṇadāvat,,
prāṇadrohin,,
prāṇadhārin,,
prāṇapradāyin,,
prāṇaprāśanin,,
prāṇaprepsu,,
prāṇamat,,
prāṇalipsu,,
prāṇavat,,
prāṇahārin,,
prāṇākarṣin,,
prāṇāpahārin,,
prāṇāyāmin,,
prāṇārthavat,,
prāṇārthin,,
prāṇighātin,,
prāṇiṇiṣu,,
prāṇin,,
prāṇimat,,
prātaḥsnāyin,,
prātaritvan,,
prātaryāvan,,
prātarvastṛ,,
prātaścandradyuti,,
prātikāmin,,
prādeśin,,
prādhānyastuti,,
prāntanivāsin,,
prāpayitṛ,,
prāpin,,
prāpipayiṣu,,
prāptakārin,,
prāptabuddhi,,
prāptavat,,
prāptimat,,
prāpyakārin,,
prāmāṇyavādin,,
prāyavidhāyin,,
prāyaścittin,,
prāyaścittimat,,
prāyaścitti,,
prāyopaveśin,,
prāyobhāvin,,
prārabdhakarman,,
prārabdhavat,,
prārjayitṛ,,
prārthayitṛ,,
prārthitavat,,
prārthin,,
prāvaṇi,,
prāvarṣin,,
prāvuvūrṣu,,
prāśanin,,
prāśitṛ,,
prāśu,,
prāsādavāsin,,
prāsādaśāyin,,
priyakarman,,
priyakārin,,
priyacikīrṣu,,
priyatanu,,
priyadhāman,,
priyaprepsu,,
priyabhāṣin,,
priyambhaviṣṇu,,
priyavaktṛ,,
priyavacas,,
priyavat,,
priyavādin,,
priyaśravas,,
priyasaṃtati,,
priyātithi,,
priyātman,,
priyāmbu,,
priyālāpin,,
priyāvat,,
priyāsu,,
priyaiṣin,,
prīṇayitṛ,,
prītamanas,,
prītātman,,
prītimat,,
prītimanas,,
pruṣitapsu,,
prekṣākārin,,
prekṣāvat,,
prekṣitṛ,,
prekṣin,,
preṇi,,
pretapitṛ,,
pretivat,,
pretīṣaṇi,,
pretṛ,,
prepsu,,
premavat,,
premin,,
preyasvin,,
preyas,,
prerayitṛ,,
preritṛ,,
preṣayitṛ,,
preṣitavat,,
proktakārin,,
proktavat,,
prodgārin,,
prodyatayaṣṭi,,
prodvīci,,
pronmāthin,,
prorṇunaviṣu,,
prorṇunūṣu,,
prorṇuvitṛ,,
prollāsin,,
proṣitavat,,
proṣyapāpīyas,,
plakṣavat,,
plakṣaśākhāvat,,
plavavat,,
plāvayitṛ,,
plāvin,,
plīhodarin,,
plutavat,,
ploṣin,,
phaṇavat,,
phalakāṅkṣin,,
phalakin,,
phalagrahiṣṇu,,
phalagrahi,,
phaladantavat,,
phaladātṛ,,
phaladāyin,,
phaladharman,,
phalapuṣpavat,,
phalaprepsu,,
phalabandhin,,
phalabhāgin,,
phalabhogin,,
phalamūlavat,,
phalamūlin,,
phalavat,,
phalaśālin,,
phalahārin,,
phalahetu,,
phalākāṅkṣin,,
phalāgraśākhin,,
phalānveṣin,,
phalārthin,,
phalāśin,,
phalin,,
phalegrahi,,
phalegrāhin,,
phalegrāhi,,
phalopajīvin,,
phālakuddālalāṅgalin,,
phutkartumanas,,
phutkāravat,,
phulladṛṣṭi,,
phullapadmotpalavat,,
phullavat,,
phetkārin,,
phenadharman,,
phenamehin,,
phenavat,,
phenavāhin,,
baṃhīyas,,
bakavṛtti,,
baṭurūpin,,
baddhakalāpin,,
baddhagudin,,
baddhagodhāṅgulitravat,,
baddhadṛṣṭi,,
baddhapaṅkavat,,
baddhamuṣṭi,,
baddhavarcas,,
baddhavasati,,
baddhavepathu,,
baddhāñjali,,
baddhāvasthiti,,
bandhanakārin,,
bandhin,,
bandhukin,,
bandhumat,,
bandhurakomalāṅguli,,
bandhuvat,,
babhri,,
barbarin,,
barhaṇāvat,,
barhavat,,
barhiṇavāsas,,
barhiṣmat,,
balakhin,,
baladāvan,,
balavat,,
balavarṇin,,
balavardhin,,
balaśālin,,
balākāpaṅktihāsin,,
balākin,,
balātkārābhilāṣin,,
balārthin,,
balāsin,,
balin,,
balimat,,
baliṣaḍbhāgahārin,,
baliṣṇu,,
balīyas,,
bastavāśin,,
bastābhivāśin,,
bahiḥsthāyin,,
bahirgāmin,,
bahirdvārin,,
bahirmanas,,
bahiryūti,,
bahirloman,,
bahirvartin,,
bahirvyasanin,,
bahucārin,,
bahudaṇḍin,,
bahudarśin,,
bahudāyin,,
bahudeśadarśin,,
bahudhanvin,,
bahunāman,,
bahupaṭu,,
bahupaśu,,
bahupuṣpaprabālavat,,
bahuprakṛti,,
bahuprajñānaśālin,,
bahupralāpin,,
bahubāhu,,
bahubhāṣin,,
bahubhojin,,
bahumānin,,
bahumūrti,,
bahuyajvan,,
bahuyājin,,
bahurajas,,
bahurāśi,,
bahuripu,,
bahurūpin,,
bahurai,,
bahulavarman,,
bahulīkariṣṇu,,
bahuvarṣasahasrin,,
bahuvādin,,
bahuvi,,
bahuvyayin,,
bahuvyāpin,,
bahuvrīhi,,
bahuśakti,,
bahuśatru,,
bahuśākhin,,
bahusaṃtati,,
bahusu,,
bahvabaddhapralāpin,,
bahvādin,,
bahvāśin,,
bahvenas,,
bāḍhasṛtvan,,
bāṇapathavartin,,
bāṇapāṇi,,
bāṇapātavartin,,
bāṇavat,,
bāṇavarṣin,,
bāṇin,,
bādhin,,
bālamati,,
bāliśamati,,
bāṣpaviklababhāṣin,,
bāṣpin,,
bāhubalin,,
bāhumat,,
bāhuśardhin,,
bāhuśālin,,
bāhusahasrin,,
bāhyavāsin,,
bāhyārthavādin,,
bindumat,,
bibibābhavat,,
bibodhayiṣu,,
bibhakṣayiṣudaṃṣṭrin,,
bibhakṣayiṣu,,
bibhaṇiṣu,,
bibhitsu,,
bibhedayiṣu,,
bibhrakṣu,,
bibhrat,,
bilayoni,,
bilavāsin,,
bilaśāyin,,
bilevāsin,,
bilaukas,,
bilmin,,
bisakisalayacchedapātheyavat,,
bījakāṇḍaprarohin,,
bījadharman,,
bījaprarohin,,
bījavat,,
bījasaṃhṛtimat,,
bījin,,
bībhatsakarman,,
bībhatsu,,
bukin,,
buddhavat,,
buddhavapurdhārin,,
buddhijīvin,,
buddhimat,,
buddhiśālin,,
budbudayāśu,,
budhanvat,,
budhnavat,,
bubodhayiṣu,,
bubhukṣu,,
bubhutsu,,
bubhūrṣu,,
bubhūṣu,,
bṛṃhayitṛ,,
bṛhacchandas,,
bṛhacchravas,,
bṛhatkīrti,,
bṛhatkukṣi,,
bṛhatketu,,
bṛhattapas,,
bṛhattejas,,
bṛhatsāman,,
bṛhadgiri,,
bṛhadgrāvan,,
bṛhaddyuti,,
bṛhadbhānu,,
bṛhadrathaṃtarasāman,,
bṛhadrayi,,
bṛhadravas,,
bṛhadrāvan,,
bṛhadri,,
bṛhadreṇu,,
bṛhadvat,,
bṛhadvayas,,
bṛhadvādin,,
bṛhanmati,,
bṛhaspatimat,,
bṛhaspativat,,
bṛhaspatiśiras,,
baiḍālavratin,,
bodhayiṣṇu,,
bodhinmanas,,
bodhin,,
bodhi,,
brahmakarmasamādhi,,
brahmagrāhin,,
brahmacaryavat,,
brahmacārin,,
brahmacārivāsin,,
brahmajanman,,
brahmajīvin,,
brahmajñānin,,
brahmaṇvat,,
brahmadātṛ,,
brahmadāyopahārin,,
brahmadveṣin,,
brahmabhūyas,,
brahmamūrti,,
brahmayaśasin,,
brahmayoni,,
brahmavat,,
brahmavani,,
brahmavarcasin,,
brahmavarcas,,
brahmavādin,,
brahmavāhas,,
brahmavidvas,,
brahmaviṣṇvarkavat,,
brahmavedin,,
brahmaśāyin,,
brahmasattrin,,
brahmasūtrin,,
brahmin,,
brahmīyas,,
brāhmaṇadveṣin,,
brāhmaṇavat,,
brāhmaṇavarṇin,,
brāhmi,,
bhaktadātṛ,,
bhaktadāyin,,
bhaktadveṣin,,
bhaktimat,,
bhaktimahat,,
bhaktivan,,
bhaktivas,,
bhaktṛ,,
bhakṣin,,
bhakṣivan,,
bhakṣyabhojyavihāravat,,
bhagavat,,
bhagavṛtti,,
bhagāpahārin,,
bhagin,,
bhagnabāhu,,
bhagnamanas,,
bhagnaśakti,,
bhagnasaṃdhi,,
bhagnāsthi,,
bhagnotsāhakriyātman,,
bhaṅktṛ,,
bhaṅgavat,,
bhaṅgin,,
bhaṅgimat,,
bhaṅgurāvat,,
bhañjin,,
bhaṇitṛ,,
bhadrajāni,,
bhadravat,,
bhadravādin,,
bhadraśoci,,
bhadrākṛti,,
bhandadiṣṭi,,
bhayaṃkartṛ,,
bhayakartṛ,,
bhayadarśin,,
bhayadāyin,,
bhayanāśin,,
bhayapradāyin,,
bhayavidhāyin,,
bhayasaṃhṛṣṭaroman,,
bhayahartṛ,,
bhayahārin,,
bhayālu,,
bharat,,
bharahūti,,
bhari,,
bhargasvat,,
bhartṛśokaparītāṅgin,,
bhallu,,
bhavadvasu,,
bhavanigaḍanibandhavināśin,,
bhavanibandhavināśin,,
bhavabhīru,,
bhavasaṅgin,,
bhavāntaraprāptimat,,
bhavābhibhāvin,,
bhavicārin,,
bhavin,,
bhaviṣṇu,,
bhaviṣyat,,
bhaviṣyadvaktṛ,,
bhaviṣyadvādin,,
bhavīyas,,
bhaveṇu,,
bhavyamanas,,
bhavyākṛti,,
bhastrāvat,,
bhasman,,
bhasmarogin,,
bhasmaśāyin,,
bhāgahārin,,
bhāgārthin,,
bhāgin,,
bhāgīyas,,
bhāgyavat,,
bhājanavat,,
bhājayu,,
bhājin,,
bhāṇḍānusārin,,
bhātvakṣas,,
bhānavat,,
bhānumat,,
bhāmin,,
bhāratīvat,,
bhārabhārin,,
bhāravat,,
bhāravāhin,,
bhārasādhin,,
bhārahārin,,
bhārin,,
bhāryādrohin,,
bhāryārthin,,
bhāryāvat,,
bhāladarśin,,
bhāvagrāhin,,
bhāvat,,
bhāvayitavyitṛ,,
bhāvayu,,
bhāvavat,,
bhāvitabuddhi,,
bhāvitavat,,
bhāvitātman,,
bhāvin,,
bhāṣitṛ,,
bhāṣin,,
bhāsāketu,,
bhāsin,,
bhāsuramūrti,,
bhāskaravat,,
bhāsvat,,
bhikṣārthin,,
bhikṣāvat,,
bhikṣāvṛtti,,
bhikṣāśin,,
bhikṣin,,
bhikṣopajīvin,,
bhikṣopabhegin,,
bhidvat,,
bhinnagati,,
bhinnajātimat,,
bhinnajāti,,
bhinnadarśin,,
bhinnanau,,
bhinnamarman,,
bhinnamaryādin,,
bhinnaruci,,
bhinnavat,,
bhinnavarcas,,
bhinnavartman,,
bhinnavṛtti,,
bhinnasaṃhati,,
bhītacārin,,
bhītavat,,
bhītimat,,
bhīmakarman,,
bhīmagrāhavat,,
bhīmat,,
bhīmayu,,
bhīmaujas,,
bhīrubhīru,,
bhīlu,,
bhīṣugati,,
bhuktapūrvin,,
bhuktavat,,
bhujaśālin,,
bhujman,,
bhujyu,,
bhuraṇyu,,
bhurvaṇi,,
bhuvadvat,,
bhuvadvasu,,
bhu,,
bhūtabhāvin,,
bhūtavat,,
bhūtavādin,,
bhūtasaṃkrāmin,,
bhūtātman,,
bhūtimat,,
bhūmibhedin,,
bhūmimat,,
bhūmivāsin,,
bhūyasvin,,
bhūyas,,
bhūyoruci,,
bhūrikarman,,
bhūrigu,,
bhūricakṣas,,
bhūrijanman,,
bhūritejas,,
bhūridāvat,,
bhūridhāman,,
bhūridhāyas,,
bhūripāṇi,,
bhūripoṣin,,
bhūriretas,,
bhūrivarcas,,
bhūrivarpas,,
bhūri,,
bhūrṇi,,
bhūryāsuti,,
bhūryojas,,
bhūṣin,,
bhūṣṇu,,
bhṛtabhūti,,
bhṛtyabhāvin,,
bhṛtyaśālin,,
bhṛmi,,
bhṛṣṭimat,,
bhettṛ,,
bhedakārin,,
bhedadarśin,,
bhedadṛṣṭi,,
bhedin,,
bhaikṣavṛtti,,
bhaikṣārthin,,
bhaikṣāśin,,
bhaikṣopajīvin,,
bhogavat,,
bhogin,,
bhojanārthin,,
bhojayitṛ,,
bhojin,,
bhovādin,,
bhraṃśin,,
bhramat,,
bhramin,,
bhrami,,
bhraśīyas,,
bhrājajjanman,,
bhrājat,,
bhrājathumat,,
bhrājadṛṣṭi,,
bhrājasvat,,
bhrājasvin,,
bhrājin,,
bhrājiṣṇu,,
bhrājiṣmat,,
bhrātṛmat,,
bhrātṛvyajanman,,
bhrātṛvyavat,,
bhrātṛsaṃghātavat,,
bhrāntabuddhi,,
bhrāntimat,,
bhrāmarin,,
bhrāmin,,
bhrūbhedin,,
maṃhayadrayi,,
maṃhayu,,
maṃhiṣṭharāti,,
maṃhīyas,,
makarandavat,,
makṣu,,
makṣūjavas,,
makṣūyu,,
makhavat,,
makhasyu,,
magadin,,
maghavat,,
maghavan,,
maṅku,,
maṅktṛ,,
maṅgalakārin,,
maṅgalapāṇi,,
maṅgalavat,,
maṅgalavādin,,
maṅgalecchu,,
maṅgalyanāman,,
majjanvat,,
majjayitṛ,,
mañjaridhārin,,
mañjarījāladhārin,,
mañjiṣṭhāmehin,,
mañjubhāṣin,,
mañjuvādin,,
mañju,,
maṭhasthiti,,
maṇitsaru,,
maṇimat,,
maṇiratnavat,,
maṇiratnasuvarṇin,,
maṇḍalin,,
maṇḍitṛ,,
maṇḍūkagati,,
maṇḍūkaśāyin,,
matavacas,,
matavat,,
matāvalambin,,
matimat,,
matiśālin,,
mattebhakumbhapariṇāhin,,
matsaramanas,,
matsaravat,,
matsarin,,
matsin,,
matsyaghātin,,
matsyajīvat,,
matsyajīvin,,
matsyavratin,,
matsyasagandhin,,
matsyāśin,,
mathitṛ,,
madakārin,,
madapaṭu,,
madayat,,
madayitṛ,,
madasrāvin,,
madāvat,,
madin,,
madiṣṇu,,
maderaghu,,
maderu,,
madrikāmānin,,
madvat,,
madvan,,
madhuparkapāṇi,,
madhupāṇi,,
madhupraṇayavat,,
madhupsaras,,
madhumat,,
madhumehin,,
madhurakaṇṭhin,,
madhurapralāpin,,
madhurabhāṣin,,
madhurarāvin,,
madhuvacas,,
madhuvāhin,,
madhūkacchavi,,
madhūyu,,
madhyacārin,,
madhyayogin,,
madhyavayas,,
madhyavartin,,
madhyavivartin,,
madhyavivekin,,
madhyaśāyin,,
madhyāyin,,
madhyāyu,,
madhyeguru,,
madhvāśin,,
mananavat,,
manasājñāyin,,
manasin,,
manastejas,,
manasyu,,
manasvat,,
manasvin,,
manāyu,,
manāvasu,,
manīṣitavarṣin,,
manīṣin,,
manuṣyajanman,,
manuṣyaprakṛti,,
manuṣyayaśasin,,
manu,,
manogati,,
manogrāhin,,
manojavas,,
manojavin,,
manopahārin,,
manoyāyin,,
manohārin,,
manohlādin,,
mantumat,,
mantradarśin,,
mantravat,,
mantrin,,
mantharagāmin,,
manthin,,
manthivat,,
mandakarman,,
mandakārin,,
mandagati,,
mandagāmin,,
mandacārin,,
mandacetas,,
mandajaras,,
mandapreman,,
mandabuddhi,,
mandabhāgin,,
mandamati,,
mandamedhas,,
mandayu,,
mandaraśmi,,
mandaregin,,
mandavivekin,,
mandavisarpin,,
mandāgni,,
mandātman,,
mandānusārin,,
mandāsu,,
mandin,,
mandu,,
mandoṣman,,
mandrayu,,
manmathavat,,
manmathin,,
manyumat,,
manyuṣāvin,,
mamri,,
mayivasu,,
mayūkhavat,,
mayūkhin,,
mayūrapattrin,,
mayūraroman,,
mayūrasārin,,
maraṇadharman,,
marāyu,,
mariṣṇu,,
marīcin,,
marīcimat,,
marīcimālin,,
marukacchanivāsin,,
marutmat,,
marutvat,,
martavat,,
martyadharman,,
martyadharmin,,
mardin,,
marmaghātin,,
marmacchedin,,
marmabhedin,,
marmavibhedin,,
marmavedhin,,
marmānveṣin,,
marmāvaraṇabhedin,,
marmāvin,,
maryādāparvatavat,,
maryādin,,
marṣitavat,,
marṣin,,
malagrahi,,
malajñu,,
maladrāvin,,
malapaṅkin,,
malavat,,
malavadvāsas,,
malavāhin,,
malinamanas,,
malinātman,,
malīyas,,
malligandhi,,
mahat,,
mahadvat,,
mahanīyakīrti,,
mahanīyamūrti,,
maharddhimat,,
maharddhi,,
mahasvat,,
mahasvin,,
mahākambu,,
mahākarman,,
mahākīrti,,
mahāketu,,
mahājatru,,
mahāñji,,
mahātapasvin,,
mahātapas,,
mahātejas,,
mahātman,,
mahātmavat,,
mahātyāgin,,
mahādyuti,,
mahāpātakin,,
mahāpāpman,,
mahābāhu,,
mahābuddhi,,
mahābhāgin,,
mahābhisyandin,,
mahābhīśu,,
mahābhogavat,,
mahābhogin,,
mahāmati,,
mahāmanas,,
mahāmahiman,,
mahāmahimaśālin,,
mahāmānin,,
mahāmūrti,,
mahāyaśas,,
mahāratnavat,,
mahārūpin,,
mahāretas,,
mahārogin,,
mahāroman,,
mahārthavat,,
mahāvakṣas,,
mahāvaṭūrin,,
mahāvasu,,
mahāvāstu,,
mahāvibhūti,,
mahāvratavat,,
mahāvratin,,
mahāśakti,,
mahāśalkalin,,
mahāśiras,,
mahāsādhu,,
mahāsāhasin,,
mahāsiṃhagati,,
mahāsragvin,,
mahāhanu,,
mahāhastin,,
mahāhemavat,,
mahikeru,,
mahitāmbhas,,
mahin,,
mahimati,,
mahimat,,
mahiṣmat,,
mahiṣvani,,
mahi,,
mahīcārin,,
mahīyas,,
mahīyu,,
mahendrayājin,,
maheṣu,,
mahocchrāyavat,,
mahotsavin,,
mahodhas,,
mahormin,,
mahormimat,,
mahaujas,,
māṃścatu,,
māṃsagṛdhyin,,
māṃsanvat,,
māṃsabudbudavat,,
māṃsabhettṛ,,
māṃsavat,,
māṃsavarṣin,,
māṃsaśoṇitapaṅkin,,
māṃsādin,,
māṃsāśin,,
māṃsi,,
māṅgalyanāman,,
mātāpitṛsaṃjñin,,
mātṛgāmin,,
mātṛmat,,
mātrāguru,,
mātrāvat,,
mātrāśin,,
mādayitnu,,
mādayiṣṇu,,
mādin,,
mānamahat,,
mānayitṛ,,
mānavat,,
mānavikrayin,,
mānasaukas,,
mānin,,
mānotsekaparākramavyasanin,,
māyavat,,
māyāpaṭu,,
māyābalavat,,
māyāyin,,
māyāyodhin,,
māyāvat,,
māyāvin,,
māyin,,
māyopajīvin,,
māravat,,
mārin,,
mārgarodhin,,
mārgavāsas,,
mārgāvalokin,,
mārgaiṣin,,
mārjāraliṅgin,,
mālāvat,,
mālin,,
māli,,
mālyavat,,
māvat,,
māṣavāpin,,
māsikārthavat,,
māsopavāsin,,
māhācitti,,
māhāputri,,
māhināvat,,
mitajñu,,
mitadru,,
mitabhāṣitṛ,,
mitabhāṣin,,
mitamati,,
mitarāvin,,
mitarocin,,
mitavyayin,,
mitaśāyin,,
mitārthabhāṣin,,
mitradrohin,,
mitradveṣin,,
mitramahas,,
mitrayu,,
mitravat,,
mitrāyu,,
mitrāvaruṇavat,,
mitrin,,
mitreru,,
mithunayoni,,
mithunavratin,,
mithunīcārin,,
mithyātvin,,
mithyāpravādin,,
mithyābhiyogin,,
mithyābhiśaṃsin,,
mithyābhiśasti,,
mithyāvyāhārin,,
mithyāsākṣipradātṛ,,
mithyāhāravihārin,,
mimaṅkṣu,,
mimanthiṣu,,
mimardayiṣu,,
mimardiṣu,,
mimārayiṣu,,
mimikṣu,,
milat,,
miśrajāti,,
mīḍhuṣmat,,
mīnavat,,
mukuṭin,,
mukulin,,
muktacetas,,
muktadhvani,,
muktabuddhi,,
muktātman,,
muktivat,,
mukhatas,,
mukhaprekṣin,,
mukhamadhu,,
mukharogin,,
mukhavat,,
mukhaśodhin,,
mukhaśoṣin,,
mugdhabuddhi,,
mugdhamati,,
mugdhavat,,
mugdhātman,,
muñjadhārin,,
muñjavat,,
muṇḍadhārin,,
muṇḍitaśiras,,
muṇḍin,,
muthaśilin,,
mudāvat,,
mudgavat,,
mudritapāṃsu,,
munivratin,,
mumukṣu,,
mumuṣiṣu,,
mumūrṣu,,
mumokṣayiṣu,,
mumocayiṣu,,
muṣitacetas,,
muṣitasmṛti,,
muṣṭadṛṣṭi,,
musalin,,
mustu,,
muhurdīkṣin,,
muhuścārin,,
mūḍhacetas,,
mūḍhabuddhi,,
mūḍhamati,,
mūḍhamanas,,
mūḍhātman,,
mūtrakṛcchrin,,
mūtrasaṅgin,,
mūrchāvat,,
mūrtimat,,
mūrdhanvat,,
mūlavat,,
mūlavāsin,,
mūlavyasanavṛttimat,,
mūlavratin,,
mūlasthāyin,,
mūlāśin,,
mūlin,,
mūṣikākṛti,,
mūṣikādat,,
mṛgacārin,,
mṛgaṇyu,,
mṛgadharman,,
mṛgaprekṣin,,
mṛgayāvihārin,,
mṛgarājalakṣman,,
mṛgarūpin,,
mṛgalipsu,,
mṛgaśiras,,
mṛjāvat,,
mṛḍayat,,
mṛḍayāku,,
mṛḍitṛ,,
mṛṇālavat,,
mṛtamanas,,
mṛtasaṃjīvin,,
mṛtyumat,,
mṛdugāmin,,
mṛducārubhāṣin,,
mṛdupāṇi,,
mṛdubhāṣin,,
mṛṣādṛṣṭi,,
mṛṣānuśāsin,,
mṛṣābhāṣin,,
mṛṣāvādin,,
mṛṣāsākṣin,,
mṛṣṭayaśas,,
mṛṣṭavat,,
mṛṣṭāśin,,
mekhalāvat,,
mekhalāvin,,
mekhalin,,
meghadundubhirāvin,,
meghanādin,,
meghayat,,
meghavat,,
medasvat,,
medasvin,,
medin,,
medhayu,,
medhāvat,,
medhāvin,,
medhīyas,,
meruguru,,
merudṛśvan,,
merudhāman,,
mehanāvat,,
mehavat,,
mehin,,
maitrin,,
maithunadharmin,,
maithunin,,
moktṛ,,
mokṣakāṅkṣin,,
mokṣayitṛ,,
mokṣavat,,
mokṣin,,
moghakarman,,
moghahāsin,,
mocayitṛ,,
mocin,,
modayat,,
modin,,
mohayitṛ,,
mohavat,,
mohin,,
mauñjin,,
maunadhārin,,
maunavṛtti,,
maunavratadhārin,,
maunavratin,,
maunin,,
maurvīmekhalin,,
maulin,,
maulimālin,,
mrakṣakṛtvan,,
mradīyas,,
mlānamanas,,
mlāpin,,
mlāyat,,
mlāyin,,
mlāsnu,,
yakṣin,,
yakṣmin,,
yacchandas,,
yajimat,,
yajiṣṇu,,
yaji,,
yajīyas,,
yajuḥśākhin,,
yajurvedin,,
yajuṣmat,,
yajñakarman,,
yajñaketu,,
yajñatyāgin,,
yajñamanas,,
yajñamanman,,
yajñavat,,
yajñavanas,,
yajñavāhas,,
yajñavāhin,,
yajñānukāśin,,
yajñāyudhin,,
yajñin,,
yajñiyat,,
yajñotsavavat,,
yajñopavītavat,,
yajñopavītin,,
yajyu,,
yajvin,,
yatacittātman,,
yatacetas,,
yatamanyu,,
yataraśmi,,
yatākṣāsumanobuddhi,,
yatātman,,
yatkārin,,
yatkiṃcanakārin,,
yatkiṃcanapralāpin,,
yatkratu,,
yatnavat,,
yatrakāmāvasāyin,,
yatrāstamitaśāyin,,
yat,,
yathākāmavicārin,,
yathākāmārcitārthin,,
yathākāmin,,
yathākārin,,
yathākālaprabodhin,,
yathākratu,,
yathācārin,,
yathācintitānubhāvin,,
yathānivāsin,,
yathāprāpti,,
yathāprīti,,
yathābhūtadarśin,,
yathārthakṛtanāman,,
yathārthanāman,,
yathārthabhāṣin,,
yathālikhitānubhāvin,,
yathāvacanakārin,,
yathāśāstrānusārin,,
yathāsambhavin,,
yatheṣṭagati,,
yatheṣṭasaṃcārin,,
yathoktavādin,,
yathopapādin,,
yadbhūyaskārin,,
yadvidvas,,
yantṛ,,
yantravat,,
yantrin,,
yannāman,,
yamavat,,
yamasattvavat,,
yamin,,
yayin,,
yayi,,
yayu,,
yavagodhūmavat,,
yavamat,,
yavayu,,
yavaśiras,,
yavāṣin,,
yavin,,
yaviṣṭhavat,,
yavīyas,,
yaśaḥkhaṇḍin,,
yaśasin,,
yaśasyu,,
yaśasvat,,
yaśasvin,,
yaśas,,
yaśonidhi,,
yaśobhagin,,
yaśovat,,
yaṣṭimat,,
yahu,,
yācin,,
yāciṣṇu,,
yājin,,
yājyavat,,
yātayāman,,
yātumat,,
yātumāvat,,
yātṛ,,
yātrin,,
yānavat,,
yābhavat,,
yāminīvirahin,,
yāmyasattvavat,,
yāyin,,
yāvakavratin,,
yāvatkratu,,
yāvatsāmidheni,,
yāvadgṛhītin,,
yāvaddehabhāvin,,
yāvadviṃśati,,
yāvadvīryavat,,
yāvayat,,
yāvayaddveṣas,,
yiyakṣat,,
yiyakṣu,,
yiyapsu,,
yiyaviṣu,,
yiyāsu,,
yuktakarman,,
yuktakārin,,
yuktagrāvan,,
yuktamanas,,
yuktavat,,
yuktavādin,,
yuktātman,,
yuktārohin,,
yuktimat,,
yugabāhu,,
yugamātradarśin,,
yugamātraprekṣin,,
yugalin,,
yugavyāyatabāhu,,
yugmacārin,,
yugmat,,
yugmadharman,,
yugman,,
yugmalāṅgalin,,
yugmin,,
yutadveṣas,,
yuddhakārin,,
yuddhavat,,
yuddhaśālin,,
yuddhādhvan,,
yuddhānivartin,,
yuddhārthin,,
yudhvan,,
yuyujānasapti,,
yuyutsu,,
yuyudhi,,
yuyuvi,,
yuvakhalati,,
yuvajāni,,
yuvat,,
yuvanyu,,
yuvamārin,,
yuvayu,,
yuvāku,,
yuvāyu,,
yuvāvat,,
yuṣmāvat,,
yu,,
yūthacārin,,
yūpakavat,,
yūpavat,,
yūyudhi,,
yūyuvi,,
yoktṛ,,
yogakṣemavat,,
yogakṣemasamarpitṛ,,
yogagāmin,,
yogadharmin,,
yogayogin,,
yogarddhirūpavat,,
yogavat,,
yogavāhin,,
yogaśarīrin,,
yogaśāyin,,
yogasiddhimat,,
yogātman,,
yogin,,
yojayitṛ,,
yojitṛ,,
yodhin,,
yodhīyas,,
yonin,,
yonimat,,
yauvanavat,,
yauvanin,,
raṃsu,,
raktakaṇṭhin,,
raktadat,,
raktapāyin,,
raktapittin,,
raktamehin,,
raktavāsas,,
raktavāsin,,
raktaśmaśru,,
raktimat,,
rakṣasvin,,
rakṣas,,
rakṣāvat,,
rakṣitavat,,
rakṣitṛ,,
rakṣin,,
raghīyas,,
raghudru,,
raghupatmajaṃhas,,
raghupatvan,,
raghumanyu,,
raghuyat,,
raghuyāman,,
raghuvartani,,
raṅgin,,
racitapaṅkti,,
racitānati,,
rajatanābhi,,
rajasvin,,
rajīyas,,
rajograhi,,
rajoviriktamanas,,
rajjvavalambin,,
raṇakāmin,,
raṇakārin,,
raṇat,,
raṇavṛtti,,
raṇitṛ,,
raṇaiṣin,,
raṇvan,,
ratavat,,
ratārthin,,
ratimat,,
ratnadaṇḍātapatrin,,
ratnamālin,,
ratnavat,,
ratnin,,
rathaṃtarasāman,,
rathacakrākṛti,,
rathacarṣaṇi,,
rathajūti,,
rathajñānin,,
rathayāvan,,
rathayu,,
rathavat,,
rathārohin,,
rathin,,
radāvasu,,
radhitṛ,,
rantumanas,,
rantṛ,,
randhraprahārin,,
randhrānusārin,,
randhrānveṣin,,
randhrāpekṣin,,
randhropanipātin,,
rabhasvat,,
rabhīyas,,
rabhyas,,
ramaṇīyajanman,,
ramati,,
rambhin,,
ramyasānu,,
rayavat,,
rayimat,,
rayivat,,
rayi,,
rayīyat,,
rayīṣin,,
rarāvan,,
ravitṛ,,
raśmipati,,
raśmimat,,
raśmimālin,,
raśmivat,,
raśmīvat,,
rasabhedin,,
rasayitṛ,,
rasavat,,
rasahārin,,
rasāyanin,,
rasitavat,,
rasitāśin,,
rasitṛ,,
rasin,,
rasollāsin,,
rahaḥśuci,,
rahasyadhārin,,
rahasyākhyāyin,,
rahomānin,,
rāgagrahavat,,
rāgabandhin,,
rāgavat,,
rāgāru,,
rāgin,,
rāṅkavakūṭaśāyin,,
rāṅkavājinaśāyin,,
rājakarmin,,
rājakilbiṣin,,
rājakṛtvan,,
rājagāmin,,
rājanyavat,,
rājanvat,,
rājabījin,,
rājayakṣmin,,
rājavat,,
rājavarcasin,,
rājasūyayājin,,
rājimat,,
rājīmat,,
rājīvapṛśni,,
rājyasthāyin,,
rātamanas,,
rātin,,
rāti,,
rātrivihārin,,
rādhāvat,,
rādhāvedhin,,
rāyaspoṣadāvan,,
rāyaspoṣavani,,
rāvan,,
rāvin,,
rāṣṭradipsu,,
rāṣṭrin,,
riktapāṇi,,
riktamati,,
rikthabhāgin,,
rikthahārin,,
rikthin,,
riṅgin,,
ripughātin,,
ripunipātin,,
ripumardin,,
ripurakṣin,,
ripu,,
ripsu,,
riraṃsu,,
rirakṣiṣu,,
riramayiṣu,,
riśādas,,
riṣaṇyu,,
rukmat,,
rukmavakṣas,,
rukmavat,,
rukmin,,
ruṅmat,,
rucitavat,,
rucidhāman,,
ruciramūrti,,
ruci,,
rujāvat,,
rujāvin,,
rudrajāpin,,
rudravat,,
rudrahūti,,
rudrahotṛ,,
rudrādhyāyin,,
rudrāri,,
rudhirodgārin,,
rurukṣaṇi,,
rurutsu,,
rurudiṣu,,
ruvaṇyu,,
ruśatpaśu,,
ruśadūrmi,,
ruśadgu,,
ruṣṭimat,,
rūkṣavādin,,
rūkṣavāśin,,
rūkṣābhibhāṣin,,
rūḍhagranthi,,
rūḍhamanyu,,
rūḍhaśmaśru,,
rūpadhārin,,
rūpanāśin,,
rūpayauvanavat,,
rūpayauvanotsāhin,,
rūparasagandhasparśavat,,
rūparasasparśavat,,
rūpavat,,
rūpaśālin,,
rūpasaubhāgyavat,,
rūpasparśavat,,
rūpasvin,,
rūpin,,
rūpopajīvin,,
reku,,
rekṇasvat,,
rekhin,,
retaḥpātin,,
retasvat,,
retasvin,,
retin,,
retodhas,,
repas,,
rephavat,,
rephas,,
rephin,,
rebhin,,
rerivan,,
rerihat,,
revat,,
reśayadārin,,
reṣin,,
reṣṭṛ,,
rogahārin,,
rogin,,
rocakin,,
rocanāvat,,
rociṣṇu,,
rociṣmat,,
roḍhṛ,,
roddhṛ,,
rodhasvat,,
rodhin,,
ropayitṛ,,
ropayiṣṇu,,
ropin,,
romaṇvat,,
romavat,,
romavāhin,,
romaharṣin,,
romāñcin,,
romāñcodgatarājimat,,
rorudāvat,,
roṣin,,
roṣṭṛ,,
rohat,,
rohitavat,,
rohitāñji,,
rohin,,
raudrakarman,,
raudramanas,,
lakuṭin,,
lakṣaṇavat,,
lakṣaṇin,,
lakṣavedhin,,
lakṣin,,
lakṣmīpraṇayin,,
lakṣmīvat,,
lakṣyavedhin,,
laguḍin,,
laghīyas,,
laghugati,,
laghucetas,,
laghudrāvin,,
laghupākin,,
laghumanas,,
laghuvāsas,,
laghuvṛtti,,
laghuvedhin,,
laghuhastavat,,
laghvāśin,,
laṅkāsthāyin,,
laṅgin,,
lajjākārin,,
lajjākṛti,,
lajjāpayitṛ,,
lajjālu,,
lajjāvat,,
latāgahanavat,,
latāvalayavat,,
lapsudin,,
labdhakīrti,,
labdhacetas,,
labdhajanman,,
labdhanāman,,
labdhavat,,
labdhasiddhi,,
labdhṛ,,
lambin,,
lambhitakānti,,
lalanāvarūthin,,
lalāmavat,,
lavaṇamehin,,
lavaṇavāri,,
lavavat,,
lavi,,
lavepsu,,
lasadaṃśu,,
las,,
lāghavakārin,,
lāṅgalāpakarṣin,,
lāṅgalin,,
lāṅgūlin,,
lāpin,,
lābhavat,,
lābhin,,
lālavat,,
lālāsrāvin,,
lālin,,
lāvaṇyavat,,
lāsin,,
liṅgadhārin,,
liṅgamūrti,,
liṅgavat,,
liṅgavardhin,,
liṅgavṛtti,,
liṅgin,,
lindu,,
liptavat,,
lipsu,,
līnāli,,
līlāvat,,
luṭhat,,
lūnabāhu,,
lekhasaṃdeśahārin,,
lekhahārin,,
lekhin,,
lepin,,
leśin,,
lehin,,
lokakṛtnu,,
lokacārin,,
lokapravāhin,,
lokabhāvin,,
lokavat,,
lokavādhin,,
lokavindu,,
lokavirodhin,,
lokavisargin,,
lokasaṃgrāhin,,
lokasani,,
lokasākṣin,,
lokasīmātivartin,,
lokasīmānurodhin,,
lokābhibhāvin,,
lokālokin,,
lokin,,
lokopakārin,,
lopin,,
loptṛ,,
lobhanīyatamākṛti,,
lobhātman,,
lobhābhipātin,,
lobhitavat,,
lobhin,,
lomapravāhin,,
lomavat,,
lomavāhin,,
lomaśasakthi,,
lomaharṣin,,
lomahārin,,
lolatkarāṅguli,,
lolūyāvat,,
loṣṭamardin,,
loṣṭavat,,
lohacarmavat,,
lohadrāvin,,
lohavat,,
lohitapāṃsu,,
lohitapittin,,
lohitavat,,
lohitavāsas,,
laulyavat,,
vaṃśakīrti,,
vaṃśadhārin,,
vaṃśavardhin,,
vaṃśin,,
vaktumanas,,
vaktu,,
vaktṛ,,
vaktrabhedin,,
vaktrarogin,,
vakragati,,
vakratodin,,
vakradṛṣṭi,,
vakrabuddhi,,
vakramati,,
vakrin,,
vakri,,
vakṣaṇi,,
vagnu,,
vaṅku,,
vacaknu,,
vacanakārin,,
vacanagrāhin,,
vacanapaṭu,,
vacanāvat,,
vacasyu,,
vacasvin,,
vacas,,
vajrakapāṭamat,,
vajradehin,,
vajrapāṇin,,
vajrapāṇi,,
vajrabāhu,,
vajrākṛti,,
vajrāśani,,
vajrin,,
vañcanavat,,
vañcayitṛ,,
vaṭin,,
vaṭūrin,,
vaḍabin,,
vatsajānu,,
vatsajñu,,
vatsapracetas,,
vatsavat,,
vatsin,,
vadāvadin,,
vaditṛ,,
vadman,,
vadhakāṅkṣin,,
vadhasnu,,
vadhin,,
vadhūmat,,
vadhūyu,,
vadhaiṣin,,
vadhyat,,
vadhri,,
vanacārin,,
vanamālin,,
vanayitṛ,,
vanargu,,
vanavartin,,
vanavāsin,,
vanasaṃnivāsin,,
vanasthāyin,,
vanādhivāsin,,
vanāntaracārin,,
vanāntavāsin,,
vanālayajīvin,,
vanitṛ,,
vanin,,
vanīyas,,
vanīvan,,
vanaukas,,
vandāru,,
vanditṛ,,
vandin,,
vandhurāyu,,
vanyavṛtti,,
vapāvat,,
vapuṣmat,,
vamin,,
vayasvat,,
vayākin,,
vayāvat,,
vayiyu,,
vayunavat,,
vayodhas,,
varadātṛ,,
varadāśvas,,
vararuci,,
varavarṇin,,
varākāṅkṣin,,
varārthin,,
varāhadat,,
varāhayu,,
varitṛ,,
varītṛ,,
varīyas,,
varuṇagṛhapati,,
varuṇatejas,,
varuṇaśeṣas,,
varutṛ,,
varūtṛ,,
varūthin,,
vareṇyakratu,,
vareṣudhi,,
vargapraśaṃsin,,
vargin,,
varcasvat,,
varcasvin,,
varcodhas,,
varcobhedin,,
varjayitṛ,,
varjin,,
varṇajyāyas,,
varṇavat,,
varṇāśramavat,,
varṇāśramin,,
varṇitavat,,
varṇin,,
vartanārthin,,
vartitajanman,,
vartitavat,,
vartin,,
vartiṣṇu,,
vartulākṛti,,
vartṛ,,
vartsyat,,
vardhayitṛ,,
vardhin,,
vardhiṣṇu,,
varpaṇīti,,
varmaṇvat,,
varmavat,,
varmin,,
varvi,,
varṣat,,
varṣaprāvan,,
varṣamedas,,
varṣartumāsapakṣāhovelādeśapradeśavat,,
varṣaśatin,,
varṣasahasrin,,
varṣitṛ,,
varṣin,,
varṣīyas,,
varṣu,,
varṣṭṛ,,
varṣman,,
varṣmavat,,
valagin,,
valayavat,,
valayitṛ,,
valayin,,
valayīkṛtāhi,,
valavat,,
valimat,,
valīmat,,
valkalavat,,
valkalājinavāsas,,
valkalin,,
valkavat,,
valgu,,
vallimat,,
vavrivāsas,,
vaśagāmin,,
vaśavartin,,
vaśāmat,,
vaśitṛ,,
vaśin,,
vaśi,,
vaśyakārin,,
vaśyātman,,
vaṣṭi,,
vasati,,
vasanavat,,
vasāpāvan,,
vasāmehin,,
vasitṛ,,
vasīyas,,
vasudāvan,,
vasudhiti,,
vasunīti,,
vasupātṛ,,
vasumat,,
vasuvat,,
vasuvani,,
vasuvan,,
vasuśravas,,
vasūyu,,
vastudharmin,,
vastupāṇi,,
vastuvat,,
vastṛ,,
vastradhāvin,,
vastramathi,,
vastrayugin,,
vastravat,,
vasyas,,
vaharāvin,,
vahin,,
vahīyas,,
vahnimat,,
vahnivat,,
vākpaṭu,,
vākpravadiṣu,,
vākprasārin,,
vāgātman,,
vāgāru,,
vāgurāvṛtti,,
vāgghastavat,,
vāgmin,,
vāgvat,,
vāgvin,,
vāṅmūrti,,
vācayitṛ,,
vācin,,
vācoyuktipaṭu,,
vācoyukti,,
vājakarman,,
vājadāvan,,
vājadraviṇas,,
vājapeyin,,
vājapeśas,,
vājapramahas,,
vājabharman,,
vājayu,,
vājavat,,
vājaśravas,,
vājasani,,
vājasaneyin,,
vājinīvat,,
vājinīvasu,,
vājin,,
vājimat,,
vāñchin,,
vāṇavat,,
vāṇin,,
vāṇīvat,,
vātakin,,
vātagulmavat,,
vātagulmin,,
vātatejas,,
vātadhrājigati,,
vātabhrajas,,
vātaraṃhas,,
vātarogin,,
vātavat,,
vātavikārin,,
vātaśoṇitin,,
vātātman,,
vātānulomin,,
vātāpi,,
vātāvat,,
vāteṣu,,
vātodarin,,
vātsalyabandhin,,
vādacañcu,,
vāditravat,,
vādin,,
vādi,,
vāntavṛṣṭi,,
vāntāśin,,
vāpin,,
vāmakirīṭin,,
vāmanatanu,,
vāmanarūpin,,
vāmanākṛti,,
vāmanīti,,
vāmabhāṣin,,
vāmin,,
vāmaikavṛtti,,
vāyin,,
vāyugati,,
vāyutejas,,
vāyumat,,
vāyuvegin,,
vāyu,,
vāravat,,
vārāvaskandin,,
vāricārin,,
vāriti,,
vāripathopajīvin,,
vārimat,,
vārivāhin,,
vārttānujīvin,,
vārttāhārin,,
vārdālīvat,,
vāryupajīvin,,
vārṣṇeyasārathi,,
vāvahi,,
vāśin,,
vāśīmat,,
vāsin,,
vāsiṣṭhāyani,,
vāhas,,
vāhin,,
viṃśatyaṅguli,,
viṃśin,,
vikaṭamūrti,,
vikaṭākṛti,,
vikatthin,,
vikampin,,
vikarālin,,
vikarman,,
vikarmin,,
vikarṣin,,
vikalpavat,,
vikalpin,,
vikasat,,
vikasitakumudendīvarālokin,,
vikāṅkṣin,,
vikāravat,,
vikārin,,
vikāśin,,
vikāsin,,
vikukṣi,,
vikujaravīndu,,
vikṛtabuddhi,,
vikṛtaveṣin,,
vikṛtākṛti,,
vikṛtimat,,
viketu,,
vikramin,,
vikledīyas,,
vikṣepaśaktimat,,
vikṣobhin,,
vikhaṇḍin,,
vigatamanyu,,
vigatāsu,,
vigandhi,,
vigarhin,,
vigalitanīvi,,
vigāḍhṛ,,
vigūḍhacārin,,
vigrahavat,,
vigrahin,,
vigrahecchu,,
vighaṭṭin,,
vighanin,,
vighasāśin,,
vighātin,,
vighnakartṛ,,
vighnakārin,,
vighnavat,,
vighnahārin,,
vighnitakarman,,
vicakṣaṇacanasitavat,,
vicakṣaṇavat,,
vicarman,,
vicarṣaṇi,,
vicākaśat,,
vicāravat,,
vicārin,,
vicitravarṣin,,
vicintitṛ,,
vicūlin,,
vicetas,,
vicetṛ,,
viceṣṭitṛ,,
vicchandas,,
vicchinnabalikarman,,
vicchedin,,
vijayapratyarthin,,
vijayavat,,
vijayārthin,,
vijayin,,
vijāti,,
vijānat,,
vijāni,,
vijāpayitṛ,,
vijāman,,
vijāmi,,
vijāvan,,
vijigīṣāvat,,
vijigīṣin,,
vijigīṣu,,
vijigrāhayiṣu,,
vijighāṃsu,,
vijighṛkṣu,,
vijijñāsu,,
vijitavat,,
vijitin,,
vijitṛ,,
vijihīrṣu,,
vijṛmbhin,,
vijoṣas,,
vijñātṛ,,
vijñānavat,,
vijñānavādin,,
vijñānāstitvamātravādin,,
vijñānin,,
vijñāpin,,
vijñābhimānin,,
vijñīpsu,,
viṭapin,,
viḍambin,,
viḍbhedin,,
viḍbhojin,,
vitatadhanvan,,
vitathavādin,,
vitathābhiniveśavat,,
vitanitṛ,,
vitamas,,
vitarkavat,,
vitānavat,,
vittajāni,,
vittavat,,
vittavivardhin,,
vidadaṅkṣu,,
vidadvasu,,
vidāyin,,
vidārin,,
vidāhavat,,
vidāhin,,
vidīdhiti,,
vidīptatejas,,
viduṣmat,,
vidu,,
videśavāsin,,
videśin,,
vidmanāpas,,
vidyamānamati,,
vidyācuñcu,,
vidyādātṛ,,
vidyānupālin,,
vidyānusevin,,
vidyābhimānavat,,
vidyābhīpsin,,
vidyārthin,,
vidyāvat,,
vidyāvedavratavat,,
vidyutvat,,
vidyutsani,,
vidyunmaṇḍalavat,,
vidyunmat,,
vidyunmahas,,
vidyunmālin,,
vidyotin,,
vidraṣṭṛ,,
vidrāvin,,
vidvan,,
vidviṣat,,
vidveṣas,,
vidveṣin,,
vidveṣṭṛ,,
vidhanvan,,
vidharman,,
vidharmin,,
vidhāyin,,
vidhārayitṛ,,
vidhārin,,
vidhitsu,,
vidhu,,
vidhūtapāpman,,
vidheyavartin,,
vidheyātman,,
vidhvaṃsin,,
vinaṃśin,,
vinadin,,
vinayagrāhin,,
vinayapramāthin,,
vinayayogin,,
vinayavat,,
vinardin,,
vinaṣṭatejas,,
vinaṣṭadṛṣṭi,,
vinaṣṭopajīvin,,
vinādin,,
vināśadharman,,
vināśayitṛ,,
vināśahetu,,
vināśin,,
vinighnat,,
vinipātaśaṃsin,,
vinibarhin,,
viniyatacetas,,
viniyuktātman,,
viniyoktṛ,,
vinirodhin,,
vinirmitsu,,
viniryat,,
viniveśin,,
viniścāyin,,
vinihitadṛṣṭi,,
vinihitamanas,,
vinihitātman,,
vinītātman,,
vinīvi,,
vinodavat,,
vinodāpapādin,,
vinodin,,
vindatvat,,
vindu,,
vindhyavāsin,,
vipakṣas,,
vipaṇāpaṇavat,,
vipaṇijīvin,,
vipatitaloman,,
vipatman,,
vipathagāmin,,
vipathi,,
vipannadīdhiti,,
vipanyu,,
vipayas,,
vipariṇāmin,,
viparītakartṛ,,
viparītakārin,,
viparītagati,,
viparītacetas,,
viparītabuddhi,,
viparītamati,,
viparītavṛtti,,
viparvan,,
vipalāyin,,
vipaśu,,
vipaści,,
vipākin,,
vipāṇḍu,,
vipāpman,,
vipāśin,,
vipītavat,,
vipulabuddhi,,
vipulamati,,
vipulārthabhogavat,,
vipulaujas,,
vipṛkvat,,
viprakartṛ,,
viprakārin,,
vipracitti,,
vipratipannabuddhi,,
vipratisāravat,,
vipratisārin,,
vipramanas,,
vipramanman,,
vipramāthin,,
vipramādin,,
viprayogin,,
vipralabdhṛ,,
vipralambhin,,
vipralāpin,,
vipralopin,,
vipravacas,,
vipravāhas,,
vipriyakārin,,
vipruṣmat,,
viprekṣitṛ,,
viplavin,,
viplāvin,,
viplutabhāṣin,,
viphalībhaviṣṇu,,
vibandhu,,
vibāṇadhi,,
vibādhavat,,
vibāhu,,
vibibhitsu,,
vibuddhi,,
vibudhamati,,
vibubhūṣu,,
vibobhuvat,,
vibhaktātman,,
vibhaktṛ,,
vibhaṅgin,,
vibhavavat,,
vibhavin,,
vibhasman,,
vibhāgavat,,
vibhāgecchu,,
vibhājayitṛ,,
vibhānu,,
vibhāvasu,,
vibhāvin,,
vibhāsvat,,
vibhindu,,
vibhinnadarśin,,
vibhukratu,,
vibhumat,,
vibhūtamanas,,
vibhūtarāti,,
vibhūtimat,,
vibhūti,,
vibhūdāvan,,
vibhūmat,,
vibhūvasu,,
vibhūvas,,
vibhūṣaṇavat,,
vibhūṣaṇodbhāsin,,
vibhūṣin,,
vibhūṣṇu,,
vibhṛtvan,,
vibhettṛ,,
vibhedin,,
vibhraṃśin,,
vibhramin,,
vibhrāntamanas,,
vibhvan,,
vimati,,
vimatsarin,,
vimanas,,
vimanyu,,
vimardin,,
vimarśavat,,
vimarśavādin,,
vimarśin,,
vimarṣin,,
vimalakirīṭahāravat,,
vimalamati,,
vimalātman,,
vimahat,,
vimahas,,
vimāthin,,
vimānacārin,,
vimārgagāmin,,
vimārgadṛṣṭi,,
vimukhin,,
vimūḍhacetas,,
vimūḍhātman,,
vimṛtyu,,
vimṛśyakārin,,
vimokṣin,,
vimohin,,
vimauli,,
viyat,,
viyadvyāpin,,
viyantṛ,,
viyogin,,
viyotṛ,,
viyonijanman,,
viyoni,,
viraktaprakṛti,,
viraktimat,,
virakṣas,,
viracitokti,,
virajastamas,,
virajas,,
virapśin,,
viralabhakti,,
viralāṅguli,,
viralātapacohavi,,
viraśmi,,
virahin,,
virāgavat,,
virāgin,,
virājin,,
virāddhṛ,,
virāvin,,
virukmat,,
viruddhamatikārin,,
virecin,,
virepas,,
virephas,,
virokin,,
virociṣṇu,,
viroddhṛ,,
virodhavat,,
virodhin,,
virohin,,
vilaṅghin,,
vilambin,,
vilasanmarīci,,
vilātṛ,,
vilāpin,,
vilāṣin,,
vilāsavat,,
vilāsin,,
vilekhin,,
vilepanin,,
vilepin,,
vilokin,,
viloṭhin,,
vilopin,,
viloman,,
vivaktṛ,,
vivakvat,,
vivakṣu,,
vivañciṣu,,
vivatsu,,
vivat,,
vivandiṣu,,
vivariṣu,,
vivarcas,,
vivartin,,
vivardhayiṣu,,
vivardhin,,
vivarman,,
vivavri,,
vivasvat,,
vivācas,,
vivādabhīru,,
vivādin,,
vivārayiṣu,,
vivārin,,
vivālayiṣu,,
vivāsanavat,,
vivāsas,,
vivāhecchu,,
viviktacetas,,
viviktadṛṣṭi,,
viviktasevin,,
vivikvas,,
vivikṣu,,
vivici,,
vivitsu,,
vividiṣu,,
vividhātman,,
vivṛtavat,,
vivṛtsitṛ,,
vivṛdhat,,
vivekadṛśvan,,
vivekaparipanthin,,
vivekavat,,
vivekin,,
vivektṛ,,
vivedayiṣu,,
vivevidat,,
vivyādhin,,
viśaṅkin,,
viśadātman,,
viśayavat,,
viśayin,,
viśarāru,,
viśāyin,,
viśikṣu,,
viśiras,,
viśiśāsiṣat,,
viśiśāsiṣu,,
viśiśramiṣu,,
viśīrṇapaṅkti,,
viśīrṇamūrti,,
viśuddhapārṣṇi,,
viśuddhaprakṛti,,
viśuddhamanas,,
viśuddhātman,,
viśuddhimat,,
viśeṣaṇavat,,
viśeṣavat,,
viśeṣavikramaruci,,
viśeṣaśālin,,
viśeṣārthin,,
viśeṣin,,
viśodhin,,
viśoṣin,,
viśaujas,,
viśpalāvasu,,
viśrabdhapralāpin,,
viśrambhavat,,
viśrambhin,,
viśrayin,,
viśravas,,
viśrāntimat,,
viśrutavat,,
viśleṣitavakṣas,,
viśleṣin,,
viśvakadru,,
viśvakarman,,
viśvakṛṣṭi,,
viśvakṣiti,,
viśvagūrti,,
viśvacakṣas,,
viśvacarṣaṇi,,
viśvajanīnavṛtti,,
viśvajanman,,
viśvajayin,,
viśvatanu,,
viśvataspāṇi,,
viśvatūrti,,
viśvatodāvan,,
viśvatobāhu,,
viśvadāni,,
viśvadāvan,,
viśvadevavat,,
viśvadevyāvat,,
viśvadohas,,
viśvadhātṛ,,
viśvadhāyas,,
viśvadhārin,,
viśvapeśas,,
viśvapsu,,
viśvabharas,,
viśvabhānu,,
viśvabhojas,,
viśvamanas,,
viśvamahas,,
viśvamūrtimat,,
viśvamūrti,,
viśvarūpavat,,
viśvarūpin,,
viśvavat,,
viśvavani,,
viśvavapari,,
viśvavayas,,
viśvavijayin,,
viśvavidvas,,
viśvavisārin,,
viśvavedas,,
viśvavyacas,,
viśvavyāpin,,
viśvaśardhas,,
viśvaśuci,,
viśvaśruṣṭi,,
viśvasākṣin,,
viśvastaghātin,,
viśvāpsu,,
viśvāyupoṣas,,
viśvāyuvepas,,
viśvāyu,,
viśvāvat,,
viśvāvasu,,
viśvāsaghātin,,
viśvāsajanman,,
viśvāsin,,
viśvekṣitṛ,,
viśvaujas,,
viṣaghātin,,
viṣaṅgin,,
viṣaṇṇacetas,,
viṣaṇṇamanas,,
viṣaṇṇātman,,
viṣadāyin,,
viṣanāśin,,
viṣamadṛṣṭi,,
viṣamadhātu,,
viṣamaśāyin,,
viṣayavat,,
viṣayavartin,,
viṣayavāsin,,
viṣayāsaktamanas,,
viṣayin,,
viṣayaiṣin,,
viṣavat,,
viṣavimuktātman,,
viṣahantṛ,,
viṣāṇavat,,
viṣāṇin,,
viṣādavat,,
viṣādin,,
viṣāpavādin,,
viṣāyin,,
viṣālu,,
viṣāsahi,,
viṣin,,
viṣuvat,,
viṣkanttṛ,,
viṣkambhavat,,
viṣkambhin,,
viṣṭapahārin,,
viṣṭambhayiṣu,,
viṣṭambhin,,
viṣṭārin,,
viṣṭīmin,,
viṣṭhāvrājin,,
viṣṇumat,,
viṣṇuvat,,
viṣpardhas,,
viṣyandin,,
viṣvagāyat,,
viṣvaggati,,
viṣvaggamanavat,,
visaṃcārin,,
visaṃdhi,,
visaṃvādin,,
visaṃsarpin,,
visargin,,
visarjayitṛ,,
visarpin,,
visārathi,,
visārin,,
visismāpayiṣu,,
visismārayiṣu,,
visṛṣṭabhūmi,,
visṛṣṭarāti,,
visṛṣṭavat,,
visṛṣṭātman,,
viskanttṛ,,
vistarabhīru,,
vistārin,,
vismayakārin,,
vismayavat,,
vismayaviṣādavat,,
vismayin,,
vismāpin,,
vismṛtavat,,
visyandin,,
visraṃsin,,
visragandhi,,
visrastacetas,,
vihantṛ,,
vihāyasāgāmin,,
vihāyas,,
vihāravat,,
vihārin,,
vihitavat,,
vihitavṛtti,,
vihitāgas,,
vihitāñjali,,
vihīnayoni,,
vihutmat,,
vihradin,,
vihvalacetas,,
vihvalatanu,,
vihvalātman,,
vīkṣitṛ,,
vīḍudveṣas,,
vīḍupatman,,
vīḍupavi,,
vīḍupāṇi,,
vīḍuharas,,
vīḍuharṣin,,
vīṇāpaṇavatūṇavat,,
vīṇāvat,,
vīṇin,,
vītatrasareṇu,,
vītabhīti,,
vītamanyu,,
vītavat,,
vītaviruddhabuddhi,,
vītārci,,
vītirādhas,,
vīracakṣuṣmat,,
vīramānin,,
vīrayu,,
vīravat,,
vīraśāyin,,
vīrasthāyin,,
vīriṇavat,,
vīryavat,,
vīryavāhin,,
vīryaśālin,,
vīryasattvavat,,
vīryāvat,,
vṛkakarman,,
vṛkadvaras,,
vṛkaprekṣin,,
vṛkāyu,,
vṛkṇavat,,
vṛkṣaropin,,
vṛkṣasthāyin,,
vṛjinavartani,,
vṛttavat,,
vṛttaśālin,,
vṛttaślāghin,,
vṛttasādin,,
vṛttasvādhyāyavat,,
vṛttānuvartin,,
vṛttānusārin,,
vṛttāntadarśin,,
vṛttidātṛ,,
vṛttimat,,
vṛttihantṛ,,
vṛttaujas,,
vṛthāmati,,
vṛthāliṅgin,,
vṛthāvādin,,
vṛddhadvijarūpin,,
vṛddhanābhi,,
vṛddhamahas,,
vṛddhavayas,,
vṛddhaśavas,,
vṛddhaśīlin,,
vṛddhaśravas,,
vṛddhasevin,,
vṛddhāyu,,
vṛddhimat,,
vṛddhopasevin,,
vṛddhyājīvin,,
vṛddhyupajīvin,,
vṛndin,,
vṛndīyas,,
vṛṣakarman,,
vṛṣakratu,,
vṛṣakhādi,,
vṛṣajūti,,
vṛṣaṇvat,,
vṛṣaṇvasu,,
vṛṣanādin,,
vṛṣanābhi,,
vṛṣaparvan,,
vṛṣapāṇi,,
vṛṣaprabharman,,
vṛṣaprayāvan,,
vṛṣapsu,,
vṛṣamaṇas,,
vṛṣamaṇyu,,
vṛṣayu,,
vṛṣaraśmi,,
vṛṣākṛti,,
vṛṣṭavat,,
vṛṣṭidyāvan,,
vṛṣṭimat,,
vṛṣṭivani,,
vṛṣṭisani,,
vṛṣṇi,,
vṛṣṇyāvat,,
vegavat,,
vegavāhin,,
vegavirodhin,,
vegin,,
vejanavat,,
veṭāvat,,
veṇavin,,
veṇikavāhin,,
veṇudārin,,
veṇumat,,
vetanajīvin,,
vetanin,,
vetasamālin,,
vetasavṛtti,,
vetasvat,,
vettṛ,,
vetravat,,
vetrin,,
vedatattvārthavidvas,,
vedadarśin,,
vedanāvat,,
vedapāṭhin,,
vedayitṛ,,
vedavat,,
vedavādin,,
vedavikrayin,,
vedavidvas,,
vedavedāṅgavigrahin,,
vedavratin,,
vedasaṃnyāsin,,
vedāgnyutsādin,,
vedādhyayin,,
vedādhyāyin,,
vedāntavādin,,
vedin,,
vedīyas,,
veddhṛ,,
vedhas,,
vedhin,,
vepathumat,,
vepathu,,
veśin,,
veṣadhārin,,
veṣavat,,
veṣaśri,,
veṣṭitaśiras,,
veṣṭitin,,
vaikṛtavat,,
vaijayin,,
vaiḍūryakānti,,
vaiḍūryamaṇivat,,
vaiṇavin,,
vaiṇu,,
vaidagdhyavat,,
vaideśikanivāsin,,
vaidyamānin,,
vaipraciti,,
vairakārin,,
vairakhaṇḍin,,
vairarakṣin,,
vairavat,,
vairāgin,,
vairānubandhin,,
vairin,,
vailakṣyavat,,
vaiśeṣin,,
vaiśyadhvaṃsin,,
vaiśvānaravat,,
voḍhṛ,,
vyaktarūpin,,
vyaktalakṣman,,
vyagramanas,,
vyaṅgārin,,
vyaṅgin,,
vyacasvat,,
vyañcanavat,,
vyañjijiṣu,,
vyatikaravat,,
vyatikramin,,
vyatirekin,,
vyatilaṅghin,,
vyatiṣaṅgavat,,
vyatiṣaṅgin,,
vyathayitṛ,,
vyathāvat,,
vyadhvan,,
vyapagataraśmivat,,
vyapadeśavat,,
vyapadeśin,,
vyapadeṣṭṛ,,
vyabhicāravat,,
vyabhicārin,,
vyayavat,,
vyayaśālin,,
vyayasahiṣṇu,,
vyayin,,
vyarthanāman,,
vyavagaḍhavat,,
vyavadhānavat,,
vyavasāyabuddhi,,
vyavasāyavat,,
vyavasāyavartin,,
vyavasāyin,,
vyavasthātivartin,,
vyavasthātṛ,,
vyavahartṛ,,
vyavahāravat,,
vyavahārin,,
vyavānin,,
vyavāyin,,
vyavedhātṛ,,
vyasanaprahārin,,
vyasanarakṣin,,
vyasanavat,,
vyasanin,,
vyasi,,
vyastavṛtti,,
vyākulacetas,,
vyākulamanas,,
vyākulitamanas,,
vyākulitāntarātman,,
vyākulitin,,
vyākṣiptamanas,,
vyākṣepin,,
vyāghātin,,
vyācikhyāsu,,
vyādhidharmin,,
vyādhin,,
vyādhihantṛ,,
vyānaśin,,
vyānaśi,,
vyāpāditavat,,
vyāpārakārin,,
vyāpārarodhin,,
vyāpāravat,,
vyāpārin,,
vyāpin,,
vyāptikarman,,
vyāptimat,,
vyāmohin,,
vyāyatapātin,,
vyāyāmavat,,
vyāyāmin,,
vyālambin,,
vyālavat,,
vyālolakuntalakalāpavat,,
vyāvivṛtsu,,
vyāvṛttagati,,
vyāvṛttacetas,,
vyāvṛttaśiras,,
vyāvṛttātman,,
vyāsaṅgin,,
vyāsajyavṛtti,,
vyāsasamāsin,,
vyāhārin,,
vyucchettṛ,,
vyutkrāntarajas,,
vyutkrāntavartman,,
vyutpattimat,,
vyutpitsu,,
vyuṣṭimat,,
vyūḍhacchandas,,
vyūḍhajānu,,
vyūḍhoras,,
vyūḍhoru,,
vyūłhacchandas,,
vyenas,,
vyokas,,
vyomagāmin,,
vyomacārin,,
vyoman,,
vyomavyāpin,,
vyomaikāntavihārin,,
vrajin,,
vrajyāvat,,
vraṇakārin,,
vraṇavat,,
vraṇaśoṣin,,
vraṇin,,
vratacārin,,
vratadaṇḍin,,
vratadhārin,,
vrataruci,,
vratavat,,
vratin,,
vrandin,,
vrīḍāvat,,
vrīhin,,
vrīhimat,,
vrīhivāpin,,
śaṃgu,,
śaṃtanu,,
śaṃtāti,,
śaṃyudhāyas,,
śaṃyu,,
śaṃvat,,
śaṃsin,,
śaṃsivas,,
śakaṭin,,
śakalavat,,
śakalyeṣin,,
śaktidvayavat,,
śaktin,,
śaktimat,,
śaktīvat,,
śaknu,,
śakratejas,,
śaṅkitadṛṣṭi,,
śaṅkitamanas,,
śaṅkin,,
śaṅkukarṇin,,
śaṅkumat,,
śaṅkuśiras,,
śaṅkhacakrapāṇi,,
śaṅkhavat,,
śaṅkhāntaradyotin,,
śaṅkhin,,
śacīvat,,
śacīvasu,,
śaṭhabuddhi,,
śaṭhamati,,
śatakoṭi,,
śatakratu,,
śatagu,,
śatagvin,,
śataghnin,,
śataghnīpāśaśaktimat,,
śatacarman,,
śatajīvin,,
śatatanti,,
śatatantu,,
śatatejas,,
śatadat,,
śatadātu,,
śatadāvan,,
śatadvasu,,
śatadhanvan,,
śatapayas,,
śataparvan,,
śatapātin,,
śatabāhu,,
śatabuddhi,,
śatabhṛṣṭi,,
śatamanyu,,
śatamūti,,
śatayāman,,
śatayāyin,,
śatayoni,,
śatarcas,,
śatavat,,
śatavarṣasahasrin,,
śatavarṣin,,
śatavarṣman,,
śataśakti,,
śatasani,,
śatasahasrāṃśu,,
śatasvin,,
śatahali,,
śatātman,,
śatāyu,,
śatāvat,,
śatāśri,,
śatikavṛddhi,,
śatin,,
śateṣudhi,,
śatoti,,
śatrusevin,,
śadru,,
śanairmehin,,
śanti,,
śantu,,
śaptavat,,
śaphavat,,
śabalagu,,
śabdakarman,,
śabdakārin,,
śabdagati,,
śabdapātin,,
śabdabāṇāgravedhin,,
śabdabhedin,,
śabdavat,,
śabdavedhin,,
śabdādidharmin,,
śabdādimat,,
śabdārthagarbhavat,,
śabdin,,
śamavat,,
śamavyasanin,,
śamitaruci,,
śamitṛ,,
śamin,,
śamīvat,,
śamepsu,,
śambhu,,
śamyāparāsin,,
śayālu,,
śayitavat,,
śayu,,
śaraṇārthin,,
śaraṇaiṣin,,
śaradvat,,
śaramarīcimat,,
śaravat,,
śaravarṣin,,
śarāru,,
śarāsanin,,
śarin,,
śari,,
śarīrajanman,,
śarīravat,,
śarīrāntaracārin,,
śarīrin,,
śarumat,,
śarkarakarṣin,,
śarkaravarṣin,,
śarkarākarṣin,,
śarkarāvat,,
śarkarāvarṣin,,
śarkarin,,
śardhat,,
śardhanīti,,
śardhavat,,
śardhas,,
śarpaṇāvat,,
śarmakārin,,
śarmadātṛ,,
śarman,,
śarmavat,,
śarmin,,
śaryāṇavat,,
śalākāvat,,
śalākin,,
śalkalin,,
śalyakavat,,
śalyavat,,
śalyātman,,
śavagandhin,,
śavasāvat,,
śavasin,,
śaśat,,
śaśayu,,
śaśimat,,
śaśīyas,,
śaṣpavat,,
śastragrāhavat,,
śastragrāhin,,
śastrajīvin,,
śastradhārin,,
śastrapāṇi,,
śastravat,,
śastravidvas,,
śastravṛtti,,
śastraśikhin,,
śastrin,,
śas,,
śākin,,
śākhāpuṣpapalāśavat,,
śākhin,,
śācigu,,
śāṭhyavat,,
śātin,,
śādvalavat,,
śādvalin,,
śāntacetas,,
śāntamanas,,
śāntayoni,,
śāntarajas,,
śāntaraśmi,,
śāntātman,,
śāntikartṛ,,
śāntikārin,,
śāntimat,,
śāyin,,
śāradin,,
śārkarin,,
śālaprāṃśu,,
śālin,,
śālīkṣumat,,
śāsanavartin,,
śāsanahārin,,
śāsin,,
śāstradarśin,,
śāstradṛṣṭi,,
śāstramati,,
śāstravat,,
śāstrin,,
śikku,,
śikyavat,,
śikvan,,
śikvas,,
śikṣāvat,,
śikṣin,,
śikṣu,,
śikhaṇḍin,,
śikhaṇḍimat,,
śikharin,,
śikhāgradat,,
śikhālambin,,
śikhāvat,,
śikhin,,
śiñjat,,
śiñjadṣaḍaṅghri,,
śiñjin,,
śitinas,,
śitibāhu,,
śitibhru,,
śitivāsas,,
śiti,,
śithilavasu,,
śithilaśakti,,
śithilasamādhi,,
śipiviṣṭavat,,
śipravat,,
śipriṇīvat,,
śiprin,,
śimidvat,,
śimīvat,,
śimyu,,
śiraḥkapālin,,
śiraḥkampin,,
śiropasthāyin,,
śirovartin,,
śilarati,,
śilavṛtti,,
śilāvarṣin,,
śilāhārin,,
śiloñchin,,
śilpin,,
śivagati,,
śivatāti,,
śivadāyin,,
śiśayiṣu,,
śiśirāṃśu,,
śiśumat,,
śiśumārākṛti,,
śiśu,,
śiślikṣu,,
śiṣṭāśin,,
śiṣyarūpin,,
śīkaravarṣin,,
śīkarin,,
śīghrakārin,,
śīghrakopin,,
śīghragati,,
śīghragantṛ,,
śīghragāmin,,
śīghrataragati,,
śīghrapāṇi,,
śīghrapātin,,
śīghrapāyin,,
śīghrabuddhi,,
śīghrayāyin,,
śīghravāhin,,
śīghravedhin,,
śīghrasaṃcārin,,
śīghrasrotas,,
śīghrin,,
śītapāṇi,,
śītabhojin,,
śītamehin,,
śītaraśmi,,
śītāṃśu,,
śītāru,,
śītālu,,
śītkārin,,
śītkṛtin,,
śīrṇaparṇāśin,,
śīrvi,,
śīrṣaktimat,,
śīrṣaṇvat,,
śīrṣarogin,,
śīlavat,,
śīlaśālin,,
śīlin,,
śīvan,,
śukababhru,,
śukahari,,
śuktikhalati,,
śukramehin,,
śukravarcas,,
śukravāsas,,
śukraśoci,,
śukrasadman,,
śukladat,,
śukladhvajapatākin,,
śuklamehin,,
śuklayajñopavītavat,,
śuklavat,,
śuklavāsas,,
śuṅgin,,
śucayat,,
śucijanman,,
śucidat,,
śucin,,
śucipeśas,,
śucibandhu,,
śucibhrājas,,
śucivarcas,,
śucivāsas,,
śuciṣmat,,
śuci,,
śuṇḍhi,,
śuddhakarman,,
śuddhadat,,
śuddhapārṣṇi,,
śuddhabuddhi,,
śuddhamati,,
śuddharūpin,,
śuddhavat,,
śuddhavāsas,,
śuddhātman,,
śuddhāntacārin,,
śuddhābhijanakarman,,
śuddhimat,,
śuddhaujas,,
śunavat,,
śunāsīrin,,
śundhāvat,,
śundhyu,,
śubhaṃyāvan,,
śubhaṃyu,,
śubhakarman,,
śubhajāni,,
śubhadāyin,,
śubhadṛṣṭi,,
śubhaveṇutriveṇumat,,
śubhaśaṃsin,,
śubhāṅgin,,
śubhārthin,,
śubhrakhādi,,
śubhrayāvan,,
śubhrāvat,,
śubhri,,
śubhvan,,
śulkagrāhin,,
śulkopajīvin,,
śuśukvani,,
śuśruvas,,
śuśrūṣitṛ,,
śuśrūṣin,,
śuśrūṣu,,
śuṣkavat,,
śuṣkavairin,,
śuṣkasrotas,,
śuṣmavat,,
śuṣmin,,
śūkavat,,
śūkin,,
śūdrajanman,,
śūdrabhojin,,
śūdrāvedin,,
śūnavat,,
śūnyamanas,,
śūnyākṛti,,
śūramānin,,
śūladhārin,,
śūlapāṇin,,
śūlapāṇi,,
śūlavat,,
śūlin,,
śūli,,
śṛṅgaprahārin,,
śṛṅgavat,,
śṛṅgāradhārin,,
śṛṅgāravat,,
śṛṅgārin,,
śṛṅgin,,
śṛtaṃkartṛ,,
śepyāvat,,
śeṣabhojin,,
śeṣarūpin,,
śeṣavat,,
śeṣavistārapāṇḍu,,
śeṣin,,
śailakampin,,
śailaguru,,
śailasutācaraṇarāgayoni,,
śaileyagandhi,,
śaivalavat,,
śaivalin,,
śaivālin,,
śokapātrātman,,
śokavat,,
śokavināśin,,
śokāpahartṛ,,
śokonmathitacittātman,,
śociṣmat,,
śoṇitapittavat,,
śoṇitabinduvarṣin,,
śoṇitamehin,,
śoṇitavarṣin,,
śoṇitārśin,,
śoṇitāśin,,
śodhayitṛ,,
śodhin,,
śophin,,
śobhayitṛ,,
śobhin,,
śośucat,,
śoṣitasaras,,
śoṣin,,
śaukri,,
śaucavat,,
śaucin,,
śaucepsu,,
śauṇḍi,,
śauryavat,,
śauryādimat,,
śauryonmādin,,
śauvani,,
śmaśānanivāsin,,
śmaśānavartin,,
śmaśānavāsin,,
śmaśānālayavāsin,,
śmaśrudhārin,,
śmaśruyajñopavītin,,
śmaśruvat,,
śyāmaruci,,
śyāvadat,,
śyenapatvan,,
śraddadhānavat,,
śraddhayat,,
śraddhātṛ,,
śraddhāmanas,,
śraddhālu,,
śraddhāvat,,
śraddhin,,
śramayu,,
śramavat,,
śramādhāyin,,
śramin,,
śravaṇaviṣayaprāpin,,
śravaṇas,,
śravaṇahārin,,
śravasyu,,
śrāddhin,,
śrāddhopayogin,,
śrāntamanas,,
śrāpin,,
śrāyat,,
śrāvayatpati,,
śrāvayatsakhi,,
śrāvin,,
śritavat,,
śrīmacchataśalākin,,
śrīmaṇas,,
śrīmat,,
śrīmanas,,
śrīvat,,
śrīvṛkṣakin,,
śrutaṛṣi,,
śrutanigadin,,
śrutapāradṛśvan,,
śrutarvan,,
śrutarṣi,,
śrutavat,,
śrutaśālin,,
śrutaśīlavat,,
śrutikaṭu,,
śrutinigadin,,
śrutin,,
śrutimat,,
śrutimahat,,
śrutiśīlavat,,
śrutihārin,,
śrudhīyat,,
śruṣṭigu,,
śruṣṭimat,,
śruṣṭi,,
śreṇidat,,
śreṇimat,,
śreyas,,
śreyobhikāṅkṣin,,
śreyorthin,,
śreṣṭhavarcas,,
śreṣṭhin,,
śroṇipratodin,,
śroṇimat,,
śroturāti,,
śrotṛ,,
śrotravat,,
śrotravādin,,
śrotrasparśin,,
śrotrasvin,,
śrotrahārin,,
śrauṣṭi,,
ślakṣṇavādin,,
ślathalambin,,
ślathasaṃdhi,,
ślāghin,,
ślīpadin,,
śleṣin,,
śleṣmavat,,
ślokin,,
śvakiṣkin,,
śvakrīḍin,,
śvagaṇin,,
śvanin,,
śvabhojin,,
śvabhravat,,
śvayathumat,,
śvarūpadhārin,,
śvavat,,
śvavṛttin,,
śvavṛtti,,
śvasanavat,,
śvasīvat,,
śvastanavat,,
śvāsakāsin,,
śvāsahikkin,,
śvāsin,,
śvitīci,,
śvitrin,,
śvetakaṇṭhin,,
śvetaguṇavat,,
śvetacchattrin,,
śvetabhānu,,
śvetayat,,
śvetavastrin,,
śvetāyin,,
śvobhāvin,,
śvovasīyas,,
śvovijayin,,
ṣaṭkukṣi,,
ṣaṭciti,,
ṣaṭtilin,,
ṣaṭṣoḍaśin,,
ṣaḍaratni,,
ṣaḍaśri,,
ṣaḍātman,,
ṣaḍāhuti,,
ṣaḍgranthi,,
ṣaḍbindu,,
ṣaṇṇābhi,,
ṣaṣṭivarṣin,,
ṣaṣṭisahasrin,,
ṣaṣṭhādi,,
ṣaṣṭhin,,
ṣāḍguṇyaguṇavedin,,
ṣāḍguṇyavat,,
ṣoḍat,,
ṣoḍaśapakṣaśāyin,,
ṣoḍaśāṅghri,,
ṣoḍaśin,,
ṣoḍaśimat,,
ṣṭhīvin,,
ṣṭhīvi,,
ṣṭhevitṛ,,
ṣṭhevin,,
saṃkaṭin,,
saṃkarajāti,,
saṃkarin,,
saṃkarṣin,,
saṃkalitin,,
saṃkalpajanman,,
saṃkalpajūti,,
saṃkalpayoni,,
saṃkalpavat,,
saṃkīrṇacārin,,
saṃkīrṇajāti,,
saṃkīrṇayoni,,
saṃkṛti,,
saṃkocakārin,,
saṃkocin,,
saṃkramitṛ,,
saṃkrāmin,,
saṃkliṣṭakarman,,
saṃkṣeptṛ,,
saṃkṣobhin,,
saṃkhādakin,,
saṃkhyāvat,,
saṃgatin,,
saṃgamitavat,,
saṃgamin,,
saṃgin,,
saṃgṛbhītṛ,,
saṃgṛhītṛ,,
saṃgrahavat,,
saṃgrahītṛ,,
saṃgrāmārthin,,
saṃgrāmin,,
saṃgrāhin,,
saṃghacārin,,
saṃghajīvin,,
saṃgharṣaśālin,,
saṃgharṣin,,
saṃghātacārin,,
saṃghātavat,,
saṃghātaśūlavat,,
saṃcayavat,,
saṃcayin,,
saṃcarabhāgin,,
saṃcariṣṇu,,
saṃcārin,,
saṃcikīrṣu,,
saṃcikṣipsu,,
saṃcintitavat,,
saṃciṣkārayiṣu,,
saṃchettṛ,,
saṃjātavepathu,,
saṃjighṛkṣu,,
saṃjijīvayiṣu,,
saṃjijīviṣu,,
saṃjihīrṣu,,
saṃjīvin,,
saṃjughukṣu,,
saṃjñātṛ,,
saṃjñāvat,,
saṃjñin,,
saṃjñu,,
saṃjvaravat,,
saṃjvārin,,
saṃtatavarṣin,,
saṃtatavepathu,,
saṃtatimat,,
saṃtani,,
saṃtaptavakṣas,,
saṃtapyamānamanas,,
saṃtavītvat,,
saṃtānavat,,
saṃtāpakārin,,
saṃtāpavat,,
saṃtodin,,
saṃtoṣavat,,
saṃtoṣin,,
saṃtyāgin,,
saṃdadi,,
saṃdarbhavat,,
saṃdarśayitṛ,,
saṃdātṛ,,
saṃdāyin,,
saṃdigdhabuddhi,,
saṃdigdhamati,,
saṃdidarśayiṣu,,
saṃdidṛkṣu,,
saṃdidhakṣu,,
saṃdiṣṭavat,,
saṃdīpanavat,,
saṃdegdhṛ,,
saṃdehadāyin,,
saṃdehin,,
saṃdraṣṭṛ,,
saṃdhātṛ,,
saṃdhānakartṛ,,
saṃdhānakārin,,
saṃdhāyin,,
saṃdhiteṣu,,
saṃdhitsu,,
saṃdhimat,,
saṃdhi,,
saṃdhyātṛ,,
saṃnatimat,,
saṃnidhātṛ,,
saṃnidhānin,,
saṃnidhāyin,,
saṃnidhivartin,,
saṃnipatyakārin,,
saṃnipātin,,
saṃniyantṛ,,
saṃnivāsin,,
saṃniveśin,,
saṃnyāsavat,,
saṃnyāsin,,
saṃyatacetas,,
saṃyatavat,,
saṃyatāñjali,,
saṃyatātman,,
saṃyatin,,
saṃyat,,
saṃyadvasu,,
saṃyantṛ,,
saṃyamavat,,
saṃyamin,,
saṃyāmavat,,
saṃyuyutsu,,
saṃyuyūṣu,,
saṃyogin,,
saṃrakṣaṇavat,,
saṃrakṣitin,,
saṃrakṣin,,
saṃrambhavat,,
saṃrambhin,,
saṃrājitṛ,,
saṃrādhayat,,
saṃrāvin,,
saṃrohin,,
saṃlāpin,,
saṃlipsu,,
saṃlokin,,
saṃvatsaraprabhṛti,,
saṃvatsarabhṛtin,,
saṃvatsarabhrami,,
saṃvatsaravāsin,,
saṃvat,,
saṃvanin,,
saṃvardhayitṛ,,
saṃvavṛtvas,,
saṃvāditṛ,,
saṃvādin,,
saṃvārayiṣṇu,,
saṃvāsin,,
saṃvāhin,,
saṃvidvas,,
saṃvidhānavat,,
saṃvidhitsu,,
saṃvibhaktṛ,,
saṃvibhāgamanas,,
saṃvibhāgaruci,,
saṃvibhāgaśīlavat,,
saṃvibhāgin,,
saṃvivardhayiṣu,,
saṃvītin,,
saṃvuvūrṣu,,
saṃvṛktadhṛṣṇu,,
saṃvṛtimat,,
saṃveśin,,
saṃśaptavat,,
saṃśayacchedin,,
saṃśayātman,,
saṃśayālu,,
saṃśayitṛ,,
saṃśayin,,
saṃśayocchedin,,
saṃśitatapas,,
saṃśitātman,,
saṃśiśariṣu,,
saṃśiśrīṣu,,
saṃśuṣkamāṃsatvaksnāyu,,
saṃśoṣin,,
saṃśrayin,,
saṃśrāvayitṛmat,,
saṃśritavat,,
saṃśliṣṭakarman,,
saṃśliṣṭaśarīrakārin,,
saṃśleṣin,,
saṃśvāyin,,
saṃsaktacetas,,
saṃsaktamanas,,
saṃsaṅgin,,
saṃsargavat,,
saṃsargin,,
saṃsarpat,,
saṃsarpin,,
saṃsāravat,,
saṃsārin,,
saṃsiktareṇu,,
saṃsisṛkṣu,,
saṃsūcin,,
saṃsṛṣṭakarman,,
saṃsevitṛ,,
saṃsevin,,
saṃskartṛ,,
saṃskāravat,,
saṃskārādimat,,
saṃskārādhikārin,,
saṃskṛtavat,,
saṃstambhayitṛ,,
saṃstambhayiṣu,,
saṃstambhin,,
saṃsthānavat,,
saṃsthāvayavavat,,
saṃsthitavat,,
saṃspardhin,,
saṃsparśin,,
saṃspraṣṭṛ,,
saṃsraṣṭṛ,,
saṃsvedayu,,
saṃsvedin,,
saṃhatajānu,,
saṃhatamūrti,,
saṃhatavṛttoru,,
saṃhatāñjali,,
saṃhatiśalin,,
saṃhatoru,,
saṃhatyakārin,,
saṃhananavat,,
saṃhanu,,
saṃhantṛ,,
saṃhartṛ,,
saṃharṣayogin,,
saṃharṣin,,
saṃhārakārin,,
saṃhārabuddhimat,,
saṃhāravegavat,,
saṃhārin,,
saṃhitādhyāyin,,
saṃhiteṣu,,
saṃhitoru,,
saṃhṛtimat,,
saṃhṛṣṭamanas,,
saṃhṛṣṭaroman,,
saṃhṛṣṭavat,,
saṃhṛṣṭin,,
saṃhrādin,,
saṃhlādin,,
sakaṇḍu,,
sakarman,,
sakalavedādhyāyin,,
sakalavedin,,
sakalasiddhi,,
sakukṣi,,
sakūti,,
sakṛtprayogin,,
sakṛtsnāyin,,
saketu,,
sakopavikṛti,,
saktavat,,
saktimat,,
sakratu,,
sakṣaṇi,,
sakṣīradṛti,,
sakhivat,,
sagaras,,
saguṇin,,
sagu,,
saṅgin,,
sacanas,,
sacetas,,
sacchandas,,
sacchāstravat,,
sacyuti,,
sajanu,,
sajātavat,,
sajātavani,,
sajāti,,
sajāni,,
sajiṣṇu,,
sajoṣas,,
sajjanaikavasati,,
saṇi,,
satatadhṛti,,
satatayāyin,,
satataśāstrin,,
satati,,
satanu,,
satapas,,
satīnamanyu,,
satīnasatvan,,
satṛṇābhyavahārin,,
satejas,,
satobṛhat,,
satomaghavan,,
satomahat,,
satkartṛ,,
satkarman,,
satkīrti,,
sattāmātrātman,,
sattāvat,,
sattṛ,,
sattvaguṇin,,
sattvamūrti,,
sattvavat,,
sattvaśālin,,
sattvātman,,
sattvotsāhavat,,
satpātravarṣin,,
satpratipakṣin,,
satphalin,,
satyakarman,,
satyakāruṇyavedin,,
satyagirvāhas,,
satyagranthin,,
satyatāti,,
satyatitikṣāvat,,
satyadarśin,,
satyadharman,,
satyadhāman,,
satyadhṛti,,
satyaprasavas,,
satyabhedin,,
satyamadvan,,
satyamanman,,
satyamedhas,,
satyayoni,,
satyarādhas,,
satyavaktṛ,,
satyavacas,,
satyavat,,
satyavartman,,
satyavādin,,
satyavṛtti,,
satyaśavas,,
satyaśīlin,,
satyasaṃrakṣin,,
satyātman,,
satyābhidhyāyin,,
satyābhisaṃdhin,,
satyālāpin,,
satyāvan,,
satyāṣāḍhahiraṇyakeśin,,
satyaujas,,
satrādāvan,,
satvacas,,
satvanāyat,,
satvan,,
sadaṃdi,,
sadat,,
sadasat,,
sadākārin,,
sadāgati,,
sadācāravat,,
sadācārin,,
sadātman,,
sadāyogin,,
sadukti,,
sadṛśavṛtti,,
sadevamaṇi,,
sadopavāsin,,
sadoṣavat,,
sadohavirdhānin,,
saddhyāyin,,
sadmanivāsin,,
sadman,,
sadmamakhas,,
sadyaḥpātin,,
sadyaḥśrāddhin,,
sadyājin,,
sadyobhāvin,,
sadyomanyu,,
sadyaūti,,
sadruci,,
sadru,,
sadvat,,
sadvādin,,
sadvṛttaśālin,,
sadveṣadhārin,,
sadhanuṣpāṇi,,
sadhamādin,,
sadharman,,
sadharmin,,
sadhastuti,,
sanadrayi,,
sanābhi,,
sanāyu,,
sanitṛ,,
sanimat,,
saniṣyu,,
sani,,
sanīyas,,
sanutṛ,,
sanemi,,
saneru,,
sannimat,,
sanmati,,
sanmārgayodhin,,
sanyas,,
saparyu,,
sapaśu,,
saputrin,,
sapuṣpabali,,
saptaṛṣivat,,
saptagu,,
saptacchandas,,
saptajāni,,
saptajāmi,,
saptatanti,,
saptatantu,,
saptadaśacchadi,,
saptadaśavat,,
saptadaśavartani,,
saptadaśāratni,,
saptadaśin,,
saptadvīpavat,,
saptanāman,,
saptamarīci,,
saptamātṛ,,
saptaraśmi,,
saptaruci,,
saptarṣimat,,
saptavat,,
saptavadhri,,
saptaviṃśin,,
saptaśiras,,
saptasaptin,,
saptasapti,,
saptasamudravat,,
saptahotṛ,,
saptāṃśu,,
saptātman,,
saptin,,
saptīvat,,
saprajas,,
saprathas,,
saprabhṛti,,
sapru,,
sapreman,,
sabandhu,,
sabardhu,,
sabali,,
sabādhas,,
sabrahmacārin,,
sabharas,,
sabhasman,,
sabhāprapādin,,
sabhāraṇyavitaṅkavat,,
sabhāvat,,
sabhīti,,
sabhūmi,,
sabhṛti,,
sabhrātṛ,,
samakarman,,
samagravartin,,
samagraśakti,,
samaṅgin,,
samacetas,,
samajāti,,
samañjanavat,,
samadarśin,,
samadṛṣṭi,,
samadyuti,,
samadvan,,
samadhikatarocchvāsin,,
samanas,,
samanuvartin,,
samantaparyāyin,,
samantaśitibāhu,,
samantrin,,
samanyu,,
samaprepsu,,
samabuddhi,,
samabhivyāhārin,,
samabhiṣyandin,,
samabhyarthayitṛ,,
samamati,,
samambhūmi,,
samayabhedin,,
samayavyabhicārin,,
samayānuvartin,,
samaraṃhas,,
samaravijayin,,
samaravyasanin,,
samarthitavat,,
samarpayitṛ,,
samarpitavat,,
samavartin,,
samavāyin,,
samaśīlin,,
samaśruti,,
samasamayavartin,,
samāṃśabhāgin,,
samāṃśahārin,,
samāṃśin,,
samākarṣin,,
samāgamakārin,,
samāgamin,,
samātman,,
samādhitsu,,
samādhin,,
samādhibhedin,,
samādhimat,,
samādhiyogarddhitapovidyāviraktimat,,
samānakarman,,
samānagati,,
samānajanman,,
samānajāti,,
samānatejas,,
samānadharman,,
samānanāman,,
samānapratipatti,,
samānaprabhṛti,,
samānaprasiddhi,,
samānapreman,,
samānayoni,,
samānaruci,,
samānavayas,,
samānavarcas,,
samānavratacārin,,
samāpin,,
samāpipayiṣu,,
samāyin,,
samārambhin,,
samārurukṣu,,
samārthin,,
samālambin,,
samālambhin,,
samālokin,,
samāvat,,
samāvarjitaketu,,
samāvartin,,
samāśrayin,,
samāsavat,,
samāhitamati,,
samāhitamanas,,
samāhitamanobuddhi,,
samāhitātman,,
samitiśālin,,
samitpāṇi,,
samiddhavat,,
samiddhāgni,,
samiddhārin,,
samidvat,,
samidhyamānavat,,
samīpataravartin,,
samīpavartin,,
samucchritadhvajavat,,
samujjihīrṣu,,
samutkampin,,
samutpatiṣṇu,,
samutpipatiṣu,,
samudācāravat,,
samudācārin,,
samudāyin,,
samuditṛ,,
samuddidhīrṣu,,
samuddhatataraṃgin,,
samuddhartṛ,,
samudyamin,,
samudragāmin,,
samudramālin,,
samudravāsas,,
samudravāsin,,
samudravyacas,,
samudravyavahārin,,
samupayuktavat,,
samupepsu,,
samullāsin,,
samūḍhacchandas,,
samūhin,,
samṛddhatejas,,
samṛddhayaśas,,
samṛddhin,,
samṛddhimat,,
samṛddhivat,,
sameddhṛ,,
samokas,,
sampariprepsu,,
samparkin,,
sampātavat,,
sampātin,,
sampādayitṛ,,
sampādin,,
sampārin,,
sampiṇḍitāṅguli,,
sampūrṇapuṇyamahiman,,
sampratipattimat,,
sampradāyin,,
samprayogin,,
sampravartin,,
sampraharṣin,,
samprahārin,,
samprahṛṣṭamanas,,
samprītimat,,
samprepsu,,
sambandhayitṛ,,
sambandhin,,
sambandhi,,
sambādhavartin,,
sambādhavartman,,
sambubodhayiṣu,,
sambodhayitṛ,,
sambhaktṛ,,
sambhavin,,
sambhārin,,
sambhāvayitṛ,,
sambhāvitātman,,
sambhāvin,,
sambhāṣin,,
sambhinnabuddhi,,
sambhu,,
sambhūyakārin,,
sambhṛtakratu,,
sambhṛtvan,,
sambhedavat,,
sambhogavat,,
sambhogin,,
sambhrāntamanas,,
sammati,,
sammadavat,,
sammadin,,
sammanas,,
sammardin,,
sammarśin,,
sammātṛ,,
sammānin,,
sammimardiṣu,,
sammimānayiṣu,,
sammūḍhacetas,,
sammūrchitavat,,
sammohamaulin,,
samyagdarśin,,
samyagdṛṣṭi,,
samyagvijayin,,
sayakṣman,,
sayati,,
sayākaravat,,
sayugvan,,
sayoni,,
sarajat,,
sarajas,,
saraṇajīvin,,
saraṇyu,,
sarat,,
sarathin,,
saralayāyin,,
saralaskandhasaṃghaṭṭajanman,,
saralāṅguliśobhin,,
saraśmi,,
sarasāṅgayaṣṭi,,
sarasvativat,,
sarasvatīvat,,
sarasvat,,
sarāti,,
sarātri,,
sarāhu,,
saritvat,,
sarin,,
saru,,
sarūpin,,
saretas,,
sarogin,,
sarojin,,
sarparūpin,,
sarpavṛścikaromavat,,
sarpin,,
sarpirāsuti,,
sarpirmehin,,
sarpiṣmat,,
sarpiṣvat,,
sarvakarmakārin,,
sarvakarman,,
sarvakāmin,,
sarvakārin,,
sarvakālavicārin,,
sarvagāmin,,
sarvaguṇin,,
sarvaguru,,
sarvagu,,
sarvagraharūpin,,
sarvajanman,,
sarvajīvin,,
sarvajñajñānin,,
sarvajñamānin,,
sarvajñātṛ,,
sarvataḥśrutimat,,
sarvataḥsarvendriyaśakti,,
sarvatanu,,
sarvatogāmin,,
sarvatragāmin,,
sarvadarśin,,
sarvadātṛ,,
sarvadevātman,,
sarvadraṣṭṛ,,
sarvadhanin,,
sarvanāman,,
sarvanāśin,,
sarvanirākṛti,,
sarvapaśu,,
sarvabījin,,
sarvabhakṣin,,
sarvabhūtātman,,
sarvabhūtātmamedhas,,
sarvabhūmi,,
sarvabhogin,,
sarvamahat,,
sarvamūrti,,
sarvambhari,,
sarvayatnavat,,
sarvayantrin,,
sarvarakṣin,,
sarvarūpin,,
sarvalaghu,,
sarvaliṅgapradātṛ,,
sarvalokin,,
sarvavat,,
sarvavani,,
sarvavarṇin,,
sarvavikrayin,,
sarvavijñānin,,
sarvaviśrambhin,,
sarvavettṛ,,
sarvavedasin,,
sarvavedas,,
sarvaveditṛ,,
sarvavedin,,
sarvavyāpin,,
sarvaśastrin,,
sarvaśokavināśin,,
sarvasaṃhārin,,
sarvasasyavat,,
sarvasvaphalin,,
sarvahāyas,,
sarvātithi,,
sarvātiśāyin,,
sarvātisārin,,
sarvātman,,
sarvādi,,
sarvādhikārin,,
sarvānukārin,,
sarvānnabhojin,,
sarvānnin,,
sarvābharaṇavat,,
sarvābhiśaṅkin,,
sarvābhisaṃdhin,,
sarvāyu,,
sarvārthānusādhin,,
sarvāvat,,
sarvāvāsin,,
sarvāśin,,
sarvāśramin,,
sarvāstivādin,,
sarvāhammānin,,
sarvopakārin,,
salakṣman,,
salilaguru,,
saliladāyin,,
salilapavanāśin,,
salilabhayadāyin,,
salilavat,,
salilastambhin,,
salilārthin,,
salilopajīvin,,
salilaukas,,
saloman,,
savat,,
savanapaṅkti,,
savayas,,
savarūthin,,
savarṇiliṅgin,,
savarṇopāyin,,
savarman,,
savācas,,
savātṛ,,
savāsas,,
savāsin,,
savṛtti,,
savedas,,
savepathu,,
savyacārin,,
savyasācin,,
savyādhi,,
savyāhṛti,,
savratin,,
saśatru,,
saśarin,,
saśikhaṇḍin,,
saśiras,,
saśmaśru,,
sasampātin,,
sasādi,,
sasārathi,,
sasitotpalamālin,,
sasīman,,
sasutvan,,
sasthāvan,,
sasthāsnucārin,,
sasni,,
sasyamālin,,
sasyavat,,
sasyaśālin,,
sasri,,
sasrotas,,
sahakārin,,
sahagāmin,,
sahagu,,
sahacarat,,
sahacārin,,
sahacaityavat,,
sahacchandas,,
sahajanman,,
sahajāni,,
sahajīvin,,
sahat,,
sahadānu,,
sahadīkṣitin,,
sahadharmacārin,,
sahadharman,,
sahadharmin,,
sahanivāsin,,
sahanau,,
sahapatni,,
sahaprathāyin,,
sahaprayāyin,,
sahabhasman,,
sahabhāvin,,
sahabhrātṛ,,
sahamanas,,
sahayaśas,,
sahayāyin,,
sahayudhvan,,
sahavartin,,
sahavasu,,
sahavārṣṇeyasārathi,,
sahavāsin,,
sahasānu,,
sahasāvat,,
sahasin,,
sahasuralalanālalāmayūthapati,,
sahasevin,,
sahasaumitri,,
sahasraketu,,
sahasragu,,
sahasraghātin,,
sahasraghni,,
sahasracakṣas,,
sahasracakṣu,,
sahasracetas,,
sahasraṇīti,,
sahasradātu,,
sahasradāvan,,
sahasradhāman,,
sahasradhāyas,,
sahasranetrānanapādabāhu,,
sahasrapājas,,
sahasrapāthas,,
sahasrapādākṣiśirorubāhu,,
sahasrapoṣapuṣi,,
sahasrapoṣin,,
sahasrabāhu,,
sahasrabuddhi,,
sahasrabharṇas,,
sahasrabhānu,,
sahasrabhṛṣṭi,,
sahasramanyu,,
sahasramūti,,
sahasramūrti,,
sahasrambhari,,
sahasrayājin,,
sahasrayāman,,
sahasraraśmi,,
sahasraretas,,
sahasravat,,
sahasravarcas,,
sahasravartanin,,
sahasravartani,,
sahasravartman,,
sahasraśakti,,
sahasraśiras,,
sahasraśokas,,
sahasrasani,,
sahasrastari,,
sahasrāṃśu,,
sahasrākṣadhanuṣmat,,
sahasrātman,,
sahasrānanaśīrṣavat,,
sahasrāpsas,,
sahasrāyu,,
sahasrin,,
sahasroti,,
sahasvat,,
sahas,,
sahāyavat,,
sahāyārthin,,
sahāyin,,
sahāvat,,
sahāvan,,
sahitāṅguli,,
sahitṛ,,
sahiṣṇu,,
sahīyas,,
sahuri,,
saheti,,
sahetu,,
sahotthāyin,,
sahopapativeśman,,
sahobhari,,
sahovan,,
sahaujas,,
sahyas,,
sahyu,,
sahvan,,
sāṃkhyayogavat,,
sāṃgamiṣṇu,,
sāṃnipātin,,
sākṣātkartṛ,,
sākṣātkāravat,,
sākṣātkārin,,
sākṣātkṛtadharman,,
sākṣin,,
sākṣimat,,
sāgaragāmin,,
sāgaradhīracetas,,
sāgaravāsin,,
sāgas,,
sāgni,,
sāṅgaglāni,,
sāci,,
sāñjali,,
sāḍhṛ,,
sātman,,
sādadyoni,,
sādin,,
sādi,,
sādhadiṣṭi,,
sādhanarūpin,,
sādhanavat,,
sādhayitṛ,,
sādhin,,
sādhīyas,,
sādhukarman,,
sādhukārin,,
sādhudarśin,,
sādhudāyin,,
sādhudevin,,
sādhunigūhin,,
sādhumat,,
sādhurandhin,,
sādhuvat,,
sādhuvādin,,
sādhuvāhin,,
sādhuvṛtti,,
sādhyapramāṇasaṃkhyāvat,,
sādhyavat,,
sādhvasādhu,,
sānasi,,
sānin,,
sānumat,,
sāntvayitṛ,,
sāndramehin,,
sābhisaṃskāraparinirvāyin,,
sābhri,,
sāmakārin,,
sāmagāyin,,
sāmatejas,,
sāmadharmārthanītimat,,
sāmantavāsin,,
sāmanvat,,
sāmanvin,,
sāmayoni,,
sāmarthyavat,,
sāmavat,,
sāmaśiras,,
sāmānyavat,,
sāmbamūrti,,
sāmbhas,,
sāyaṃyāvan,,
sāyamprātarāśin,,
sāraguru,,
sāragrāhin,,
sāradarśin,,
sāraphalgu,,
sāramahat,,
sāravat,,
sārasārin,,
sārārthin,,
sārin,,
sārci,,
sārti,,
sārthavat,,
sārdhaṃvihārin,,
sārvagāmin,,
sārvasurabhi,,
sārṣṭi,,
sāvadhi,,
sāvitravat,,
sāvin,,
sāśīti,,
sāśmavarṣin,,
sāśru,,
sāsahi,,
sāsahvas,,
sāsipāṇi,,
sāsi,,
sāsu,,
sāsthi,,
sāsnādimat,,
sāsnālāṅgūlakakudakhuraviṣāṇin,,
sāsnāvat,,
sāhasakārin,,
sāhasavat,,
sāhasādhyavasāyin,,
sāhasin,,
sāhasaikāntarasānuvartin,,
sāhasopanyāsin,,
sāhasravat,,
sāhasravedhin,,
sāhivīci,,
sāhvas,,
sāłhṛ,,
siṃhakarman,,
siṃhanardin,,
siṃhavāhin,,
siṃhavikrāntagati,,
siṃhavikrāntagāmin,,
siṃhahanu,,
sikatāmehin,,
sikatāvat,,
sijimat,,
sitakarman,,
sitatejas,,
sitamanas,,
sitayajñopavītin,,
sitaruci,,
sitaśmaśru,,
sitasapti,,
sitāli,,
sitivāsas,,
siti,,
siddhārthamānin,,
siddhikārin,,
siddhidarśin,,
siddhimat,,
sidhmavat,,
sinavat,,
sindhujanman,,
sindhumātṛ,,
sindhuvāsin,,
sindhuvāhas,,
sirājālavat,,
sirālu,,
siṣaṃgrāmayiṣu,,
siṣādhayiṣu,,
siṣāsatu,,
siṣāsani,,
siṣāsu,,
siṣevayiṣu,,
siṣṇāsu,,
siṣṇu,,
sisaṃgrāmayiṣu,,
sisṛkṣu,,
sisnāsu,,
sisrat,,
sīmantadṛśvan,,
sīmantavat,,
sīmantin,,
sīmāpahārin,,
sukarasaṃdhi,,
sukarman,,
sukāṇḍin,,
sukīrti,,
sukṛtakarmakārin,,
sukṛtakarman,,
sukṛtātman,,
sukṛtin,,
sukṛti,,
sukṛtvan,,
sukeśin,,
sukratu,,
sukhakārin,,
sukhaduḥkhādi,,
sukhaduḥkhin,,
sukhapratibandhin,,
sukhapratyarthin,,
sukhabhāgin,,
sukhabhogin,,
sukhamānin,,
sukhamedhas,,
sukhayu,,
sukhavat,,
sukhavartman,,
sukhaśāyin,,
sukhasaṅgin,,
sukhasambandhi,,
sukhādi,,
sukhārthin,,
sukhāvat,,
sukhin,,
sukhepsu,,
sukhaiṣin,,
sugati,,
sugandhavat,,
sugandhin,,
sugandhi,,
suganman,,
sugabhasti,,
suguṇin,,
suguru,,
sugu,,
sugṛhin,,
sugṛhītanāman,,
sugranthi,,
sughoṣavat,,
sucakṣas,,
sucaritin,,
sucarman,,
sucāru,,
sucintitacintin,,
sucetas,,
sujatru,,
sujaniman,,
sujanman,,
sujavas,,
sujāti,,
sujāmi,,
sujūrṇi,,
sutanu,,
sutantri,,
sutapasvin,,
sutapas,,
sutapāvan,,
sutarpayat,,
sutarman,,
sutavat,,
sutasomavat,,
sutārthin,,
sutāvat,,
sutāsutin,,
sutin,,
sutejas,,
sutrāman,,
sutrāvan,,
sutsaru,,
sudaṃsas,,
sudātu,,
sudātṛ,,
sudānu,,
sudāman,,
sudāvan,,
suditi,,
sudīti,,
sudīditi,,
sudurbuddhi,,
sudurmati,,
sudurmanas,,
sudṛḍhaharmyavat,,
sudṛṣṭi,,
sudyotman,,
sudraviṇas,,
sudraṣṭṛ,,
sudhanvan,,
sudharman,,
sudharmin,,
sudhātu,,
sudhātṛ,,
sudhārin,,
sudhāvarṣin,,
sudhāspardhin,,
sudhāsyandin,,
sudhiti,,
sudhīvan,,
sunat,,
sunayaśālin,,
sunābhi,,
sunāman,,
sunīti,,
sunau,,
sunvat,,
supakṣman,,
supattrin,,
supayas,,
supayovin,,
suparvan,,
supavi,,
supāṇi,,
supārśvoru,,
supāli,,
supihitavat,,
supīvan,,
supīvas,,
supuruhūti,,
supu,,
supeśas,,
supracetas,,
suprajas,,
suprajāvat,,
suprajāvani,,
supraṇīti,,
supratiṣṭhitayaśas,,
supratūrti,,
supradadi,,
suprayas,,
suprayāvan,,
supriyātman,,
supraitu,,
supsaras,,
subandhu,,
subabhru,,
subalavat,,
subāhu,,
subuddhimat,,
subuddhi,,
subrahman,,
subhaṃsas,,
subhagamānin,,
subhagambhaviṣṇu,,
subhagākheṭabhūmi,,
subhānu,,
subhāṣin,,
subhikṣakārin,,
subhūyas,,
subhojas,,
subhru,,
sumaṅgalanāman,,
sumajjani,,
sumaṇi,,
sumatitsaru,,
sumati,,
sumadaṃśu,,
sumanas,,
sumantunāman,,
sumantu,,
sumantrin,,
sumandabuddhi,,
sumanman,,
sumahat,,
sumahas,,
sumahātapas,,
sumahātejas,,
sumahātman,,
sumahābāhu,,
sumahāmanas,,
sumahaujas,,
sumātṛ,,
sumānin,,
sumitradhas,,
sumedhas,,
sumeru,,
sumnaāpi,,
sumnayu,,
sumnāyu,,
sumnin,,
suyantu,,
suyavasin,,
suyavasyu,,
suyaśas,,
surajas,,
surataprasaṅgin,,
surataraṅgin,,
surabhigandhin,,
surabhigandhi,,
surabhin,,
surabhimat,,
surāti,,
surādhas,,
surāpin,,
surābali,,
surāman,,
surāmehin,,
surāvat,,
surāsomavikrayin,,
surūpakṛtnu,,
surekṇas,,
suretas,,
suretodhas,,
surai,,
sulavat,,
sulin,,
suloman,,
suvakṣas,,
suvacas,,
suvajrin,,
suvarūthin,,
suvarcas,,
suvarṇaretas,,
suvarṇaroman,,
suvarṇavat,,
suvarṇaśiras,,
suvarṇālaṃkāravat,,
suvartitoru,,
suvartman,,
suvardhayitṛ,,
suvardhāman,,
suvarvat,,
suvas,,
suvahni,,
suvahman,,
suvāgmin,,
suvācas,,
suvājin,,
suvāsas,,
suvāsin,,
suvicāryakārin,,
suvidvas,,
suviṣṭambhin,,
suvṛkti,,
suvegin,,
suveṣavat,,
suveṣin,,
suśaṃsin,,
suśakti,,
suśarman,,
suśasti,,
suśiprin,,
suśiras,,
suśiśvi,,
suśīlaguṇavat,,
suśīlin,,
suśukvani,,
suśukvan,,
suśevas,,
suśravas,,
suśrotu,,
suśliṣṭasaṃdhi,,
suṣakhi,,
suṣiravat,,
suṣiravivarin,,
suṣupvas,,
suṣumat,,
suṣṭarīman,,
suṣṭu,,
suṣṭhāman,,
suṣvi,,
susaṃvṛti,,
susaṃhati,,
susakthi,,
susani,,
susahāyavat,,
susādhu,,
susāravat,,
susukhin,,
susthitamanas,,
susras,,
susrotas,,
susvaru,,
susvādu,,
suhanu,,
suhantu,,
suhavītunāman,,
suhāsin,,
suhiraṇyavat,,
sūktacārin,,
sūkṣmadarśin,,
sūkṣmadṛṣṭi,,
sūkṣmamatimat,,
sūkṣmamati,,
sūcin,,
sūtakin,,
sūtavyasanin,,
sūtrapattrin,,
sūtrin,,
sūdadohas,,
sūdayitnu,,
sūdavat,,
sūditṛ,,
sūdin,,
sūdi,,
sūnavat,,
sūnumat,,
sūnṛtāvat,,
sūpagandhi,,
sūracakṣas,,
sūravat,,
sūryaketu,,
sūryatejas,,
sūryatvacas,,
sūryadhvajapatākin,,
sūryaraśmi,,
sūryavat,,
sūryavarcas,,
sūryavikāsin,,
sūryātapacchinnadṛṣṭi,,
sūryāvasu,,
sūryāstamayavat,,
sūṣas,,
sṛkavat,,
sṛkāyin,,
sṛkāvat,,
sṛkāvin,,
sṛgavat,,
sṛgāyin,,
sṛpradānu,,
sṛprabhojas,,
sṛṣṭavat,,
sṛṣṭikartṛ,,
sṛṣṭimat,,
sektṛ,,
setubhedin,,
setu,,
setṛ,,
sendradhṛti,,
seru,,
sevālin,,
sevitṛ,,
sevin,,
seṣudhanvan,,
seṣu,,
seṣṭi,,
saikatavat,,
saikatin,,
sairāvat,,
soḍhavat,,
soḍhin,,
soḍhṛ,,
sotṛ,,
sodaryavat,,
soddhāravibhāgin,,
sopadhi,,
sopādhi,,
sobharīyu,,
somagṛhapati,,
somacakṣas,,
somajāmi,,
somatejas,,
somapāyin,,
somapitsaru,,
somapītin,,
somapīthin,,
somayājin,,
somayogin,,
somarakṣi,,
somarabhas,,
somavat,,
somavarcas,,
somavāmin,,
somavikrayin,,
somasakhi,,
somasatsaru,,
somasutvat,,
somasutvan,,
somahārin,,
somārthin,,
somin,,
sormi,,
soṣman,,
soṣmavat,,
saukhyadāyin,,
saujanyavat,,
saujas,,
saubhāgyavat,,
saubhāgyavilopin,,
saumanasyavat,,
saumyākṛti,,
saumyārci,,
saurājyavat,,
skanttṛ,,
skandāpasmārin,,
skandin,,
skandhavat,,
skandhin,,
skabhīyas,,
skhalat,,
skhalanmati,,
skhalitagati,,
skhalitavat,,
stanadveṣin,,
stanapātṛ,,
stanapāyin,,
stanayitnuvat,,
stanayitnusani,,
stanasyu,,
stanin,,
stanyapāyin,,
stabdhadṛṣṭi,,
stabdhabāhu,,
stabdhamati,,
stabdhasakthi,,
stabdhahanu,,
stambakari,,
stambin,,
stambhitabāṣpavṛtti,,
stambhitāśru,,
stambhin,,
stavat,,
stāmu,,
stibhivat,,
stimitasamādhiśuci,,
stukāvin,,
stutavat,,
stutaśastravat,,
stutimat,,
stubhvan,,
stuvat,,
stokatamas,,
stokonmiṣat,,
stotṛ,,
stotrakārin,,
stotravat,,
stobhavat,,
stomavāhas,,
strīgrāhin,,
strīcittahārin,,
strīnāman,,
strīpuṃsaliṅgin,,
strīpūrvin,,
strīliṅgavartin,,
strīveṣadhārin,,
strīsarūpin,,
strīsvarūpavat,,
strīsvarūpin,,
sthaṇḍilaśāyin,,
sthapati,,
sthalagāmin,,
sthalacārin,,
sthalīśāyin,,
sthaviradyuti,,
sthavīyas,,
sthāṇuvanaukas,,
sthāṇu,,
sthātṛ,,
sthānayogin,,
sthānavat,,
sthānāsanavihāravat,,
sthānin,,
sthāneyogin,,
sthāpayitṛ,,
sthāpitavat,,
sthāmavat,,
sthāyin,,
sthālin,,
sthāvarākṛti,,
sthāsnu,,
sthitavat,,
sthitikartṛ,,
sthitimat,,
sthirakarman,,
sthiracetas,,
sthirajīvin,,
sthiradhanvan,,
sthiradhāman,,
sthirapreman,,
sthirapsnu,,
sthirabuddhi,,
sthiramati,,
sthiramanas,,
sthiravājin,,
sthirasthāyin,,
sthirātman,,
sthirānurāgin,,
sthirāyati,,
sthivimat,,
sthūri,,
sthūlatomarin,,
sthūladehin,,
sthūlabuddhimat,,
sthūlabuddhi,,
sthūlamati,,
sthūlambhaviṣṇu,,
stheyas,,
sthairyavat,,
snātakavratin,,
snātavat,,
snānin,,
snāyin,,
snāyujālavat,,
snāyurajju,,
snāsyat,,
snehaguru,,
snehavat,,
snehasaṃjvaravat,,
snehin,,
spandin,,
sparitṛ,,
spardhāvat,,
spardhin,,
spardhyāstaraṇavat,,
sparśarūpavat,,
sparśavat,,
sparśaśabdavat,,
sparśasaṃcārin,,
sparśāsahiṣṇu,,
sparśitṛ,,
sparśin,,
sparṣṭṛ,,
spaṣṭabhāṣin,,
spaṣṭavaktṛ,,
spārharādhas,,
spṛśi,,
spṛṣṭin,,
spṛhayālu,,
spṛhayitṛ,,
spṛhālu,,
spṛhāvat,,
spraṣṭṛ,,
sphātimat,,
sphātihārin,,
sphāyat,,
sphuṭavaktṛ,,
sphuṭāgas,,
sphurat,,
sphuradulkākṛti,,
sphuliṅgavat,,
sphuliṅgin,,
sphūrjāvat,,
sphūrtimat,,
spheyas,,
sphaijāyani,,
smatpuraṃdhi,,
smadabhīśu,,
smaddiṣṭi,,
smayin,,
smaradāyin,,
smartṛ,,
smārin,,
smitapūrvābhibhāṣin,,
smitaśālin,,
smitaśobhin,,
smṛtikārin,,
smṛtimat,,
syanttṛ,,
syanditṛ,,
syandin,,
syūmagabhasti,,
syūmanyu,,
sraṃsin,,
sragvat,,
sragvin,,
srajīyas,,
sravat,,
srastaśarīrasaṃdhi,,
srastāṃsabāhu,,
sras,,
srāvin,,
srugvat,,
srucīyas,,
srotasvat,,
svaḥśiras,,
svakarmin,,
svakāmin,,
svagākartṛ,,
svagni,,
svaṅgārin,,
svaṅguri,,
svacchandacārin,,
svajanagandhin,,
svajanman,,
svajāti,,
svañcas,,
svatantrin,,
svatavas,,
svatejoraśmimālin,,
svatvavat,,
svatvavyabhicārin,,
svadayitṛ,,
svadāragāmin,,
svadāvan,,
svadeśasmārin,,
svadharman,,
svadharmavartin,,
svadhāyin,,
svadhāvat,,
svadhāvin,,
svadhitīvat,,
svadhīti,,
svadhvaryu,,
svanavat,,
svanāman,,
svani,,
svapati,,
svapas,,
svapitṛ,,
svaptṛ,,
svapnavicārin,,
svapnas,,
svapnālu,,
svabdin,,
svabhavas,,
svabhānu,,
svabhiṣṭi,,
svabhīśu,,
svabhūti,,
svabhūtyojas,,
svamat,,
svayaṃkṛtin,,
svayaṃgrāhaniṣaktabāhu,,
svayaṃsras,,
svayaṃhomin,,
svayamātṛṇṇavat,,
svayamāhṛtyabhojin,,
svayambhramin,,
svayambhrami,,
svayaśas,,
svayāvan,,
svayukti,,
svayu,,
svaravat,,
svarasaṃsvāravat,,
svaritavat,,
svaritṛ,,
svari,,
svaruci,,
svarūpadhārin,,
svarūpavat,,
svarūpin,,
svarocas,,
svaropaghātin,,
svargagāmin,,
svargajīvin,,
svargamārgadidṛkṣu,,
svargavat,,
svargin,,
svargepsu,,
svarcakṣas,,
svarcanas,,
svarci,,
svarṇarūpin,,
svarṇaretas,,
svarṇetṛ,,
svardhāman,,
svarpati,,
svaryātṛ,,
svaryu,,
svarvat,,
svarhat,,
svalpavayas,,
svalpavittavat,,
svalpasmṛti,,
svalpāyu,,
svalpīyas,,
svavaṃśin,,
svavat,,
svavas,,
svavicchandas,,
svavṛkti,,
svavṛtti,,
svavṛṣṭi,,
svaśvayu,,
svastigavyūti,,
svastimat,,
svasvaruci,,
svahatavāsas,,
svahitaiṣin,,
svākṛti,,
svācāravat,,
svāti,,
svādin,,
svādīyas,,
svādukṣadman,,
svādupākin,,
svādumṛdu,,
svāduyogin,,
svādurāti,,
svāduvivekin,,
svādusvādu,,
svādhyāyavat,,
svādhyāyin,,
svānin,,
svāni,,
svāntavat,,
svāpin,,
svāpimat,,
svāmikāryārthin,,
svāyu,,
svārthabhraṃśin,,
svārthalipsu,,
svārthin,,
svāvasu,,
svāśiṣātman,,
svāśu,,
svinnāṅguli,,
sviṣu,,
sviṣṭi,,
svīkaraṇakarman,,
svīkartṛ,,
svecchāmṛtyu,,
svedayu,,
svedāñji,,
svedin,,
svaitu,,
svairagati,,
svairacārin,,
svairavartin,,
svairavihārin,,
svairavṛtti,,
svairin,,
svojas,,
svaujas,,
haṃsagati,,
haṃsacihnadukūlavat,,
haṃsanādin,,
haṃsavat,,
haṃsāṃśu,,
haṃsin,,
haṭhādeśin,,
haṭhin,,
hatacetas,,
hatapitṛ,,
hatabuddhi,,
hatabhrātṛ,,
hatamati,,
hatamātṛ,,
hatamedhas,,
hatavarcas,,
hatavidhi,,
hatasvasṛ,,
hatainas,,
hataujas,,
hatnu,,
hatru,,
hanīyas,,
hantumanas,,
hayarūpin,,
hayaśiras,,
harasvat,,
harasvin,,
haritanemin,,
haritapāṇḍu,,
haritmat,,
haritvat,,
haridrāmehin,,
haridru,,
haridhāyas,,
hariyoni,,
hariroman,,
hariloman,,
harivat,,
harivarpas,,
hariśmaśāru,,
hariśmaśru,,
harihetimat,,
hari,,
haryat,,
harṣayitnu,,
harṣavat,,
harṣin,,
harṣumat,,
halakin,,
havavat,,
havin,,
havirdhānin,,
havirmathi,,
haviṣpaṅkti,,
haviṣmat,,
haviṣyāśin,,
havyadāti,,
hasat,,
hasitṛ,,
hastagāmin,,
hastabhraṃśin,,
hastavat,,
hastavartin,,
hastāvāpin,,
hastin,,
hastimat,,
hastimehin,,
hastiyaśasihastivarcasin,,
hātavat,,
hāyin,,
hārin,,
hāri,,
hārdavat,,
hārdin,,
hārdivan,,
hārdvan,,
hāvin,,
hāsin,,
hāsyadidṛkṣu,,
hāsyarasavat,,
hiṃsātman,,
hiṃsāruci,,
hiṃsālu,,
hikkāśvāsin,,
hikkin,,
hitakārin,,
hitaprayas,,
hitaprepsu,,
hitabuddhi,,
hitavat,,
hitavādin,,
hitātman,,
hitādhāyin,,
hitānukārin,,
hitānubandhin,,
hitānveṣin,,
hitārthin,,
hitāvat,,
hitaiṣin,,
hitopadeṣṭṛ,,
hitvan,,
hinvidhenāman,,
himakaṇin,,
himanirjharavipruṣmat,,
himavat,,
himeru,,
himelu,,
hiraṇin,,
hiraṇyakaśipu,,
hiraṇyakukṣi,,
hiraṇyakhādi,,
hiraṇyatvacas,,
hiraṇyadat,,
hiraṇyadrāpi,,
hiraṇyanemi,,
hiraṇyapāṇi,,
hiraṇyapeśas,,
hiraṇyabāhu,,
hiraṇyamālin,,
hiraṇyayu,,
hiraṇyayoni,,
hiraṇyaretas,,
hiraṇyavakṣas,,
hiraṇyavat,,
hiraṇyavartani,,
hiraṇyavāśīmat,,
hiraṇyaśmaśru,,
hiraṇyaṣṭhīvin,,
hiraṇyābhīśu,,
hiraṇyin,,
hiriśmaśru,,
hiri,,
hirīmat,,
hīnakarman,,
hīnakratu,,
hīnajāti,,
hīnabuddhi,,
hīnaroman,,
hīnavādin,,
hīnavṛtti,,
hīnasaṃdhi,,
hīnāṃśu,,
hutajātavedas,,
hutāgni,,
hutāśanavat,,
hutāśavṛtti,,
hutāśin,,
hutāhuti,,
hūtavat,,
hūrchitṛ,,
hṛtavāsas,,
hṛtsvas,,
hṛdaṃsani,,
hṛdayagrāhin,,
hṛdayadāhin,,
hṛdayapramāthin,,
hṛdayavat,,
hṛdayavedhin,,
hṛdayasthāyin,,
hṛdayahārin,,
hṛdayālu,,
hṛdayāvin,,
hṛdayitnu,,
hṛdayin,,
hṛdayopakartin,,
hṛdrogin,,
hṛdvaktrāvartin,,
hṛdvartin,,
hṛṣīvat,,
hṛṣu,,
hṛṣṭacetas,,
hṛṣṭatanu,,
hṛṣṭamanas,,
hṛṣṭaroman,,
hetimat,,
hetumat,,
hetṛ,,
hetri,,
hemakānti,,
hemakirīṭamālin,,
hemacūlin,,
hemanābhi,,
hemamarīcimat,,
hemamālin,,
hemayajñopavītavat,,
hemaratnavat,,
hemavat,,
hemaviṣāṇin,,
hemaśṛṅgin,,
hemālaṃkārin,,
hemyāvat,,
helāvat,,
hevākin,,
heṣasvat,,
haimasaugandhikavat,,
hairaṇyavāsas,,
hotṛmat,,
homavat,,
homin,,
hradin,,
hrasīyas,,
hrasvabāhu,,
hrasvamūrti,,
hrādin,,
hrāsānveṣaṇavat,,
hrīku,,
hrītamukhin,,
hrīdhārin,,
hrīmat,,
hreṣin,,
hlādin,,
hlīku,,
hvāyin,,
